Company,Symbol,Listing Date,Interval,Open,High,Low,Close,Volume,date
20 Microns Limited,20MICRONS,"Mon, Oct 06, 2008",daily,212.16,216.45,209.02,212.8,54062,"Tue, Sep 29, 2026"
21st Century Management Services Limited,21STCENMGM,"Wed, May 03, 1995",daily,39.64,39.64,38.85,39.37,2715,"Tue, Sep 29, 2026"
360 ONE WAM LIMITED,360ONE,"Thu, Sep 19, 2019",daily,1040.0,1052.1,1019.4,1029.2,2488489,"Tue, Sep 29, 2026"
3B Blackbio Dx Limited,3BBLACKBIO,"Mon, Apr 20, 2026",daily,1575.1,1635.0,1532.9,1622.7,31539,"Tue, Sep 29, 2026"
3M India Limited,3MINDIA,"Fri, Aug 13, 2004",daily,33200.0,33400.0,31600.0,31890.0,29335,"Tue, Sep 29, 2026"
3P Land Holdings Limited,3PLAND,"Wed, Jul 19, 1995",daily,32.48,32.48,30.05,31.87,294,"Tue, Sep 29, 2026"
5Paisa Capital Limited,5PAISA,"Thu, Nov 16, 2017",daily,303.05,307.45,301.0,304.9,13569,"Tue, Sep 29, 2026"
63 moons technologies limited,63MOONS,"Mon, Jun 20, 2005",daily,818.8,827.4,803.95,810.8,195169,"Tue, Sep 29, 2026"
A2Z Infra Engineering Limited,A2ZINFRA,"Thu, Dec 23, 2010",daily,14.29,14.66,14.29,14.51,150724,"Tue, Sep 29, 2026"
AAA Technologies Limited,AAATECH,"Mon, Nov 28, 2022",daily,99.4,100.7,97.06,99.94,304150,"Tue, Sep 29, 2026"
Aadhar Housing Finance Limited,AADHARHFC,"Wed, May 15, 2024",daily,435.1,443.95,427.3,432.5,376339,"Tue, Sep 29, 2026"
Aakash Exploration Services Limited,AAKASH,"Tue, Sep 29, 2020",daily,8.62,8.99,8.51,8.59,56400,"Tue, Sep 29, 2026"
Aarey Drugs & Pharmaceuticals Limited,AAREYDRUGS,"Fri, Aug 06, 2021",daily,99.53,101.69,97.24,99.92,131399,"Tue, Sep 29, 2026"
Aaron Industries Limited,AARON,"Fri, Nov 06, 2020",daily,122.0,124.0,119.15,122.01,6277,"Tue, Sep 29, 2026"
Aarti Drugs Limited,AARTIDRUGS,"Fri, Sep 19, 2003",daily,427.5,444.0,422.05,428.6,570194,"Tue, Sep 29, 2026"
Aarti Industries Limited,AARTIIND,"Wed, Feb 08, 1995",daily,475.0,482.9,468.0,469.9,392844,"Tue, Sep 29, 2026"
Aarti Pharmalabs Limited,AARTIPHARM,"Mon, Jan 30, 2023",daily,912.0,985.05,906.2,972.8,812673,"Tue, Sep 29, 2026"
Aarvi Encon Limited,AARVI,"Wed, Jun 24, 2020",daily,135.0,138.0,135.0,136.21,8359,"Tue, Sep 29, 2026"
Aastha Spintex Limited,AASTHA,"Mon, Jul 06, 2026",daily,38.71,38.71,36.61,37.53,689221,"Tue, Sep 29, 2026"
Aavas Financiers Limited,AAVAS,"Mon, Oct 08, 2018",daily,1277.1,1282.4,1233.6,1248.4,63420,"Tue, Sep 29, 2026"
Abans Enterprises Limited,ABANSENT,"Mon, Apr 20, 2026",daily,27.3,27.3,26.13,26.87,4321,"Tue, Sep 29, 2026"
ABB India Limited,ABB,"Wed, Feb 08, 1995",daily,6950.0,6953.0,6660.5,6660.5,213768,"Tue, Sep 29, 2026"
Abbott India Limited,ABBOTINDIA,"Fri, Jan 08, 2010",daily,26735.0,27850.0,26650.0,27270.0,20582,"Tue, Sep 29, 2026"
Aditya Birla Capital Limited,ABCAPITAL,"Fri, Sep 01, 2017",daily,381.0,383.0,376.05,378.0,4503197,"Tue, Sep 29, 2026"
A B Cotspin India Limited,ABCOTS,"Wed, Sep 24, 2025",daily,203.9,203.9,190.4,198.84,13070,"Tue, Sep 29, 2026"
Allied Blenders and Distillers Limited,ABDL,"Tue, Jul 02, 2024",daily,719.85,726.9,706.4,716.5,510230,"Tue, Sep 29, 2026"
Aditya Birla Fashion and Retail Limited,ABFRL,"Wed, Jul 17, 2013",daily,47.59,47.72,46.0,46.24,12856547,"Tue, Sep 29, 2026"
BIRLASLAMC - ABGSEC,ABGSEC,,daily,112.91,113.36,112.91,112.92,59,"Tue, Sep 29, 2026"
Aditya Birla Lifestyle Brands Limited,ABLBL,"Mon, Jun 23, 2025",daily,77.13,84.43,75.06,76.98,32556815,"Tue, Sep 29, 2026"
ABM Knowledgeware Limited,ABMKNO,"Mon, Apr 20, 2026",daily,170.0,174.95,165.13,168.59,361,"Tue, Sep 29, 2026"
Aditya Birla Real Estate Limited,ABREL,"Fri, Jun 27, 2003",daily,1192.1,1194.7,1155.6,1160.6,170053,"Tue, Sep 29, 2026"
BIRLASLAMC - ABSL10BANK,ABSL10BANK,,daily,157.3,165.0,154.62,160.58,25520,"Tue, Sep 29, 2026"
Aditya Birla Sun Life AMC Limited,ABSLAMC,"Mon, Oct 11, 2021",daily,984.0,999.9,950.3,955.9,167070,"Tue, Sep 29, 2026"
BIRLASLAMC - ABSLBANETF,ABSLBANETF,,daily,54.58,56.58,54.58,55.83,170695,"Tue, Sep 29, 2026"
BIRLASLAMC - ABSLLIQUID,ABSLLIQUID,,daily,999.99,1000.01,999.99,999.99,1096,"Tue, Sep 29, 2026"
BIRLASLAMC - ABSLMSCIN,ABSLMSCIN,,daily,28.01,28.37,27.93,28.21,60,"Tue, Sep 29, 2026"
BIRLASLAMC - ABSLNN50ET,ABSLNN50ET,,daily,74.47,75.53,72.83,74.11,30606,"Tue, Sep 29, 2026"
BIRLASLAMC-ABSLPSE,ABSLPSE,,daily,10.01,10.01,9.69,9.82,113339,"Tue, Sep 29, 2026"
ACC Limited,ACC,"Wed, Nov 20, 1996",daily,1215.5,1224.5,1188.1,1202.6,731645,"Tue, Sep 29, 2026"
Accelya Solutions India Limited,ACCELYA,"Wed, Dec 01, 1999",daily,1099.0,1108.7,1085.0,1095.4,9213,"Tue, Sep 29, 2026"
Action Construction Equipment Limited,ACE,"Tue, Sep 26, 2006",daily,1205.0,1229.7,1199.0,1205.8,232653,"Tue, Sep 29, 2026"
Ace Integrated Solutions Limited,ACEINTEG,"Fri, Nov 04, 2022",daily,16.7,16.95,16.1,16.4,3269,"Tue, Sep 29, 2026"
Automobile Corporation of Goa Limited,ACGL,"Mon, Aug 17, 2026",daily,1684.0,1696.9,1619.9,1633.5,2291,"Tue, Sep 29, 2026"
Archean Chemical Industries Limited,ACI,"Mon, Nov 21, 2022",daily,484.45,497.2,480.0,490.6,529773,"Tue, Sep 29, 2026"
Andhra Cements Limited,ACL,"Wed, May 10, 2023",daily,40.78,40.78,38.4,39.56,25165,"Tue, Sep 29, 2026"
Acme Solar Holdings Limited,ACMESOLAR,"Wed, Nov 13, 2024",daily,438.95,440.8,427.9,437.95,1067318,"Tue, Sep 29, 2026"
Acutaas Chemicals Limited,ACUTAAS,"Tue, Sep 14, 2021",daily,3290.0,3340.0,3202.1,3304.1,999485,"Tue, Sep 29, 2026"
Adani Energy Solutions Limited,ADANIENSOL,"Fri, Jul 31, 2015",daily,1287.8,1328.0,1275.2,1305.8,2592098,"Tue, Sep 29, 2026"
Adani Enterprises Limited,ADANIENT,"Wed, Jun 04, 1997",daily,2834.6,2972.9,2793.7,2972.9,4062231,"Tue, Sep 29, 2026"
Adani Green Energy Limited,ADANIGREEN,"Mon, Jun 18, 2018",daily,1235.0,1260.0,1223.6,1260.0,1615165,"Tue, Sep 29, 2026"
Adani Ports and Special Economic Zone Limited,ADANIPORTS,"Tue, Nov 27, 2007",daily,1755.2,1822.0,1738.4,1822.0,4214197,"Tue, Sep 29, 2026"
Adani Power Limited,ADANIPOWER,"Thu, Aug 20, 2009",daily,196.3,199.84,192.45,196.3,33801685,"Tue, Sep 29, 2026"
Addi Industries Limited,ADDIND,"Mon, Aug 17, 2026",daily,80.0,82.0,76.99,78.4,2807,"Tue, Sep 29, 2026"
ADF Foods Limited,ADFFOODS,"Wed, Sep 15, 2010",daily,265.0,270.25,261.5,268.3,67714,"Tue, Sep 29, 2026"
Archidply Decor Limited,ADL,"Thu, Oct 01, 2020",daily,77.0,77.0,68.4,70.0,52,"Tue, Sep 29, 2026"
Ador Welding Limited,ADOR,"Wed, May 10, 1995",daily,1620.3,1631.0,1592.2,1612.0,30103,"Tue, Sep 29, 2026"
Adroit Infotech Limited,ADROITINFO,"Wed, Aug 13, 1997",daily,13.98,14.97,13.25,14.23,767644,"Tue, Sep 29, 2026"
Allied Digital Services Limited,ADSL,"Wed, Jul 25, 2007",daily,114.0,114.3,108.27,109.99,594717,"Tue, Sep 29, 2026"
Advait Energy Transitions Limited,ADVAIT,"Tue, Jan 20, 2026",daily,1862.0,1911.0,1838.0,1903.6,40598,"Tue, Sep 29, 2026"
Advance Agrolife Limited,ADVANCE,"Wed, Oct 08, 2025",daily,123.77,123.78,119.51,120.19,115011,"Tue, Sep 29, 2026"
Advani Hotels & Resorts (India) Limited,ADVANIHOTR,"Mon, Jun 25, 2007",daily,48.79,48.79,47.01,47.4,24199,"Tue, Sep 29, 2026"
Advent Hotels International Limited,ADVENTHTL,"Thu, Nov 13, 2025",daily,124.5,127.39,121.0,124.7,135289,"Tue, Sep 29, 2026"
Advanced Enzyme Technologies Limited,ADVENZYMES,"Mon, Aug 01, 2016",daily,285.05,286.95,279.75,282.15,204966,"Tue, Sep 29, 2026"
Advik Capital Limited,ADVIKCA,"Mon, Aug 17, 2026",daily,0.96,0.99,0.96,0.97,226781,"Tue, Sep 29, 2026"
Aegis Logistics Limited,AEGISLOG,"Wed, Apr 03, 1996",daily,1308.1,1342.5,1279.8,1299.8,563303,"Tue, Sep 29, 2026"
Aegis Vopak Terminals Limited,AEGISVOPAK,"Mon, Jun 02, 2025",daily,298.0,298.0,288.1,294.25,869693,"Tue, Sep 29, 2026"
Artemis Electricals and Projects Limited,AEPL,"Thu, Mar 12, 2026",daily,15.3,15.49,14.4,14.72,13148,"Tue, Sep 29, 2026"
Aequs Limited,AEQUS,"Wed, Dec 10, 2025",daily,260.0,273.0,249.03,271.63,11417115,"Tue, Sep 29, 2026"
Aeroflex Enterprises Limited,AEROENTER,"Mon, Nov 21, 2022",daily,121.7,126.0,118.81,124.7,382082,"Tue, Sep 29, 2026"
Aeroflex Industries Limited,AEROFLEX,"Thu, Aug 31, 2023",daily,511.3,543.65,508.1,539.6,1421036,"Tue, Sep 29, 2026"
Aeroflex Neu Limited,AERONEU,"Thu, Jan 12, 2023",daily,75.0,75.0,72.21,72.98,31159,"Tue, Sep 29, 2026"
Amir Chand Jagdish Kumar (Exports) Limited,AEROPLANE,"Thu, Apr 02, 2026",daily,200.05,204.78,195.32,202.08,702329,"Tue, Sep 29, 2026"
Aether Industries Limited,AETHER,"Fri, Jun 03, 2022",daily,1746.9,1773.7,1707.0,1749.9,521059,"Tue, Sep 29, 2026"
Afcons Infrastructure Limited,AFCONS,"Mon, Nov 04, 2024",daily,253.0,253.05,244.9,245.1,562757,"Tue, Sep 29, 2026"
Affle 3i Limited,AFFLE,"Thu, Aug 08, 2019",daily,1542.2,1548.4,1494.5,1501.0,193607,"Tue, Sep 29, 2026"
Affordable Robotic & Automation Limited,AFFORDABLE,"Wed, Oct 23, 2024",daily,165.12,175.4,165.12,173.52,15470,"Tue, Sep 29, 2026"
Akme Fintrade (India) Limited,AFIL,"Wed, Jun 26, 2024",daily,7.91,8.1,7.49,7.85,1137489,"Tue, Sep 29, 2026"
Abans Financial Services Limited,AFSL,"Fri, Dec 23, 2022",daily,201.0,202.5,201.0,201.04,4509,"Tue, Sep 29, 2026"
Agarwal Industrial Corporation Limited,AGARIND,"Mon, May 26, 2014",daily,398.35,400.0,389.1,391.2,24191,"Tue, Sep 29, 2026"
Dr. Agarwal's Health Care Limited,AGARWALEYE,"Tue, Feb 04, 2025",daily,501.95,501.95,488.25,495.25,606157,"Tue, Sep 29, 2026"
AGI Greenpac Limited,AGI,"Wed, May 31, 2000",daily,804.8,808.4,781.1,792.9,100537,"Tue, Sep 29, 2026"
Agi Infra Limited,AGIIL,"Mon, Jul 15, 2024",daily,277.55,279.9,263.35,264.85,706302,"Tue, Sep 29, 2026"
Allcargo Global Limited,AGL,"Fri, Jul 03, 2026",daily,13.19,13.35,12.8,13.19,1032031,"Tue, Sep 29, 2026"
Agri-Tech (India) Limited,AGRITECH,"Tue, Jan 28, 2014",daily,95.0,95.4,92.5,93.19,2513,"Tue, Sep 29, 2026"
Agro Phos India Limited,AGROPHOS,"Fri, Mar 08, 2019",daily,23.51,24.04,23.47,23.96,4890,"Tue, Sep 29, 2026"
Anlon Healthcare Limited,AHCL,"Wed, Sep 03, 2025",daily,36.39,36.39,35.5,36.39,9537815,"Tue, Sep 29, 2026"
Ahlada Engineers Limited,AHLADA,"Thu, Jan 28, 2021",daily,38.57,38.57,37.06,37.15,7808,"Tue, Sep 29, 2026"
Asian Hotels (East) Limited,AHLEAST,"Wed, Aug 11, 2010",daily,134.4,137.39,134.25,134.54,251,"Tue, Sep 29, 2026"
Ahluwalia Contracts (India) Limited,AHLUCONT,"Mon, Dec 14, 2009",daily,568.05,572.1,544.1,551.55,238960,"Tue, Sep 29, 2026"
AIA Engineering Limited,AIAENG,"Wed, Dec 14, 2005",daily,3850.0,3859.5,3805.0,3835.7,36731,"Tue, Sep 29, 2026"
Authum Investment & Infrastructure Limited,AIIL,"Tue, Apr 23, 2024",daily,548.25,556.0,536.9,541.8,167804,"Tue, Sep 29, 2026"
Airan Limited,AIRAN,"Fri, May 03, 2019",daily,16.88,16.88,16.0,16.4,52427,"Tue, Sep 29, 2026"
Airo Lam limited,AIROLAM,"Wed, Oct 13, 2021",daily,90.25,91.0,88.79,89.06,165,"Tue, Sep 29, 2026"
Ajanta Pharma Limited,AJANTPHARM,"Mon, May 29, 2000",daily,3524.9,3589.0,3500.0,3557.5,85009,"Tue, Sep 29, 2026"
Ajax Engineering Limited,AJAXENGG,"Mon, Feb 17, 2025",daily,600.0,602.5,578.95,591.65,88197,"Tue, Sep 29, 2026"
Ajmera Realty & Infra India Limited,AJMERA,"Tue, Jun 16, 2009",daily,118.74,121.0,114.61,120.16,237553,"Tue, Sep 29, 2026"
Ajooni Biotech Limited,AJOONI,"Fri, May 07, 2021",daily,3.16,3.16,3.11,3.14,112283,"Tue, Sep 29, 2026"
Akash Infra-Projects Limited,AKASH,"Fri, Oct 11, 2019",daily,24.55,25.5,24.5,25.32,5273,"Tue, Sep 29, 2026"
AK Capital Services Limited,AKCAPIT,"Mon, Apr 20, 2026",daily,1746.5,1772.0,1706.0,1728.1,728,"Tue, Sep 29, 2026"
Akg Exim Limited,AKG,"Tue, Feb 16, 2021",daily,9.8,9.84,9.65,9.8,3597,"Tue, Sep 29, 2026"
Akshar Spintex Limited,AKSHAR,"Mon, May 23, 2022",daily,0.42,0.42,0.39,0.41,2658117,"Tue, Sep 29, 2026"
Akums Drugs and Pharmaceuticals Limited,AKUMS,"Tue, Aug 06, 2024",daily,800.0,828.0,800.0,819.55,179399,"Tue, Sep 29, 2026"
Alankit Limited,ALANKIT,"Tue, Jun 30, 2015",daily,7.72,7.79,7.5,7.56,101890,"Tue, Sep 29, 2026"
Albert David Limited,ALBERTDAVD,"Tue, Jun 14, 2016",daily,864.3,898.0,842.05,876.35,13163,"Tue, Sep 29, 2026"
Alembic Limited,ALEMBICLTD,"Wed, Sep 22, 1999",daily,106.95,112.0,105.34,108.44,1919395,"Tue, Sep 29, 2026"
Alfred Herbert India Limited,ALFREDHE,"Mon, Aug 17, 2026",daily,2710.0,2823.0,2710.0,2823.0,9,"Tue, Sep 29, 2026"
Algoquant Fintech Limited,ALGOQUANT,"Tue, Jan 06, 2026",daily,69.4,69.4,64.79,65.64,2269037,"Tue, Sep 29, 2026"
Alicon Castalloy Limited,ALICON,"Fri, Sep 29, 2006",daily,714.0,740.0,702.05,724.85,64416,"Tue, Sep 29, 2026"
Alivus Life Sciences Limited,ALIVUS,"Fri, Aug 06, 2021",daily,1337.0,1370.0,1328.6,1356.8,245623,"Tue, Sep 29, 2026"
Alkem Laboratories Limited,ALKEM,"Wed, Dec 23, 2015",daily,5166.5,5306.5,5152.0,5250.0,244410,"Tue, Sep 29, 2026"
Alkyl Amines Chemicals Limited,ALKYLAMINE,"Mon, Nov 26, 2007",daily,1799.8,1826.0,1771.2,1781.3,29151,"Tue, Sep 29, 2026"
Allcargo Logistics Limited,ALLCARGO,"Fri, Jun 23, 2006",daily,10.77,10.77,10.5,10.53,5539499,"Tue, Sep 29, 2026"
Alldigi Tech Limited,ALLDIGI,"Mon, May 09, 2005",daily,778.95,785.55,771.0,775.8,5852,"Tue, Sep 29, 2026"
All Time Plastics Limited,ALLTIME,"Thu, Aug 14, 2025",daily,199.5,199.5,192.45,193.18,95447,"Tue, Sep 29, 2026"
Alok Industries Limited,ALOKINDS,"Wed, Feb 19, 2020",daily,7.24,7.25,7.02,7.06,22686291,"Tue, Sep 29, 2026"
Alpa Laboratories Limited,ALPA,"Mon, Aug 06, 2007",daily,59.49,59.85,58.3,59.76,5289,"Tue, Sep 29, 2026"
KOTAKMAMC - KOTAKALPHA,ALPHA,,daily,51.44,52.45,50.81,52.26,1808022,"Tue, Sep 29, 2026"
MIRAEAMC - ALPHAETF,ALPHAETF,,daily,26.06,26.06,25.17,25.4,614197,"Tue, Sep 29, 2026"
Alpine Texworld Limited,ALPINETEX,"Tue, Jul 21, 2026",daily,48.36,50.95,47.22,48.95,170617,"Tue, Sep 29, 2026"
ICICIPRAMC - ICICIALPLV,ALPL30IETF,,daily,26.54,26.7,26.37,26.49,135459,"Tue, Sep 29, 2026"
Alufluoride Limited,ALUFLUOR,"Mon, Aug 17, 2026",daily,609.95,649.0,580.0,632.55,57672,"Tue, Sep 29, 2026"
Amagi Media Labs Limited,AMAGI,"Wed, Jan 21, 2026",daily,561.0,573.95,553.05,563.85,538606,"Tue, Sep 29, 2026"
Amal Limited,AMAL,"Mon, Aug 17, 2026",daily,659.8,690.0,654.05,682.1,5117,"Tue, Sep 29, 2026"
Amarjothi Spinning Mills Limited,AMARJOTHI,"Mon, Aug 17, 2026",daily,150.7,152.45,147.05,152.0,456,"Tue, Sep 29, 2026"
Amber Enterprises India Limited,AMBER,"Tue, Jan 30, 2018",daily,6915.5,7001.0,6606.5,6606.5,286219,"Tue, Sep 29, 2026"
Ambica Agarbathies & Aroma industries Limited,AMBICAAGAR,"Tue, Jun 29, 2004",daily,24.88,24.88,24.11,24.37,3594,"Tue, Sep 29, 2026"
Ambika Cotton Mills Limited,AMBIKCO,"Tue, Jan 29, 2008",daily,1568.0,1582.0,1525.0,1527.1,9578,"Tue, Sep 29, 2026"
Ambuja Cements Limited,AMBUJACEM,"Wed, Feb 18, 1998",daily,373.5,373.6,365.75,365.75,1769537,"Tue, Sep 29, 2026"
Amj Land Holdings Limited,AMJLAND,"Wed, Feb 08, 1995",daily,37.5,38.87,37.5,38.04,16749,"Tue, Sep 29, 2026"
Amines & Plasticizers Limited,AMNPLST,"Fri, Nov 10, 2023",daily,169.0,171.8,162.0,170.18,107852,"Tue, Sep 29, 2026"
Amrutanjan Health Care Limited,AMRUTANJAN,"Fri, Jan 02, 2015",daily,505.05,508.0,499.15,505.25,17570,"Tue, Sep 29, 2026"
Anand Rathi Wealth Limited,ANANDRATHI,"Tue, Dec 14, 2021",daily,2150.0,2168.9,2077.3,2100.6,1341769,"Tue, Sep 29, 2026"
Anant Raj Limited,ANANTRAJ,"Wed, Sep 27, 2006",daily,605.0,613.6,599.0,602.3,1194043,"Tue, Sep 29, 2026"
ANDHRA PAPER LIMITED,ANDHRAPAP,"Thu, May 13, 2004",daily,72.98,72.98,71.01,72.32,212077,"Tue, Sep 29, 2026"
The Andhra Sugars Limited,ANDHRSUGAR,"Wed, Nov 01, 1995",daily,95.13,96.83,92.7,94.4,214302,"Tue, Sep 29, 2026"
Andrew Yule & Company Limited,ANDREWYU,"Mon, Aug 17, 2026",daily,25.82,26.49,25.05,25.84,87815,"Tue, Sep 29, 2026"
Angel One Limited,ANGELONE,"Mon, Oct 05, 2020",daily,279.2,280.0,273.5,273.5,4376351,"Tue, Sep 29, 2026"
Anik Industries Limited,ANIKINDS,"Wed, May 21, 2008",daily,44.55,44.55,42.16,43.98,4840,"Tue, Sep 29, 2026"
Annapurna Swadisht Limited,ANNAPURNA,"Wed, Aug 12, 2026",daily,127.66,129.59,126.31,127.22,15493,"Tue, Sep 29, 2026"
Annu Projects Limited,ANNU,"Wed, Sep 02, 2026",daily,47.86,49.0,46.73,47.84,394589,"Tue, Sep 29, 2026"
Ansal Buildwell Limited,ANSALBU,"Mon, Aug 17, 2026",daily,88.57,92.0,78.65,85.96,4740,"Tue, Sep 29, 2026"
Antelopus Selan Energy Limited,ANTELOPUS,"Tue, Sep 26, 2006",daily,1165.0,1234.9,1112.05,1162.5,1431803,"Tue, Sep 29, 2026"
Antarctica Limited,ANTGRAPHIC,"Wed, Dec 31, 1997",daily,0.72,0.72,0.69,0.7,151675,"Tue, Sep 29, 2026"
Anthem Biosciences Limited,ANTHEM,"Mon, Jul 21, 2025",daily,855.0,880.0,852.05,869.75,689600,"Tue, Sep 29, 2026"
Anuh Pharma Limited,ANUHPHR,"Fri, Dec 20, 2024",daily,89.0,91.35,87.9,89.68,106661,"Tue, Sep 29, 2026"
The Anup Engineering Limited,ANUP,"Fri, Mar 01, 2019",daily,1635.0,1644.8,1580.0,1591.2,74671,"Tue, Sep 29, 2026"
Anupam Rasayan India Limited,ANURAS,"Wed, Mar 24, 2021",daily,1187.2,1196.5,1165.0,1177.8,192300,"Tue, Sep 29, 2026"
AONEAMC - AONEGOLD,AONEGOLD,,daily,13.74,13.77,13.57,13.62,257103,"Tue, Sep 29, 2026"
AONEAMC - AONELIQUID,AONELIQUID,,daily,1078.86,1078.88,1078.86,1078.86,16578,"Tue, Sep 29, 2026"
AONEAMC - AONENIFTY,AONENIFTY,,daily,9.61,9.65,9.36,9.42,158764,"Tue, Sep 29, 2026"
AONEAMC - AONESILVER,AONESILVER,,daily,8.44,8.55,8.37,8.4,602587,"Tue, Sep 29, 2026"
AONEAMC - AONETMMQ50,AONETMMQ50,,daily,9.91,10.0,9.8,9.95,95276,"Tue, Sep 29, 2026"
AONEAMC - AONETOTAL,AONETOTAL,,daily,11.64,11.64,11.26,11.37,143752,"Tue, Sep 29, 2026"
Apar Industries Limited,APARINDS,"Mon, Jul 12, 2004",daily,17337.0,18062.0,17150.0,17803.0,199491,"Tue, Sep 29, 2026"
Anjani Portland Cement Limited,APCL,"Mon, Apr 10, 2017",daily,95.1,97.0,93.0,94.92,4184,"Tue, Sep 29, 2026"
Apcotex Industries Limited,APCOTEXIND,"Wed, Sep 06, 1995",daily,589.95,603.6,580.0,595.45,58105,"Tue, Sep 29, 2026"
Apex Frozen Foods Limited,APEX,"Mon, Sep 04, 2017",daily,338.65,348.4,334.5,343.1,112135,"Tue, Sep 29, 2026"
APL Apollo Tubes Limited,APLAPOLLO,"Wed, Dec 14, 2011",daily,2191.9,2217.8,2172.1,2188.6,639577,"Tue, Sep 29, 2026"
Alembic Pharmaceuticals Limited,APLLTD,"Tue, Sep 20, 2011",daily,853.9,868.0,837.5,861.5,457488,"Tue, Sep 29, 2026"
Apollo Micro Systems Limited,APOLLO,"Mon, Jan 22, 2018",daily,411.7,411.7,399.1,402.6,5919584,"Tue, Sep 29, 2026"
Apollo Hospitals Enterprise Limited,APOLLOHOSP,"Wed, Jan 10, 1996",daily,8885.0,8906.0,8657.5,8659.0,609210,"Tue, Sep 29, 2026"
Apollo Pipes Limited,APOLLOPIPE,"Mon, Nov 11, 2019",daily,521.2,530.0,511.1,513.7,305274,"Tue, Sep 29, 2026"
Apollo Tyres Limited,APOLLOTYRE,"Wed, May 31, 1995",daily,390.75,429.0,386.3,406.75,5125753,"Tue, Sep 29, 2026"
Apollo Sindoori Hotels Limited,APOLSINHOT,"Wed, Jan 28, 2015",daily,1185.0,1199.9,1160.4,1166.2,595,"Tue, Sep 29, 2026"
Apoorva Leasing Finance and Investment Company Limited,APOORVA,"Mon, Aug 17, 2026",daily,31.82,33.14,31.82,33.0,299,"Tue, Sep 29, 2026"
Aptech Limited,APTECHT,"Fri, Sep 27, 2002",daily,91.5,91.5,86.99,88.61,90136,"Tue, Sep 29, 2026"
Aptus Value Housing Finance India Limited,APTUS,"Tue, Aug 24, 2021",daily,238.1,238.54,231.33,233.34,4037956,"Tue, Sep 29, 2026"
Aqylon Nexus Limited,AQYLON,"Mon, Apr 01, 2024",daily,18.34,18.34,17.1,17.11,715504,"Tue, Sep 29, 2026"
Archidply Industries Limited,ARCHIDPLY,"Fri, Jul 04, 2008",daily,107.69,107.69,101.07,101.98,10384,"Tue, Sep 29, 2026"
Archies Limited,ARCHIES,"Wed, Sep 02, 1998",daily,12.85,12.85,12.34,12.43,10512,"Tue, Sep 29, 2026"
Asset Reconstruction Company (India) Limited,ARCIL,"Thu, Sep 17, 2026",daily,142.71,147.98,141.1,142.51,3558859,"Tue, Sep 29, 2026"
ARCL Organics Limited,ARCL,"Mon, Aug 17, 2026",daily,240.25,241.89,231.5,233.0,4370,"Tue, Sep 29, 2026"
Ardee Industries Limited,ARDEE,"Wed, Aug 12, 2026",daily,51.99,52.0,50.01,51.17,2231592,"Tue, Sep 29, 2026"
Amara Raja Energy & Mobility Limited,ARE&M,"Fri, Sep 05, 2003",daily,775.0,778.95,764.0,766.3,325892,"Tue, Sep 29, 2026"
Rajdarshan Industries Limited,ARENTERP,"Wed, Oct 18, 1995",daily,32.84,33.49,31.12,32.95,608,"Tue, Sep 29, 2026"
Arfin India Limited,ARFIN,"Tue, Jul 22, 2025",daily,88.29,90.48,87.35,88.16,1365354,"Tue, Sep 29, 2026"
Arihant Foundations & Housing Limited,ARIHANT,"Mon, Apr 20, 2026",daily,913.95,914.05,870.0,888.9,1106,"Tue, Sep 29, 2026"
Arihant Capital Markets Limited,ARIHANTCAP,"Tue, Jun 15, 2021",daily,89.81,91.62,87.2,90.58,296536,"Tue, Sep 29, 2026"
Arihant Superstructures Limited,ARIHANTSUP,"Tue, Mar 28, 2017",daily,236.0,236.0,228.25,230.25,1353,"Tue, Sep 29, 2026"
Arisinfra Solutions Limited,ARIS,"Wed, Jun 25, 2025",daily,132.02,138.0,129.33,135.0,1264189,"Tue, Sep 29, 2026"
Arkade Developers Limited,ARKADE,"Tue, Sep 24, 2024",daily,124.07,124.51,120.12,121.92,134893,"Tue, Sep 29, 2026"
Arman Financial Services Limited,ARMANFIN,"Tue, Jun 14, 2016",daily,1708.5,1752.0,1685.0,1711.4,60370,"Tue, Sep 29, 2026"
Aro Granite Industries Limited,AROGRANITE,"Tue, Apr 24, 2007",daily,23.12,24.07,22.8,22.81,1134,"Tue, Sep 29, 2026"
Arrow Greentech Limited,ARROWGREEN,"Thu, May 21, 2015",daily,897.8,899.05,848.9,872.5,46136,"Tue, Sep 29, 2026"
Anand Rathi Share and Stock Brokers Limited,ARSSBL,"Tue, Sep 30, 2025",daily,497.0,506.35,495.0,500.45,122318,"Tue, Sep 29, 2026"
Artemis Medicare Services Limited,ARTEMISMED,"Thu, Jan 23, 2020",daily,364.15,369.6,360.4,366.6,522715,"Tue, Sep 29, 2026"
Art Nirman Limited,ARTNIRMAN,"Mon, Oct 18, 2021",daily,39.0,39.0,36.41,36.52,258,"Tue, Sep 29, 2026"
Arvee Laboratories (India) Limited,ARVEE,"Mon, Mar 22, 2021",daily,244.0,249.0,230.0,232.85,27843,"Tue, Sep 29, 2026"
Arvind Limited,ARVIND,"Wed, Feb 08, 1995",daily,545.05,552.1,540.15,545.45,291616,"Tue, Sep 29, 2026"
Arvind Fashions Limited,ARVINDFASN,"Fri, Mar 08, 2019",daily,411.0,413.5,390.55,410.15,413765,"Tue, Sep 29, 2026"
Arvind SmartSpaces Limited,ARVSMART,"Wed, Aug 26, 2015",daily,612.95,621.9,606.2,609.7,78068,"Tue, Sep 29, 2026"
Aryaman Financial Services Limited,ARYAMAN,"Mon, Aug 17, 2026",daily,625.0,631.6,610.0,620.0,529,"Tue, Sep 29, 2026"
Asahi India Glass Limited,ASAHIINDIA,"Wed, Mar 18, 1998",daily,934.0,980.0,923.0,957.95,286875,"Tue, Sep 29, 2026"
Automotive Stampings and Assemblies Limited,ASAL,"Tue, Mar 12, 2002",daily,429.0,434.45,424.05,428.0,8484,"Tue, Sep 29, 2026"
Associated Alcohols & Breweries Ltd.,ASALCBR,"Wed, Feb 12, 2020",daily,646.0,646.95,628.25,634.6,42132,"Tue, Sep 29, 2026"
Ashapura Minechem Limited,ASHAPURMIN,"Wed, Sep 20, 1995",daily,500.1,524.25,497.5,518.8,439076,"Tue, Sep 29, 2026"
Ashiana Housing Limited,ASHIANA,"Wed, Jun 29, 2011",daily,383.7,403.95,382.6,390.55,42912,"Tue, Sep 29, 2026"
Ashima Limited,ASHIMASYN,"Thu, Jul 27, 1995",daily,15.85,16.2,15.81,16.08,42495,"Tue, Sep 29, 2026"
Ashoka Buildcon Limited,ASHOKA,"Thu, Oct 14, 2010",daily,109.2,109.83,107.25,108.53,595433,"Tue, Sep 29, 2026"
Ashoka Metcast Limited,ASHOKAMET,"Tue, Jun 27, 2023",daily,15.98,16.1,15.0,15.15,31273,"Tue, Sep 29, 2026"
Ashok Leyland Limited,ASHOKLEY,"Thu, May 25, 1995",daily,155.5,155.5,152.48,153.44,14351744,"Tue, Sep 29, 2026"
Asian Energy Services Limited,ASIANENE,"Thu, Dec 09, 2021",daily,476.25,484.5,459.8,478.25,249852,"Tue, Sep 29, 2026"
Asian Hotels (North) Limited,ASIANHOTNR,"Wed, Apr 07, 2010",daily,373.5,373.5,356.0,361.35,8278,"Tue, Sep 29, 2026"
Asian Paints Limited,ASIANPAINT,"Wed, May 31, 1995",daily,2417.5,2425.3,2381.0,2415.0,909789,"Tue, Sep 29, 2026"
Asian Granito India Limited,ASIANTILES,"Thu, Aug 23, 2007",daily,50.0,50.6,49.22,50.1,2959007,"Tue, Sep 29, 2026"
Asian Tea & Exports Limited,ASIANTNE,"Mon, Aug 17, 2026",daily,9.13,9.39,8.76,9.02,9774,"Tue, Sep 29, 2026"
ASK Automotive Limited,ASKAUTOLTD,"Wed, Nov 15, 2023",daily,643.0,646.2,611.0,619.85,710889,"Tue, Sep 29, 2026"
Avio Smart Market Stack Limited,ASMS,"Thu, Feb 09, 2023",daily,6.49,6.49,5.1,6.08,524327,"Tue, Sep 29, 2026"
Aspinwall and Company Limited,ASPINWALL,"Tue, Jun 14, 2016",daily,248.85,251.7,242.25,242.5,554,"Tue, Sep 29, 2026"
Asian Star Company Limited,ASTAR,"Mon, Apr 20, 2026",daily,708.0,708.0,661.4,685.35,171,"Tue, Sep 29, 2026"
Astec LifeSciences Limited,ASTEC,"Wed, Nov 25, 2009",daily,705.0,715.3,686.8,696.25,30244,"Tue, Sep 29, 2026"
Aster DM Quality Care Limited,ASTERDM,"Mon, Feb 26, 2018",daily,745.0,751.95,718.5,733.95,4132919,"Tue, Sep 29, 2026"
Astral Limited,ASTRAL,"Tue, Mar 20, 2007",daily,1370.5,1384.2,1346.5,1375.0,933913,"Tue, Sep 29, 2026"
Astra Microwave Products Limited,ASTRAMICRO,"Mon, Nov 01, 2004",daily,1585.0,1670.0,1577.6,1652.6,651062,"Tue, Sep 29, 2026"
AstraZeneca Pharma India Limited,ASTRAZEN,"Fri, May 04, 2001",daily,6235.0,6355.0,6195.5,6254.5,8506,"Tue, Sep 29, 2026"
Atal Realtech Limited,ATALREAL,"Fri, May 12, 2023",daily,13.4,13.4,11.92,12.03,5203592,"Tue, Sep 29, 2026"
Atam Valves Limited,ATAM,"Wed, May 10, 2023",daily,56.12,57.74,54.45,54.91,15097,"Tue, Sep 29, 2026"
Adani Total Gas Limited,ATGL,"Mon, Nov 05, 2018",daily,598.1,599.4,586.0,588.4,603219,"Tue, Sep 29, 2026"
Ather Energy Limited,ATHERENERG,"Tue, May 06, 2025",daily,1460.2,1460.2,1403.8,1407.0,5655784,"Tue, Sep 29, 2026"
Allcargo Terminals Limited,ATL,"Thu, Aug 10, 2023",daily,24.86,24.94,24.12,24.47,143546,"Tue, Sep 29, 2026"
ATLANTAA LIMITED,ATLANTAA,"Mon, Sep 25, 2006",daily,35.7,39.0,35.15,36.69,336131,"Tue, Sep 29, 2026"
Atlanta Electricals Limited,ATLANTAELE,"Mon, Sep 29, 2025",daily,1605.0,1657.4,1584.2,1634.2,157786,"Tue, Sep 29, 2026"
Atlas Cycles (Haryana) Limited,ATLASCYCLE,"Wed, Oct 23, 1996",daily,93.0,100.0,91.66,94.86,40780,"Tue, Sep 29, 2026"
Atul Limited,ATUL,"Wed, May 06, 1998",daily,5975.0,6086.5,5950.0,5982.5,30980,"Tue, Sep 29, 2026"
Atul Auto Limited,ATULAUTO,"Wed, Jun 26, 2013",daily,438.6,440.7,432.6,438.75,45338,"Tue, Sep 29, 2026"
AU Small Finance Bank Limited,AUBANK,"Mon, Jul 10, 2017",daily,990.0,1005.2,984.5,1005.2,1870471,"Tue, Sep 29, 2026"
Augmont Enterprises Limited,AUGMONT,"Mon, Aug 31, 2026",daily,1022.0,1062.2,1022.0,1062.2,1711349,"Tue, Sep 29, 2026"
Aurionpro Solutions Limited,AURIONPRO,"Tue, Oct 25, 2005",daily,644.25,654.0,632.05,634.2,119838,"Tue, Sep 29, 2026"
Aurobindo Pharma Limited,AUROPHARMA,"Wed, Jul 19, 2000",daily,1697.0,1713.7,1690.7,1697.7,1159038,"Tue, Sep 29, 2026"
Aurum PropTech Limited,AURUM,"Wed, Aug 19, 2015",daily,217.4,222.16,217.08,220.31,64994,"Tue, Sep 29, 2026"
AURUS GEM CORPORATION LIMITED,AURUS,"Tue, Nov 05, 2013",daily,4.62,4.73,4.21,4.57,35099,"Tue, Sep 29, 2026"
Ausom Enterprise Limited,AUSOMENT,"Wed, Apr 17, 1996",daily,142.31,146.75,140.0,143.75,3948,"Tue, Sep 29, 2026"
Austin Engineering Company  Limited,AUSTENG,"Mon, Aug 17, 2026",daily,160.0,160.0,152.01,158.0,6599,"Tue, Sep 29, 2026"
Automotive Axles Limited,AUTOAXLES,"Thu, May 29, 2003",daily,1675.0,1709.0,1665.1,1699.6,8595,"Tue, Sep 29, 2026"
NIPPONAMC - NETFAUTO,AUTOBEES,,daily,276.78,276.78,271.1,272.72,219809,"Tue, Sep 29, 2026"
ICICIPRAMC - ICICIAUTO,AUTOIETF,,daily,28.02,28.11,27.11,27.29,415767,"Tue, Sep 29, 2026"
Autoline Industries Limited,AUTOIND,"Wed, Jan 31, 2007",daily,83.4,83.4,80.6,81.99,82896,"Tue, Sep 29, 2026"
Avadh Sugar & Energy Limited,AVADHSUGAR,"Fri, Jul 28, 2017",daily,805.2,812.0,785.55,793.45,75190,"Tue, Sep 29, 2026"
Avalon Technologies Limited,AVALON,"Tue, Apr 18, 2023",daily,2300.0,2343.0,2240.0,2302.0,210915,"Tue, Sep 29, 2026"
Avance Technologies Limited,AVANCE,"Mon, Aug 17, 2026",daily,0.85,0.87,0.83,0.85,6148649,"Tue, Sep 29, 2026"
Avantel Limited,AVANTEL,"Wed, Jul 31, 2024",daily,151.25,153.0,147.1,149.22,1309329,"Tue, Sep 29, 2026"
Avanti Feeds Limited,AVANTIFEED,"Wed, Apr 15, 2015",daily,740.9,754.6,730.1,747.5,628946,"Tue, Sep 29, 2026"
Aditya Vision Limited,AVL,"Wed, Nov 06, 2024",daily,597.5,597.5,584.0,585.8,91169,"Tue, Sep 29, 2026"
Avonmore Capital & Management Services Limited,AVONMORE,"Wed, Jan 04, 2023",daily,12.66,13.24,12.36,12.99,257037,"Tue, Sep 29, 2026"
AVRO INDIA LIMITED,AVROIND,"Thu, Apr 07, 2022",daily,7.0,7.0,6.83,6.98,72252,"Tue, Sep 29, 2026"
AVT Natural Products Limited,AVTNPL,"Wed, Jan 10, 2007",daily,86.71,93.5,85.0,92.2,555777,"Tue, Sep 29, 2026"
Awfis Space Solutions Limited,AWFIS,"Thu, May 30, 2024",daily,250.4,251.7,244.05,247.1,471717,"Tue, Sep 29, 2026"
Antony Waste Handling Cell Limited,AWHCL,"Fri, Jan 01, 2021",daily,369.0,377.8,361.0,364.35,64886,"Tue, Sep 29, 2026"
AWL Agri Business Limited,AWL,"Tue, Feb 08, 2022",daily,180.66,181.45,172.6,178.75,10388939,"Tue, Sep 29, 2026"
Axis Bank Limited,AXISBANK,"Mon, Nov 16, 1998",daily,1202.0,1212.1,1190.5,1212.1,7260302,"Tue, Sep 29, 2026"
AXISCADES Technologies Limited,AXISCADES,"Thu, Dec 21, 2000",daily,2034.0,2067.4,1970.8,2067.4,793589,"Tue, Sep 29, 2026"
Axita Cotton Limited,AXITA,"Tue, Jun 21, 2022",daily,7.96,7.98,7.79,7.81,1346408,"Tue, Sep 29, 2026"
Axtel Industries Limited,AXTEL,"Mon, Aug 17, 2026",daily,439.75,450.0,427.5,443.65,4989,"Tue, Sep 29, 2026"
Aye Finance Limited,AYE,"Mon, Feb 16, 2026",daily,163.3,163.3,156.72,159.7,931769,"Tue, Sep 29, 2026"
AYM Syntex Limited,AYMSYNTEX,"Fri, Aug 14, 2015",daily,292.0,299.0,276.15,285.95,214490,"Tue, Sep 29, 2026"
Azad Engineering Limited,AZAD,"Thu, Dec 28, 2023",daily,2779.0,2998.0,2751.1,2914.2,5323693,"Tue, Sep 29, 2026"
Azad India Mobility Limited,AZADIND,"Mon, Aug 17, 2026",daily,82.55,85.4,79.0,80.62,122844,"Tue, Sep 29, 2026"
B.A.G Films and Media Limited,BAGFILMS,"Fri, Oct 17, 2003",daily,4.25,4.32,4.0,4.1,100884,"Tue, Sep 29, 2026"
Baid Finserv Limited,BAIDFIN,"Fri, Jan 20, 2023",daily,10.61,11.2,10.39,10.45,77641,"Tue, Sep 29, 2026"
Bajaj Auto Limited,BAJAJ-AUTO,"Mon, May 26, 2008",daily,11016.0,11020.0,10805.0,10811.0,527929,"Tue, Sep 29, 2026"
Bajaj Consumer Care Limited,BAJAJCON,"Wed, Aug 18, 2010",daily,480.05,499.8,474.55,493.0,996143,"Tue, Sep 29, 2026"
Bajaj Electricals Limited,BAJAJELEC,"Fri, Nov 02, 2007",daily,313.15,313.35,304.0,309.85,348608,"Tue, Sep 29, 2026"
Bajaj Finserv Limited,BAJAJFINSV,"Mon, May 26, 2008",daily,1758.8,1758.8,1730.0,1742.4,858895,"Tue, Sep 29, 2026"
Bajaj Healthcare Limited,BAJAJHCARE,"Thu, Nov 25, 2021",daily,336.0,341.1,332.1,335.0,128214,"Tue, Sep 29, 2026"
Bajaj Housing Finance Limited,BAJAJHFL,"Mon, Sep 16, 2024",daily,82.5,82.5,81.06,81.26,2829444,"Tue, Sep 29, 2026"
Bajaj Hindusthan Sugar Limited,BAJAJHIND,"Wed, May 10, 1995",daily,20.32,20.4,19.83,19.98,11722083,"Tue, Sep 29, 2026"
Bajaj Holdings & Investment Limited,BAJAJHLDNG,"Wed, Mar 15, 1995",daily,10730.0,10873.0,10600.0,10600.0,65092,"Tue, Sep 29, 2026"
Indef Manufacturing Limited,BAJAJINDEF,"Fri, Feb 21, 2025",daily,212.06,215.99,209.05,213.11,11971,"Tue, Sep 29, 2026"
Bajaj Steel Industries Limited,BAJAJST,"Mon, Apr 20, 2026",daily,341.0,352.5,339.0,345.1,3869,"Tue, Sep 29, 2026"
Bajel Projects Limited,BAJEL,"Tue, Dec 19, 2023",daily,169.01,171.6,166.62,170.2,153241,"Tue, Sep 29, 2026"
Bajaj Finance Limited,BAJFINANCE,"Tue, Apr 01, 2003",daily,977.5,979.7,961.4,973.8,8612123,"Tue, Sep 29, 2026"
Shree Tirupati Balajee Agro Trading Company Limited,BALAJEE,"Thu, Sep 12, 2024",daily,25.0,25.94,24.51,25.43,24908,"Tue, Sep 29, 2026"
Balaji Telefilms Limited,BALAJITELE,"Wed, Nov 22, 2000",daily,93.92,93.92,90.7,91.74,95613,"Tue, Sep 29, 2026"
Balaji Amines Limited,BALAMINES,"Thu, Apr 05, 2007",daily,2150.0,2207.4,2132.1,2142.1,100677,"Tue, Sep 29, 2026"
BALAXI PHARMACEUTICALS LIMITED,BALAXI,"Mon, Nov 30, 2015",daily,22.39,23.45,22.05,23.02,18116,"Tue, Sep 29, 2026"
Balkrishna Paper Mills Limited,BALKRISHNA,"Tue, Jul 28, 2015",daily,16.11,16.58,15.8,15.87,13114,"Tue, Sep 29, 2026"
Balkrishna Industries Limited,BALKRISIND,"Fri, Jan 27, 2006",daily,2151.3,2162.8,2115.8,2126.2,142506,"Tue, Sep 29, 2026"
Balmer Lawrie & Company Limited,BALMLAWRIE,"Thu, Jul 06, 1995",daily,162.3,162.47,160.11,161.59,73371,"Tue, Sep 29, 2026"
Bal Pharma Limited,BALPHARMA,"Mon, May 08, 2006",daily,105.39,114.63,105.06,112.11,237163,"Tue, Sep 29, 2026"
Balrampur Chini Mills Limited,BALRAMCHIN,"Wed, Feb 08, 1995",daily,680.7,681.5,670.0,672.9,602496,"Tue, Sep 29, 2026"
Balu Forge Industries Limited,BALUFORGE,"Mon, Apr 29, 2024",daily,495.1,508.15,483.5,501.15,687035,"Tue, Sep 29, 2026"
Banaras Beads Limited,BANARBEADS,"Fri, Jul 07, 1995",daily,119.6,119.8,113.1,115.25,3610,"Tue, Sep 29, 2026"
Bannari Amman Sugars Limited,BANARISUG,"Wed, May 28, 2003",daily,3393.6,3393.6,3301.6,3305.0,554,"Tue, Sep 29, 2026"
Banco Products (I) Limited,BANCOINDIA,"Fri, Dec 22, 2006",daily,592.7,599.9,583.3,595.65,64135,"Tue, Sep 29, 2026"
Bandhan Bank Limited,BANDHANBNK,"Tue, Mar 27, 2018",daily,181.2,185.31,179.3,185.31,9533177,"Tue, Sep 29, 2026"
Bang Overseas Limited,BANG,"Wed, Feb 20, 2008",daily,32.4,32.68,31.42,31.68,11450,"Tue, Sep 29, 2026"
DSPAMC - BANK10ADD,BANK10ADD,,daily,16.17,16.17,15.83,16.11,234324,"Tue, Sep 29, 2026"
BFAM - BANK10BETF,BANK10BETF,,daily,20.3,20.3,19.37,19.45,17628,"Tue, Sep 29, 2026"
Banka BioLoo Limited,BANKA,"Thu, Oct 29, 2020",daily,72.0,72.4,70.5,70.52,3034,"Tue, Sep 29, 2026"
DSPAMC - DSPBANK,BANKADD,,daily,55.73,56.02,55.1,55.89,22998,"Tue, Sep 29, 2026"
Bank of Baroda,BANKBARODA,"Wed, Feb 19, 1997",daily,227.5,230.57,223.82,227.68,7198395,"Tue, Sep 29, 2026"
NIP IND ETF BANK BEES,BANKBEES,,daily,568.15,568.15,558.31,564.42,800119,"Tue, Sep 29, 2026"
UTIAMC-BANKBETA,BANKBETA,,daily,56.6,56.75,55.1,56.25,499548,"Tue, Sep 29, 2026"
BFAM - BANKBETF,BANKBETF,,daily,55.6,55.64,54.73,55.43,53243,"Tue, Sep 29, 2026"
MIRAEAMC - BANKETF,BANKETF,,daily,554.39,554.84,548.7,553.83,95277,"Tue, Sep 29, 2026"
ICICIPRAMC - IPRU5008,BANKIETF,,daily,56.0,56.11,55.33,55.97,1206875,"Tue, Sep 29, 2026"
Bank of India,BANKINDIA,"Wed, Apr 30, 1997",daily,130.0,131.83,128.55,130.11,9187360,"Tue, Sep 29, 2026"
KOTAKMAMC-KOTAKBKETF,BANKNIFTY1,,daily,54.98,57.28,54.98,56.5,2595241,"Tue, Sep 29, 2026"
MIRAEAMC - BANKPSU,BANKPSU,,daily,81.1,81.11,80.0,80.9,10321,"Tue, Sep 29, 2026"
Bansal Wire Industries Limited,BANSALWIRE,"Wed, Jul 10, 2024",daily,319.75,330.0,319.75,327.65,125973,"Tue, Sep 29, 2026"
Banswara Syntex Limited,BANSWRAS,"Wed, Apr 11, 2007",daily,109.9,109.9,106.21,107.31,9777,"Tue, Sep 29, 2026"
BASF India Limited,BASF,"Wed, May 17, 1995",daily,3495.8,3520.9,3411.0,3435.6,16267,"Tue, Sep 29, 2026"
Bata India Limited,BATAINDIA,"Wed, Jun 18, 2003",daily,624.7,628.9,613.0,620.35,137084,"Tue, Sep 29, 2026"
Batliboi Limited,BATLIBOI,"Mon, Apr 20, 2026",daily,84.6,85.9,82.55,85.24,24049,"Tue, Sep 29, 2026"
Bayer Cropscience Limited,BAYERCROP,"Fri, Jan 08, 2010",daily,3648.0,3669.6,3575.0,3602.7,148960,"Tue, Sep 29, 2026"
EDELAMC - BBETF0432,BBETF0432,,daily,1333.5,1338.49,1330.1,1337.31,2380,"Tue, Sep 29, 2026"
Bharat Bijlee Limited,BBL,"Tue, Nov 21, 2006",daily,2120.5,2169.7,2053.1,2123.7,21374,"Tue, Sep 29, 2026"
BARODABNP - BBNPNBETF,BBNPNBETF,,daily,54.65,55.43,53.71,53.73,1328,"Tue, Sep 29, 2026"
BARODABNP - BBNPPGOLD,BBNPPGOLD,,daily,141.9,142.0,139.9,141.1,4187,"Tue, Sep 29, 2026"
Black Box Limited,BBOX,"Tue, Jul 22, 2003",daily,786.0,828.4,783.0,812.8,1236329,"Tue, Sep 29, 2026"
The Bombay Burmah Trading Corporation Limited,BBTC,"Wed, Apr 03, 1996",daily,1415.0,1415.0,1350.0,1355.0,240571,"Tue, Sep 29, 2026"
B&B Triplewall Containers Limited,BBTCL,"Wed, Nov 23, 2022",daily,234.9,234.9,226.57,228.15,4181,"Tue, Sep 29, 2026"
Brightcom Group Limited,BCG,"Fri, May 08, 2015",daily,9.37,9.44,9.2,9.28,3577362,"Tue, Sep 29, 2026"
Bcl Industries Limited,BCLIND,"Thu, Mar 04, 2021",daily,32.51,32.8,31.75,32.42,318329,"Tue, Sep 29, 2026"
Brand Concepts Limited,BCONCEPTS,"Tue, Jan 11, 2022",daily,146.0,146.0,138.0,139.25,24778,"Tue, Sep 29, 2026"
BCPL Railway Infrastructure Limited,BCPL,"Fri, Mar 27, 2026",daily,69.65,69.65,67.25,68.12,2531,"Tue, Sep 29, 2026"
Bharat Dynamics Limited,BDL,"Fri, Mar 23, 2018",daily,1112.7,1117.0,1085.1,1085.1,1081355,"Tue, Sep 29, 2026"
Beardsell Limited,BEARDSELL,"Tue, Jan 13, 2015",daily,24.58,24.99,23.07,23.32,138284,"Tue, Sep 29, 2026"
Mrs. Bectors Food Specialities Limited,BECTORFOOD,"Thu, Dec 24, 2020",daily,211.47,212.94,207.39,208.7,454443,"Tue, Sep 29, 2026"
Bedmutha Industries Limited,BEDMUTHA,"Thu, Oct 14, 2010",daily,110.32,112.2,106.62,107.46,2521,"Tue, Sep 29, 2026"
Beekay Steel Industries Limited,BEEKAY,"Mon, Apr 20, 2026",daily,422.2,446.8,416.15,433.3,2827,"Tue, Sep 29, 2026"
Bharat Electronics Limited,BEL,"Wed, Jul 19, 2000",daily,385.5,388.0,382.2,387.75,13517154,"Tue, Sep 29, 2026"
Bella Casa Fashion & Retail Limited,BELLACASA,"Fri, Jul 18, 2025",daily,279.5,279.5,252.81,255.51,18265,"Tue, Sep 29, 2026"
Belrise Industries Limited,BELRISE,"Wed, May 28, 2025",daily,249.45,249.45,239.2,240.52,1783755,"Tue, Sep 29, 2026"
BEML Limited,BEML,"Wed, Nov 05, 2003",daily,1985.0,1990.4,1944.0,1966.6,235405,"Tue, Sep 29, 2026"
Benares Hotels Limited,BENARAS,"Mon, Aug 17, 2026",daily,10399.0,10500.0,10067.0,10215.0,166,"Tue, Sep 29, 2026"
Bengal & Assam Company Limited,BENGALASM,"Mon, Apr 20, 2026",daily,6005.0,6220.5,5950.0,6161.5,689,"Tue, Sep 29, 2026"
Bhansali Engineering Polymers Limited,BEPL,"Mon, Mar 21, 2005",daily,126.45,126.95,123.5,124.0,813546,"Tue, Sep 29, 2026"
Berger Paints (I) Limited,BERGEPAINT,"Wed, Nov 24, 1999",daily,451.95,456.4,441.1,448.2,610722,"Tue, Sep 29, 2026"
Best Agrolife Limited,BESTAGRO,"Wed, Apr 10, 2024",daily,17.81,18.0,17.3,17.86,469015,"Tue, Sep 29, 2026"
Beta Drugs Limited,BETA,"Mon, Nov 24, 2025",daily,2040.0,2084.8,2010.5,2064.9,12014,"Tue, Sep 29, 2026"
BF Investment Limited,BFINVEST,"Fri, Jan 14, 2011",daily,436.5,439.3,432.05,436.15,19909,"Tue, Sep 29, 2026"
MIRAEAMC - MAFSETF,BFSI,,daily,25.22,26.4,25.22,25.58,265239,"Tue, Sep 29, 2026"
BF Utilities Limited,BFUTILITIE,"Thu, May 03, 2007",daily,515.2,518.45,502.0,508.9,69674,"Tue, Sep 29, 2026"
Bhagiradha Chemicals & Industries Limited,BHAGCHEM,"Mon, Oct 18, 2021",daily,241.45,243.1,237.9,240.25,63799,"Tue, Sep 29, 2026"
Bhageria Industries Limited,BHAGERIA,"Wed, Mar 02, 2016",daily,380.65,387.4,371.0,377.85,112369,"Tue, Sep 29, 2026"
Bhagyanagar India Limited,BHAGYANGR,"Wed, May 17, 2017",daily,404.05,412.5,397.15,408.1,89524,"Tue, Sep 29, 2026"
Bhandari Hosiery Exports Limited,BHANDARI,"Mon, Jan 30, 2017",daily,2.88,2.94,2.87,2.9,148872,"Tue, Sep 29, 2026"
Bharat Coking Coal Limited,BHARATCOAL,"Mon, Jan 19, 2026",daily,32.62,33.67,32.32,33.5,13101283,"Tue, Sep 29, 2026"
Bharat Forge Limited,BHARATFORG,"Fri, Apr 04, 2003",daily,1950.0,1958.0,1917.0,1942.0,1101271,"Tue, Sep 29, 2026"
Bharat Rasayan Limited,BHARATRAS,"Wed, Oct 11, 1995",daily,1049.7,1055.0,1000.0,1005.7,66905,"Tue, Sep 29, 2026"
Bharat Seats Limited,BHARATSE,"Mon, Mar 24, 2025",daily,212.45,215.23,207.91,213.61,92513,"Tue, Sep 29, 2026"
Bharat Wire Ropes Limited,BHARATWIRE,"Fri, Apr 01, 2016",daily,166.71,169.68,162.5,167.18,155514,"Tue, Sep 29, 2026"
Bharti Airtel Limited,BHARTIARTL,"Fri, Feb 15, 2002",daily,1764.0,1787.5,1762.0,1771.2,9811381,"Tue, Sep 29, 2026"
Bharti Hexacom Limited,BHARTIHEXA,"Fri, Apr 12, 2024",daily,1429.7,1432.4,1398.0,1409.4,171619,"Tue, Sep 29, 2026"
Bharat Heavy Electricals Limited,BHEL,"Tue, Nov 11, 2003",daily,410.3,414.9,402.6,413.35,6607415,"Tue, Sep 29, 2026"
Bigbloc Construction Limited,BIGBLOC,"Fri, Sep 02, 2016",daily,38.68,40.4,38.2,38.64,26802,"Tue, Sep 29, 2026"
Bikaji Foods International Limited,BIKAJI,"Wed, Nov 16, 2022",daily,552.0,554.9,523.6,531.15,904191,"Tue, Sep 29, 2026"
Bhartiya International Limited,BIL,"Wed, Apr 12, 2000",daily,998.2,1008.7,990.0,1000.7,7606,"Tue, Sep 29, 2026"
Bimetal Bearings Limited,BIMETAL,"Mon, Apr 20, 2026",daily,640.1,652.0,629.8,635.65,482,"Tue, Sep 29, 2026"
Biocon Limited,BIOCON,"Wed, Apr 07, 2004",daily,376.05,379.95,373.25,377.0,2779766,"Tue, Sep 29, 2026"
Biofil Chemicals & Pharmaceuticals Limited,BIOFILCHEM,"Wed, Jun 12, 1996",daily,31.36,31.99,31.3,31.52,8360,"Tue, Sep 29, 2026"
Birla Cable Limited,BIRLACABLE,"Wed, Dec 06, 1995",daily,353.85,368.95,344.0,368.95,427890,"Tue, Sep 29, 2026"
Birla Corporation Limited,BIRLACORPN,"Wed, Apr 12, 1995",daily,836.0,853.7,828.35,849.9,57453,"Tue, Sep 29, 2026"
Aditya Birla Money Limited,BIRLAMONEY,"Thu, Feb 07, 2008",daily,114.71,115.78,112.01,114.29,31654,"Tue, Sep 29, 2026"
BirlaNu Limited,BIRLANU,"Wed, Apr 26, 1995",daily,1441.0,1442.8,1390.0,1406.0,7707,"Tue, Sep 29, 2026"
BLACKBUCK LIMITED,BLACKBUCK,"Fri, Nov 22, 2024",daily,603.75,625.0,598.4,622.4,703713,"Tue, Sep 29, 2026"
Black Rose Inds. Limited,BLACKROSE,"Mon, Apr 20, 2026",daily,118.98,118.98,109.99,113.25,41795,"Tue, Sep 29, 2026"
BEML Land Assets Limited,BLAL,"Wed, Apr 19, 2023",daily,160.06,164.99,158.61,163.65,18397,"Tue, Sep 29, 2026"
BLB Limited,BLBLIMITED,"Wed, May 31, 2000",daily,17.34,17.38,16.72,16.84,103341,"Tue, Sep 29, 2026"
Behari Lal Engineering Limited,BLEL,"Wed, Aug 19, 2026",daily,449.05,451.0,436.1,447.05,251670,"Tue, Sep 29, 2026"
Balmer Lawrie Investments Limited,BLIL,"Mon, Apr 20, 2026",daily,65.0,65.49,64.72,64.91,98538,"Tue, Sep 29, 2026"
B. L. Kashyap and Sons Limited,BLKASHYAP,"Fri, Mar 17, 2006",daily,52.06,52.06,49.87,50.9,441623,"Tue, Sep 29, 2026"
BLS International Services Limited,BLS,"Tue, Jun 14, 2016",daily,221.6,224.6,218.0,219.55,784993,"Tue, Sep 29, 2026"
BLS E-Services Limited,BLSE,"Tue, Feb 06, 2024",daily,322.55,324.0,315.65,321.1,253804,"Tue, Sep 29, 2026"
Blue Cloud Softech Solutions Limited,BLUECLOUDS,"Mon, Aug 17, 2026",daily,21.74,21.74,19.89,20.23,7984831,"Tue, Sep 29, 2026"
Blue Coast Hotels Limited,BLUECOAST,"Wed, Feb 16, 2000",daily,22.99,22.99,21.61,22.7,1393,"Tue, Sep 29, 2026"
Blue Dart Express Limited,BLUEDART,"Thu, Dec 12, 2002",daily,4747.2,4751.9,4523.0,4576.0,88233,"Tue, Sep 29, 2026"
Blue Jet Healthcare Limited,BLUEJET,"Wed, Nov 01, 2023",daily,558.95,566.6,544.8,549.6,763828,"Tue, Sep 29, 2026"
Blue Star Limited,BLUESTARCO,"Thu, Jun 15, 2000",daily,1572.9,1578.5,1526.9,1529.5,1003421,"Tue, Sep 29, 2026"
BlueStone Jewellery and Lifestyle Limited,BLUESTONE,"Tue, Aug 19, 2025",daily,789.0,815.95,740.35,806.05,2316818,"Tue, Sep 29, 2026"
Bluspring Enterprises Limited,BLUSPRING,"Wed, Jun 11, 2025",daily,149.0,152.5,142.0,143.11,351924,"Tue, Sep 29, 2026"
BMW Ventures Limited,BMWVENTLTD,"Wed, Oct 01, 2025",daily,51.6,52.49,51.4,51.49,83375,"Tue, Sep 29, 2026"
BN Agrochem Limited,BNAGROCHEM,"Mon, Apr 20, 2026",daily,208.0,218.0,197.6,207.24,918,"Tue, Sep 29, 2026"
AXISAMC-BNKETFAXIS,BNKETFAXIS,,daily,561.33,562.34,555.36,562.34,9056,"Tue, Sep 29, 2026"
Bohra Industries Limited,BOHRAIND,"Thu, Oct 27, 2022",daily,15.79,15.79,15.01,15.01,7861,"Tue, Sep 29, 2026"
Bombay Dyeing & Mfg Company Limited,BOMDYEING,"Wed, Apr 26, 1995",daily,108.0,108.0,105.01,106.7,351757,"Tue, Sep 29, 2026"
Bonlon Industries Limited,BONLON,"Fri, Feb 20, 2026",daily,40.16,42.0,39.56,40.16,4226,"Tue, Sep 29, 2026"
Borana Weaves Limited,BORANA,"Tue, May 27, 2025",daily,294.15,300.6,286.1,296.4,28915,"Tue, Sep 29, 2026"
Borosil Limited,BOROLTD,"Wed, Jul 22, 2020",daily,281.0,282.26,272.01,276.21,461628,"Tue, Sep 29, 2026"
BOROSIL RENEWABLES LIMITED,BORORENEW,"Fri, May 25, 2018",daily,452.25,459.95,449.1,452.5,392825,"Tue, Sep 29, 2026"
Borosil Scientific Limited,BOROSCI,"Fri, Jun 07, 2024",daily,114.47,118.56,113.22,114.84,176023,"Tue, Sep 29, 2026"
BOSCH HOME COMFORT INDIA LIMITED,BOSCH-HCIL,"Mon, Jan 03, 2000",daily,1795.0,1964.9,1780.0,1934.4,201421,"Tue, Sep 29, 2026"
Bosch Limited,BOSCHLTD,"Mon, May 12, 2003",daily,47145.0,47240.0,45700.0,45700.0,14828,"Tue, Sep 29, 2026"
Bharat Petroleum Corporation Limited,BPCL,"Wed, Sep 13, 1995",daily,302.25,303.45,296.5,299.35,4538466,"Tue, Sep 29, 2026"
BPL Limited,BPL,"Wed, Jun 14, 1995",daily,46.99,47.99,45.1,46.5,87265,"Tue, Sep 29, 2026"
Bharat Parenterals Limited,BPLPHARMA,"Mon, Aug 17, 2026",daily,2159.9,2222.0,1820.0,1926.0,64591,"Tue, Sep 29, 2026"
Brahmaputra Infrastructure Limited,BRAHMINFRA,"Mon, Aug 17, 2026",daily,145.6,156.0,142.01,149.26,33835,"Tue, Sep 29, 2026"
Brigade Enterprises Limited,BRIGADE,"Mon, Dec 31, 2007",daily,579.05,584.85,557.55,563.05,326005,"Tue, Sep 29, 2026"
Brigade Hotel Ventures Limited,BRIGHOTEL,"Thu, Jul 31, 2025",daily,55.4,56.98,55.21,56.14,127096,"Tue, Sep 29, 2026"
Bright Brothers Limited,BRIGHTBR,"Mon, Aug 17, 2026",daily,249.1,252.0,241.0,248.85,683,"Tue, Sep 29, 2026"
Britannia Industries Limited,BRITANNIA,"Thu, Nov 05, 1998",daily,4899.0,4907.5,4798.0,4835.0,524981,"Tue, Sep 29, 2026"
Bharat Road Network Limited,BRNL,"Mon, Sep 18, 2017",daily,16.28,16.87,15.99,16.45,30174,"Tue, Sep 29, 2026"
Brooks Laboratories Limited,BROOKS,"Mon, Sep 05, 2011",daily,57.11,57.94,55.65,56.51,26984,"Tue, Sep 29, 2026"
BSE Limited,BSE,"Fri, Feb 03, 2017",daily,3100.0,3200.0,3100.0,3200.0,30101047,"Tue, Sep 29, 2026"
ICICIPRAMC - ICICI500,BSE500IETF,,daily,37.9,37.98,37.31,37.73,85333,"Tue, Sep 29, 2026"
Bombay Super Hybrid Seeds Limited,BSHSL,"Wed, Oct 28, 2020",daily,84.99,88.13,81.53,85.9,13135,"Tue, Sep 29, 2026"
BSL Limited,BSL,"Thu, Jul 27, 1995",daily,120.79,121.9,117.01,118.16,2047,"Tue, Sep 29, 2026"
ADITYBIRLA SL GOLD ETF-GR,BSLGOLDETF,,daily,129.38,129.74,127.66,128.49,810457,"Tue, Sep 29, 2026"
ADITYBIRLA SL NIF ETF-GR,BSLNIFTY,,daily,26.81,28.0,26.56,27.06,979590,"Tue, Sep 29, 2026"
BIRLASLAMC - BSLSENETFG,BSLSENETFG,,daily,73.32,74.43,72.8,73.03,2292,"Tue, Sep 29, 2026"
BIRLASOFT LIMITED,BSOFT,"Wed, Nov 24, 1999",daily,270.65,273.4,267.4,269.05,916800,"Tue, Sep 29, 2026"
Bodhi Tree Multimedia Limited,BTML,"Wed, Feb 15, 2023",daily,7.15,7.25,6.96,7.03,105273,"Tue, Sep 29, 2026"
Shankara Buildpro Limited,BUILDPRO,"Fri, Jan 09, 2026",daily,1261.3,1279.1,1229.5,1244.2,50034,"Tue, Sep 29, 2026"
Butterfly Gandhimathi Appliances Limited,BUTTERFLY,"Mon, Apr 28, 2014",daily,563.0,567.4,559.5,561.25,7600,"Tue, Sep 29, 2026"
Barak Valley Cements Limited,BVCL,"Fri, Nov 23, 2007",daily,40.06,41.3,40.06,40.87,5203,"Tue, Sep 29, 2026"
The Byke Hospitality Ltd,BYKE,"Wed, Apr 15, 2015",daily,29.9,29.9,28.08,28.93,57741,"Tue, Sep 29, 2026"
Camlin Fine Sciences Limited,CAMLINFINE,"Tue, Jan 20, 2015",daily,95.97,96.42,92.75,93.17,518550,"Tue, Sep 29, 2026"
Campus Activewear Limited,CAMPUS,"Mon, May 09, 2022",daily,211.0,212.27,208.71,209.76,244297,"Tue, Sep 29, 2026"
Computer Age Management Services Limited,CAMS,"Fri, May 07, 2021",daily,685.0,689.95,665.05,666.0,2128456,"Tue, Sep 29, 2026"
Canara Bank,CANBK,"Mon, Dec 23, 2002",daily,120.0,120.34,118.03,119.51,20596639,"Tue, Sep 29, 2026"
Can Fin Homes Limited,CANFINHOME,"Wed, May 10, 1995",daily,737.6,743.75,730.0,731.7,182975,"Tue, Sep 29, 2026"
Canara HSBC Life Insurance Company Limited,CANHLIFE,"Fri, Oct 17, 2025",daily,146.55,152.49,144.55,149.62,1474938,"Tue, Sep 29, 2026"
Cantabil Retail India Limited,CANTABIL,"Tue, Oct 12, 2010",daily,231.0,234.43,228.21,232.5,92666,"Tue, Sep 29, 2026"
Capacit'e Infraprojects Limited,CAPACITE,"Mon, Sep 25, 2017",daily,185.1,186.68,180.5,182.61,350639,"Tue, Sep 29, 2026"
Capillary Technologies India Limited,CAPILLARY,"Fri, Nov 21, 2025",daily,576.35,576.35,551.4,568.05,142990,"Tue, Sep 29, 2026"
Capital Small Finance Bank Limited,CAPITALSFB,"Wed, Feb 14, 2024",daily,280.0,281.95,274.55,279.65,33988,"Tue, Sep 29, 2026"
Caplin Point Laboratories Limited,CAPLIPOINT,"Mon, Jun 23, 2014",daily,2852.0,2869.0,2735.0,2744.0,93586,"Tue, Sep 29, 2026"
Carborundum Universal Limited,CARBORUNIV,"Wed, Apr 03, 1996",daily,1241.7,1255.0,1194.0,1200.5,279910,"Tue, Sep 29, 2026"
CARE Ratings Limited,CARERATING,"Wed, Dec 26, 2012",daily,1627.9,1647.6,1603.4,1637.8,70064,"Tue, Sep 29, 2026"
Carraro India Limited,CARRARO,"Mon, Dec 30, 2024",daily,522.2,525.0,516.8,520.8,39095,"Tue, Sep 29, 2026"
Cartrade Tech Limited,CARTRADE,"Fri, Aug 20, 2021",daily,2872.8,2937.0,2837.8,2907.5,245679,"Tue, Sep 29, 2026"
CARYSIL LIMITED,CARYSIL,"Thu, Jan 14, 2021",daily,1038.0,1072.0,1016.1,1056.5,92819,"Tue, Sep 29, 2026"
ICICIPRAMC - CASHIETF,CASHIETF,,daily,1081.41,1081.57,1081.41,1081.56,272398,"Tue, Sep 29, 2026"
Castrol India Limited,CASTROLIND,"Fri, Mar 14, 2014",daily,200.2,202.8,198.1,199.83,5827158,"Tue, Sep 29, 2026"
AvenuesAI Limited,CCAVENUE,"Mon, Apr 04, 2016",daily,15.4,15.6,14.96,15.36,11575582,"Tue, Sep 29, 2026"
Consolidated Construction Consortium Limited,CCCL,"Mon, Oct 15, 2007",daily,13.38,13.95,13.0,13.47,222828,"Tue, Sep 29, 2026"
Country Club Hospitality & Holidays Limited,CCHHL,"Tue, Feb 03, 2015",daily,12.89,13.17,12.71,12.9,4917,"Tue, Sep 29, 2026"
CCL Products (India) Limited,CCL,"Mon, Jun 07, 2004",daily,1030.0,1036.3,1000.0,1006.2,125455,"Tue, Sep 29, 2026"
Central Depository Services (India) Limited,CDSL,"Fri, Jun 30, 2017",daily,1289.0,1290.0,1261.3,1261.9,1412255,"Tue, Sep 29, 2026"
CEAT Limited,CEATLTD,"Fri, Feb 01, 2008",daily,3275.1,3282.6,3215.9,3240.0,45813,"Tue, Sep 29, 2026"
Ceigall India Limited,CEIGALL,"Thu, Aug 08, 2024",daily,378.75,384.8,373.0,377.55,417159,"Tue, Sep 29, 2026"
Ceinsys Tech Limited,CEINSYS,"Thu, Feb 19, 2026",daily,682.0,690.0,668.0,681.85,47994,"Tue, Sep 29, 2026"
Celebrity Fashions Limited,CELEBRITY,"Thu, Jan 12, 2006",daily,6.7,6.7,6.34,6.46,22678,"Tue, Sep 29, 2026"
Cello World Limited,CELLO,"Mon, Nov 06, 2023",daily,332.6,336.5,325.6,333.35,213489,"Tue, Sep 29, 2026"
GROWWAMC - CEMNTGROWW,CEMNTGROWW,,daily,14.08,14.09,13.68,13.72,87435,"Tue, Sep 29, 2026"
Cemindia Projects Limited,CEMPRO,"Wed, Feb 10, 1999",daily,1229.0,1245.5,1214.0,1223.3,121284,"Tue, Sep 29, 2026"
Century Enka Limited,CENTENKA,"Wed, May 10, 1995",daily,558.6,560.2,541.0,549.5,20056,"Tue, Sep 29, 2026"
Century Extrusions Limited,CENTEXT,"Tue, Jul 20, 2004",daily,18.29,18.3,18.0,18.16,68265,"Tue, Sep 29, 2026"
Central Bank of India,CENTRALBK,"Tue, Aug 21, 2007",daily,30.59,30.6,29.92,30.04,6815993,"Tue, Sep 29, 2026"
Centrum Capital Limited,CENTRUM,"Wed, Apr 04, 2018",daily,21.33,22.2,19.95,20.56,473508,"Tue, Sep 29, 2026"
Centum Electronics Limited,CENTUM,"Fri, Oct 05, 2007",daily,4530.0,4995.0,4460.2,4920.7,480139,"Tue, Sep 29, 2026"
Century Plyboards (India) Limited,CENTURYPLY,"Thu, Mar 23, 2006",daily,679.05,683.9,655.05,665.0,515533,"Tue, Sep 29, 2026"
Cera Sanitaryware Limited,CERA,"Fri, Nov 02, 2007",daily,5196.0,5238.5,5100.0,5124.5,6588,"Tue, Sep 29, 2026"
CESC Limited,CESC,"Wed, Feb 08, 1995",daily,136.11,136.59,132.5,133.87,4045341,"Tue, Sep 29, 2026"
Concord Enviro Systems Limited,CEWATER,"Fri, Dec 27, 2024",daily,259.0,261.95,250.25,259.6,57475,"Tue, Sep 29, 2026"
Capri Global Capital Limited,CGCL,"Fri, Oct 29, 2010",daily,248.6,249.95,244.55,246.9,1745741,"Tue, Sep 29, 2026"
CG Power and Industrial Solutions Limited,CGPOWER,"Wed, Mar 01, 1995",daily,865.0,873.0,855.0,858.05,2197467,"Tue, Sep 29, 2026"
CG Vak Software & Exports Limited,CGVAK,"Mon, Aug 17, 2026",daily,151.65,151.69,143.0,148.97,769,"Tue, Sep 29, 2026"
Chalet Hotels Limited,CHALET,"Thu, Feb 07, 2019",daily,861.5,893.95,830.2,840.75,1019411,"Tue, Sep 29, 2026"
Chambal Fertilizers & Chemicals Limited,CHAMBLFERT,"Wed, Jun 14, 1995",daily,417.0,417.8,411.7,413.55,665522,"Tue, Sep 29, 2026"
Chembond Material Technologies Limited,CHEMBOND,"Wed, Nov 20, 2019",daily,194.0,194.0,182.0,182.87,11920,"Tue, Sep 29, 2026"
Chemcon Speciality Chemicals Limited,CHEMCON,"Thu, Oct 01, 2020",daily,221.55,222.92,211.0,213.81,42417,"Tue, Sep 29, 2026"
Chemcrux Enterprises Limited,CHEMCRUX,"Mon, Aug 17, 2026",daily,78.8,80.0,76.3,78.01,5752,"Tue, Sep 29, 2026"
Chemfab Alkalis Limited,CHEMFAB,"Wed, Apr 25, 2018",daily,340.55,349.8,334.45,343.5,3068,"Tue, Sep 29, 2026"
KOTAKMAMC - CHEMICAL,CHEMICAL,,daily,28.71,28.84,28.01,28.11,1022878,"Tue, Sep 29, 2026"
Chemplast Sanmar Limited,CHEMPLASTS,"Tue, Aug 24, 2021",daily,195.15,199.25,191.09,192.35,198535,"Tue, Sep 29, 2026"
Chennai Petroleum Corporation Limited,CHENNPETRO,"Wed, Jun 07, 2000",daily,1413.0,1485.0,1395.5,1436.9,2928658,"Tue, Sep 29, 2026"
Cheviot Company Limited,CHEVIOT,"Mon, Jun 20, 2022",daily,1175.5,1193.9,1171.0,1176.0,620,"Tue, Sep 29, 2026"
CHOICEAMC - CHOICEGOLD,CHOICEGOLD,,daily,143.1,145.45,143.1,145.05,5639,"Tue, Sep 29, 2026"
Choice International Limited,CHOICEIN,"Fri, Apr 08, 2022",daily,755.5,756.95,738.5,741.15,331488,"Tue, Sep 29, 2026"
Cholamandalam Investment and Finance Company Limited,CHOLAFIN,"Wed, May 15, 1996",daily,1620.0,1644.0,1600.2,1627.3,1489025,"Tue, Sep 29, 2026"
Cholamandalam Financial Holdings Limited,CHOLAHLDNG,"Mon, Sep 25, 2017",daily,1389.7,1402.0,1341.0,1371.8,479726,"Tue, Sep 29, 2026"
CIE Automotive India Limited,CIEINDIA,"Thu, Aug 30, 2007",daily,384.8,384.8,374.8,376.45,206872,"Tue, Sep 29, 2026"
Capital India Finance Limited,CIFL,"Thu, Apr 17, 2025",daily,22.49,22.49,20.4,21.36,304436,"Tue, Sep 29, 2026"
Cineline India Limited,CINELINE,"Wed, Jun 13, 2012",daily,88.52,89.9,87.62,88.13,29030,"Tue, Sep 29, 2026"
Cinevista Limited,CINEVISTA,"Tue, May 02, 2000",daily,14.25,14.25,13.4,13.64,9908,"Tue, Sep 29, 2026"
Cipla Limited,CIPLA,"Wed, Feb 08, 1995",daily,1390.0,1401.8,1376.2,1379.3,1479526,"Tue, Sep 29, 2026"
Clean Science and Technology Limited,CLEAN,"Mon, Jul 19, 2021",daily,786.0,788.8,766.0,775.75,385864,"Tue, Sep 29, 2026"
Clean Max Enviro Energy Solutions Limited,CLEANMAX,"Mon, Mar 02, 2026",daily,1372.0,1422.0,1345.6,1382.4,1799568,"Tue, Sep 29, 2026"
CL Educate Limited,CLEDUCATE,"Fri, Mar 31, 2017",daily,55.01,55.98,53.05,55.43,11735,"Tue, Sep 29, 2026"
Chaman Lal Setia Exports Limited,CLSEL,"Wed, May 12, 2021",daily,285.5,286.45,280.8,282.25,20941,"Tue, Sep 29, 2026"
Caliber Mining and Logistics Limited,CMLL,"Fri, Jul 24, 2026",daily,526.0,552.05,513.65,542.9,1050819,"Tue, Sep 29, 2026"
Central Mine Planning & Design Institute Limited,CMPDI,"Mon, Mar 30, 2026",daily,204.58,214.65,203.02,213.12,2376372,"Tue, Sep 29, 2026"
CMR Green Technologies Limited,CMRGREEN,"Wed, Jun 10, 2026",daily,221.8,232.0,218.6,227.91,1088405,"Tue, Sep 29, 2026"
CMS Info Systems Limited,CMSINFO,"Fri, Dec 31, 2021",daily,228.6,230.74,224.63,229.17,425261,"Tue, Sep 29, 2026"
Creative Newtech Limited,CNL,"Mon, Aug 05, 2019",daily,1067.2,1125.9,1049.0,1097.7,14640,"Tue, Sep 29, 2026"
Coal India Limited,COALINDIA,"Thu, Nov 04, 2010",daily,420.55,426.0,420.55,425.0,7457218,"Tue, Sep 29, 2026"
Coastal Corporation Limited,COASTCORP,"Fri, Oct 08, 2021",daily,36.95,36.95,35.3,35.55,47459,"Tue, Sep 29, 2026"
Cochin Shipyard Limited,COCHINSHIP,"Fri, Aug 11, 2017",daily,1327.6,1359.3,1290.0,1359.3,1450465,"Tue, Sep 29, 2026"
John Cockerill India Limited,COCKERILL,"Mon, Apr 20, 2026",daily,7860.0,7999.5,7681.0,7883.0,3946,"Tue, Sep 29, 2026"
Coffee Day Enterprises Limited,COFFEEDAY,"Mon, Nov 02, 2015",daily,30.0,30.73,29.8,30.51,488933,"Tue, Sep 29, 2026"
Coforge Limited,COFORGE,"Mon, Aug 30, 2004",daily,1784.0,1813.8,1722.0,1722.0,1932111,"Tue, Sep 29, 2026"
Cohance Lifesciences Limited,COHANCE,"Mon, Mar 09, 2020",daily,452.8,469.75,449.6,457.9,1477420,"Tue, Sep 29, 2026"
Colgate Palmolive (India) Limited,COLPAL,"Mon, Dec 17, 2007",daily,1833.2,1836.0,1785.1,1785.1,262461,"Tue, Sep 29, 2026"
Comfort Intech Limited,COMFINTE,"Mon, Apr 20, 2026",daily,7.04,7.15,6.38,6.73,827066,"Tue, Sep 29, 2026"
ICICIPRAMC - ICICICOMMO,COMMOIETF,,daily,97.3,97.3,94.5,95.27,36019,"Tue, Sep 29, 2026"
Competent Automobiles Company Limited,COMPEAU,"Mon, Aug 17, 2026",daily,383.9,383.9,349.05,369.7,1518,"Tue, Sep 29, 2026"
Compucom Software Limited,COMPUSOFT,"Fri, Mar 02, 2012",daily,13.06,13.8,13.06,13.36,22196,"Tue, Sep 29, 2026"
Commercial Syn Bags Limited,COMSYN,"Tue, Jan 23, 2024",daily,281.9,282.85,258.25,261.95,1255588,"Tue, Sep 29, 2026"
Container Corporation of India Limited,CONCOR,"Wed, May 07, 1997",daily,450.0,452.05,443.3,443.5,1737443,"Tue, Sep 29, 2026"
Concord Biotech Limited,CONCORDBIO,"Fri, Aug 18, 2023",daily,1393.0,1435.6,1393.0,1410.7,153198,"Tue, Sep 29, 2026"
Confidence Petroleum India Limited,CONFIPET,"Thu, Jun 13, 2019",daily,86.0,88.72,84.66,87.19,1929278,"Tue, Sep 29, 2026"
KOTAKMAMC - KOTAKCONS,CONS,,daily,11.62,11.89,11.45,11.72,11940,"Tue, Sep 29, 2026"
AXISAMC-CONSUMAXIS,CONSUMAXIS,,daily,115.78,117.78,115.0,115.71,2410,"Tue, Sep 29, 2026"
NIP IND ETF CONSUMPTION,CONSUMBEES,,daily,128.51,128.51,124.53,125.07,66699,"Tue, Sep 29, 2026"
MIRAEAMC - CONSUMER,CONSUMER,,daily,11.42,11.53,11.31,11.34,126063,"Tue, Sep 29, 2026"
ICICIPRAMC - ICICICONSU,CONSUMIETF,,daily,120.0,120.0,115.8,116.41,11852,"Tue, Sep 29, 2026"
Control Print Limited,CONTROLPR,"Fri, Jun 24, 2016",daily,593.0,610.0,593.0,608.5,49346,"Tue, Sep 29, 2026"
Coral India Finance & Housing Limited,CORALFINAC,"Mon, Mar 25, 1996",daily,31.98,32.85,31.06,32.17,28066,"Tue, Sep 29, 2026"
Waterways Leisure Tourism Limited,CORDELIA,"Wed, Jul 01, 2026",daily,103.75,104.65,101.0,102.56,1147541,"Tue, Sep 29, 2026"
Coromandel International Limited,COROMANDEL,"Wed, May 31, 1995",daily,1900.0,1900.1,1772.1,1792.9,374773,"Tue, Sep 29, 2026"
CORONA Remedies Limited,CORONA,"Mon, Dec 15, 2025",daily,2053.0,2108.2,2001.1,2078.4,70858,"Tue, Sep 29, 2026"
COSMO FIRST LIMITED,COSMOFIRST,"Thu, May 25, 1995",daily,844.0,862.0,825.2,834.8,39721,"Tue, Sep 29, 2026"
CP Capital Limited,CPCAP,"Wed, Oct 06, 2010",daily,153.8,153.8,147.41,150.35,16103,"Tue, Sep 29, 2026"
Career Point Edutech Limited,CPEDU,"Fri, Sep 05, 2025",daily,173.92,184.8,172.05,179.6,5458,"Tue, Sep 29, 2026"
Captain Polyplast Limited,CPL,"Thu, Jul 23, 2026",daily,62.52,62.86,61.72,62.16,15463,"Tue, Sep 29, 2026"
Aditya Infotech Limited,CPPLUS,"Tue, Aug 05, 2025",daily,3739.0,3841.9,3714.1,3817.6,224859,"Tue, Sep 29, 2026"
CPSE ETF,CPSEETF,,daily,91.4,92.5,90.1,91.36,500003,"Tue, Sep 29, 2026"
Craftsman Automation Limited,CRAFTSMAN,"Thu, Mar 25, 2021",daily,10566.0,10646.0,10405.0,10505.0,27697,"Tue, Sep 29, 2026"
Canara Robeco Asset Management Company Limited,CRAMC,"Thu, Oct 16, 2025",daily,227.5,228.0,222.15,223.55,244217,"Tue, Sep 29, 2026"
Cravatex Limited,CRAVATEX,"Mon, Aug 17, 2026",daily,340.05,355.95,332.25,343.95,281,"Tue, Sep 29, 2026"
Creative Eye Limited,CREATIVEYE,"Wed, Dec 20, 2000",daily,6.18,6.18,5.63,6.03,15364,"Tue, Sep 29, 2026"
CREDITACCESS GRAMEEN LIMITED,CREDITACC,"Thu, Aug 23, 2018",daily,1255.0,1255.6,1209.1,1216.3,368535,"Tue, Sep 29, 2026"
Crest Ventures Limited,CREST,"Wed, Dec 27, 2006",daily,361.9,361.9,355.0,356.9,768,"Tue, Sep 29, 2026"
CRESTO TECHNO LIMITED,CRESTO,"Wed, Jul 08, 2020",daily,22.85,23.97,22.2,23.59,42943,"Tue, Sep 29, 2026"
Crisil Limited,CRISIL,"Wed, Jun 28, 1995",daily,4640.2,4640.2,4437.1,4464.1,36620,"Tue, Sep 29, 2026"
Crizac Limited,CRIZAC,"Wed, Jul 09, 2025",daily,177.0,177.0,168.0,169.08,428888,"Tue, Sep 29, 2026"
Crompton Greaves Consumer Electricals Limited,CROMPTON,"Fri, May 13, 2016",daily,219.0,219.0,211.37,211.37,5902708,"Tue, Sep 29, 2026"
Crown Lifters Limited,CROWN,"Tue, Feb 08, 2022",daily,115.99,118.0,113.81,115.73,18332,"Tue, Sep 29, 2026"
CSB Bank Limited,CSBBANK,"Wed, Dec 04, 2019",daily,323.75,323.75,315.1,316.2,474185,"Tue, Sep 29, 2026"
CSL Finance Limited,CSLFINANCE,"Thu, Jul 21, 2022",daily,211.79,214.74,208.81,211.4,26104,"Tue, Sep 29, 2026"
CSM Technologies Limited,CSM,"Thu, Jul 02, 2026",daily,98.69,99.97,95.21,98.16,100639,"Tue, Sep 29, 2026"
City Union Bank Limited,CUB,"Tue, Aug 25, 1998",daily,217.16,217.48,210.69,214.91,1556485,"Tue, Sep 29, 2026"
Cummins India Limited,CUMMINSIND,"Wed, Mar 29, 1995",daily,4850.0,4875.0,4795.0,4800.0,796818,"Tue, Sep 29, 2026"
Cupid Limited,CUPID,"Fri, Sep 16, 2016",daily,264.0,292.25,262.0,288.0,37060879,"Tue, Sep 29, 2026"
Cyient Limited,CYIENT,"Wed, Sep 30, 1998",daily,1075.0,1093.5,1044.0,1055.3,481634,"Tue, Sep 29, 2026"
Cyient DLM Limited,CYIENTDLM,"Mon, Jul 10, 2023",daily,914.0,932.0,885.45,921.15,439697,"Tue, Sep 29, 2026"
Dabur India Limited,DABUR,"Wed, Apr 28, 1999",daily,383.85,384.45,378.0,380.4,6185956,"Tue, Sep 29, 2026"
Dalmia Bharat Limited,DALBHARAT,"Tue, Jan 22, 2019",daily,1651.6,1664.3,1630.1,1637.4,51490,"Tue, Sep 29, 2026"
Dalmia Bharat Sugar and Industries Limited,DALMIASUG,"Wed, Jan 17, 1996",daily,414.9,419.3,406.25,412.2,170040,"Tue, Sep 29, 2026"
Dam Capital Advisors Limited,DAMCAPITAL,"Fri, Dec 27, 2024",daily,157.95,159.23,152.23,155.76,3480805,"Tue, Sep 29, 2026"
Dangee Dums Limited,DANGEE,"Fri, Nov 13, 2020",daily,2.94,2.96,2.74,2.79,229714,"Tue, Sep 29, 2026"
Datamatics Global Services Limited,DATAMATICS,"Fri, May 07, 2004",daily,783.0,829.9,770.0,821.4,242433,"Tue, Sep 29, 2026"
Data Patterns (India) Limited,DATAPATTNS,"Fri, Dec 24, 2021",daily,4287.0,4298.0,4190.0,4221.6,369866,"Tue, Sep 29, 2026"
Davangere Sugar Company Limited,DAVANGERE,"Thu, Jan 25, 2024",daily,2.49,2.49,2.3,2.34,9874250,"Tue, Sep 29, 2026"
D.B.Corp Limited,DBCORP,"Wed, Jan 06, 2010",daily,178.0,179.88,174.72,175.73,102069,"Tue, Sep 29, 2026"
Deepak Builders & Engineers India Limited,DBEIL,"Mon, Oct 28, 2024",daily,6.67,6.75,6.37,6.54,159976,"Tue, Sep 29, 2026"
Dilip Buildcon Limited,DBL,"Thu, Aug 11, 2016",daily,406.3,412.8,400.1,410.9,103780,"Tue, Sep 29, 2026"
Dhampur Bio Organics Limited,DBOL,"Thu, Sep 08, 2022",daily,124.0,126.25,119.76,124.49,275265,"Tue, Sep 29, 2026"
Valor Estate Limited,DBREALTY,"Wed, Feb 24, 2010",daily,96.07,98.99,95.2,97.82,865694,"Tue, Sep 29, 2026"
Dishman Carbogen Amcis Limited,DCAL,"Thu, Sep 21, 2017",daily,164.3,166.49,160.99,161.39,260096,"Tue, Sep 29, 2026"
DCB Bank Limited,DCBBANK,"Fri, Oct 27, 2006",daily,206.05,206.06,201.1,202.37,977372,"Tue, Sep 29, 2026"
Dc Infotech And Communication Limited,DCI,"Wed, Oct 19, 2022",daily,334.0,336.3,316.2,325.7,114901,"Tue, Sep 29, 2026"
DCM  Limited,DCM,"Wed, Mar 29, 1995",daily,75.1,75.8,75.0,75.0,1394,"Tue, Sep 29, 2026"
DCM Financial Services Limited,DCMFINSERV,"Wed, May 21, 1997",daily,5.2,5.2,4.88,4.93,11982,"Tue, Sep 29, 2026"
DCM Nouvelle Limited,DCMNVL,"Tue, Jul 16, 2019",daily,177.05,177.59,172.01,175.13,17098,"Tue, Sep 29, 2026"
DCM Shriram Limited,DCMSHRIRAM,"Wed, Apr 12, 1995",daily,944.0,944.0,903.0,907.8,424951,"Tue, Sep 29, 2026"
DCM Shriram International Limited,DCMSIL,"Tue, Feb 17, 2026",daily,81.0,81.5,75.6,77.56,82867,"Tue, Sep 29, 2026"
DCM Shriram Industries Limited,DCMSRIND,"Fri, Dec 24, 2021",daily,39.05,39.76,38.21,39.34,181267,"Tue, Sep 29, 2026"
DCW Limited,DCW,"Thu, May 25, 1995",daily,47.0,47.01,45.72,45.98,1027636,"Tue, Sep 29, 2026"
DCX Systems Limited,DCXINDIA,"Fri, Nov 11, 2022",daily,159.0,161.78,157.01,158.81,296344,"Tue, Sep 29, 2026"
Ddev Plastiks Industries Limited,DDEVPLSTIK,"Wed, Jan 15, 2025",daily,252.0,253.65,241.0,248.75,96122,"Tue, Sep 29, 2026"
Deccan Cements Limited,DECCANCE,"Thu, Aug 02, 2007",daily,542.55,551.9,535.0,540.1,9821,"Tue, Sep 29, 2026"
Deccan Gold Mines Limited,DECNGOLD,"Mon, Apr 20, 2026",daily,205.65,206.98,200.0,201.41,1086490,"Tue, Sep 29, 2026"
DEE Development Engineers Limited,DEEDEV,"Wed, Jun 26, 2024",daily,653.9,663.9,645.8,653.5,127706,"Tue, Sep 29, 2026"
Deepa Jewellers Limited,DEEPA,"Tue, Sep 08, 2026",daily,198.9,203.35,185.25,188.89,4117606,"Tue, Sep 29, 2026"
Deepak Fertilizers and Petrochemicals Corporation Limited,DEEPAKFERT,"Fri, Jan 17, 2003",daily,1349.0,1349.2,1296.0,1308.9,171551,"Tue, Sep 29, 2026"
Deepak Nitrite Limited,DEEPAKNTR,"Wed, Sep 29, 2010",daily,1552.8,1555.0,1512.3,1529.0,187781,"Tue, Sep 29, 2026"
Deep Industries Limited,DEEPINDS,"Tue, Apr 27, 2021",daily,768.0,794.9,760.05,782.5,277380,"Tue, Sep 29, 2026"
MIRAEAMC - DEFENCE,DEFENCE,,daily,76.96,77.44,76.11,76.93,168380,"Tue, Sep 29, 2026"
Delhivery Limited,DELHIVERY,"Tue, May 24, 2022",daily,409.0,418.3,405.25,417.4,5622866,"Tue, Sep 29, 2026"
Delta Corp Limited,DELTACORP,"Fri, Nov 02, 2007",daily,72.45,81.56,71.02,78.69,12538926,"Tue, Sep 29, 2026"
Delta Manufacturing Limited,DELTAMAGNT,"Wed, Oct 18, 1995",daily,57.98,58.6,55.35,57.07,2389,"Tue, Sep 29, 2026"
Den Networks Limited,DEN,"Tue, Nov 24, 2009",daily,25.75,26.4,25.52,25.91,205763,"Tue, Sep 29, 2026"
De Nora India Limited,DENORA,"Thu, Aug 07, 1997",daily,748.0,752.6,717.6,741.35,9296,"Tue, Sep 29, 2026"
Denta Water and Infra Solutions Limited,DENTA,"Wed, Jan 29, 2025",daily,268.7,273.95,264.0,266.6,60442,"Tue, Sep 29, 2026"
Dev Information Technology Limited,DEVIT,"Tue, Feb 15, 2022",daily,21.99,22.0,21.21,21.59,28270,"Tue, Sep 29, 2026"
Dev Accelerator Limited,DEVX,"Wed, Sep 17, 2025",daily,36.31,36.31,35.59,36.12,23115,"Tue, Sep 29, 2026"
Devyani International Limited,DEVYANI,"Mon, Aug 16, 2021",daily,131.0,133.3,126.56,130.72,2134376,"Tue, Sep 29, 2026"
Digicontent Limited,DGCONTENT,"Tue, Jun 18, 2019",daily,24.4,25.95,23.23,25.24,126064,"Tue, Sep 29, 2026"
Dhampur Sugar Mills Limited,DHAMPURSUG,"Wed, Mar 29, 1995",daily,172.88,173.49,168.51,171.8,382799,"Tue, Sep 29, 2026"
Dhanlaxmi Bank Limited,DHANBANK,"Thu, Apr 01, 2004",daily,28.0,28.9,27.79,28.37,268647,"Tue, Sep 29, 2026"
Dhanuka Agritech Limited,DHANUKA,"Wed, Jun 29, 2011",daily,950.0,962.5,922.0,930.55,26244,"Tue, Sep 29, 2026"
Dharmaj Crop Guard Limited,DHARMAJ,"Thu, Dec 08, 2022",daily,289.85,290.7,274.0,278.75,78435,"Tue, Sep 29, 2026"
Dhatre Udyog Limited,DHATRE,"Mon, Aug 17, 2026",daily,3.91,4.09,3.9,3.97,59326,"Tue, Sep 29, 2026"
Dhoot Transmission Limited,DHOOTTRANS,"Mon, Aug 17, 2026",daily,1508.9,1524.9,1477.7,1504.6,617575,"Tue, Sep 29, 2026"
Dhruv Consultancy Services Limited,DHRUV,"Thu, Nov 25, 2021",daily,20.9,20.9,20.33,20.89,12631,"Tue, Sep 29, 2026"
Dhunseri Investments Limited,DHUNINV,"Fri, Mar 18, 2011",daily,970.0,991.0,951.0,972.35,256,"Tue, Sep 29, 2026"
Diamines & Chemicals Limited,DIAMINESQ,"Mon, Sep 25, 2023",daily,236.59,244.0,236.15,239.88,1394,"Tue, Sep 29, 2026"
Prataap Snacks Limited,DIAMONDYD,"Thu, Oct 05, 2017",daily,1069.3,1069.3,1037.7,1051.1,28880,"Tue, Sep 29, 2026"
DIC India Limited,DICIND,"Wed, Aug 30, 1995",daily,626.65,647.65,612.05,619.95,1907,"Tue, Sep 29, 2026"
Diffusion Engineers Limited,DIFFNKG,"Fri, Oct 04, 2024",daily,447.15,450.6,428.5,448.15,128120,"Tue, Sep 29, 2026"
Digidrive Distributors Limited,DIGIDRIVE,"Wed, Jan 10, 2024",daily,17.99,18.2,17.6,17.81,28906,"Tue, Sep 29, 2026"
DiGiSPICE Technologies Limited,DIGISPICE,"Tue, May 27, 2008",daily,15.79,15.79,14.95,15.35,169468,"Tue, Sep 29, 2026"
Digitide Solutions Limited,DIGITIDE,"Wed, Jun 11, 2025",daily,76.55,77.06,74.8,75.12,268468,"Tue, Sep 29, 2026"
Disa India Limited,DISAQ,"Mon, Apr 20, 2026",daily,11802.0,12150.0,11720.0,11804.0,281,"Tue, Sep 29, 2026"
Dish TV India Limited,DISHTV,"Wed, Apr 18, 2007",daily,2.24,2.24,2.15,2.15,2598068,"Tue, Sep 29, 2026"
Divgi Torqtransfer Systems Limited,DIVGIITTS,"Tue, Mar 14, 2023",daily,1220.0,1249.0,1200.0,1212.9,143797,"Tue, Sep 29, 2026"
MIRAEAMC - DIVIDEND,DIVIDEND,,daily,34.31,34.31,33.88,33.99,10827,"Tue, Sep 29, 2026"
Divi's Laboratories Limited,DIVISLAB,"Wed, Mar 12, 2003",daily,9562.0,9610.5,9431.0,9431.0,652089,"Tue, Sep 29, 2026"
NIP IND ETF DIV OPP,DIVOPPBEES,,daily,74.9,74.9,72.21,72.76,87944,"Tue, Sep 29, 2026"
Dixon Technologies (India) Limited,DIXON,"Mon, Sep 18, 2017",daily,13640.0,13686.0,13250.0,13250.0,305508,"Tue, Sep 29, 2026"
DJ Mediaprint & Logistics Limited,DJML,"Mon, Dec 05, 2022",daily,70.63,72.79,70.2,71.62,40710,"Tue, Sep 29, 2026"
DLF Limited,DLF,"Thu, Jul 05, 2007",daily,660.5,675.0,653.0,653.0,4736174,"Tue, Sep 29, 2026"
D-Link (India) Limited,DLINKINDIA,"Fri, Dec 18, 2009",daily,416.95,418.0,403.0,414.2,82273,"Tue, Sep 29, 2026"
Avenue Supermarts Limited,DMART,"Tue, Mar 21, 2017",daily,3803.5,3849.0,3746.2,3750.0,656759,"Tue, Sep 29, 2026"
DMCC SPECIALITY CHEMICALS LIMITED,DMCC,"Wed, Dec 01, 2021",daily,305.45,319.9,300.0,314.45,263536,"Tue, Sep 29, 2026"
Diligent Media Corporation Limited,DNAMEDIA,"Mon, Dec 11, 2017",daily,2.53,2.53,2.32,2.41,36350,"Tue, Sep 29, 2026"
Dodla Dairy Limited,DODLA,"Mon, Jun 28, 2021",daily,1000.3,1020.3,993.4,1011.1,21646,"Tue, Sep 29, 2026"
Dolat Algotech Limited,DOLATALGO,"Fri, Jan 12, 2024",daily,66.9,66.9,64.71,65.51,69225,"Tue, Sep 29, 2026"
Dollar Industries Limited,DOLLAR,"Fri, Apr 21, 2017",daily,265.5,282.95,265.5,280.25,218402,"Tue, Sep 29, 2026"
Dollex Agrotech Limited,DOLLEX,"Fri, Sep 11, 2026",daily,37.6,39.55,35.9,38.9,80171,"Tue, Sep 29, 2026"
Dolphin Offshore Enterprises (India) Limited,DOLPHIN,"Mon, Aug 21, 2023",daily,659.9,669.45,641.3,650.75,41024,"Tue, Sep 29, 2026"
DOMS Industries Limited,DOMS,"Wed, Dec 20, 2023",daily,2040.2,2083.0,2020.0,2052.4,56107,"Tue, Sep 29, 2026"
Donear Industries Limited,DONEAR,"Wed, Dec 20, 2006",daily,81.75,81.77,81.0,81.12,9832,"Tue, Sep 29, 2026"
D. P. Abhushan Limited,DPABHUSHAN,"Tue, Nov 03, 2020",daily,1384.0,1665.8,1376.4,1665.8,975157,"Tue, Sep 29, 2026"
Dr Agarwals Eye Hospital Limited,DRAGARWQ,"Mon, Apr 20, 2026",daily,5219.0,5219.0,5075.0,5129.5,2216,"Tue, Sep 29, 2026"
DRC Systems India Limited,DRCSYSTEMS,"Wed, Mar 10, 2021",daily,12.52,12.75,12.25,12.31,27456,"Tue, Sep 29, 2026"
Dreamfolks Services Limited,DREAMFOLKS,"Tue, Sep 06, 2022",daily,62.23,62.59,61.3,61.91,29459,"Tue, Sep 29, 2026"
Dredging Corporation of India Limited,DREDGECORP,"Thu, Jan 15, 2004",daily,941.0,952.0,925.1,932.9,86237,"Tue, Sep 29, 2026"
Dr. Reddy's Laboratories Limited,DRREDDY,"Fri, May 30, 2003",daily,1243.2,1252.8,1229.0,1251.9,5347128,"Tue, Sep 29, 2026"
DCM Shriram Fine Chemicals Limited,DSFCL,"Tue, Feb 17, 2026",daily,30.51,30.98,28.98,29.1,97473,"Tue, Sep 29, 2026"
Dynacons Systems & Solutions Limited,DSSL,"Thu, Dec 01, 2011",daily,1023.9,1024.1,986.0,993.0,27471,"Tue, Sep 29, 2026"
Ducon Infratechnologies Limited,DUCON,"Tue, Oct 09, 2012",daily,1.42,1.46,1.42,1.42,3114371,"Tue, Sep 29, 2026"
Dhunseri Ventures Limited,DVL,"Fri, Jan 11, 2008",daily,282.1,289.0,276.45,287.65,15774,"Tue, Sep 29, 2026"
Dwarikesh Sugar Industries Limited,DWARKESH,"Fri, Dec 31, 2004",daily,43.19,43.89,42.65,43.33,1233809,"Tue, Sep 29, 2026"
Dynamic Cables Limited,DYCL,"Wed, Jul 27, 2022",daily,434.4,438.5,420.8,433.9,478495,"Tue, Sep 29, 2026"
Dynamatic Technologies Limited,DYNAMATECH,"Thu, Sep 14, 2006",daily,13049.0,13149.0,12723.0,13065.0,34803,"Tue, Sep 29, 2026"
Dynemic Products Limited,DYNPRO,"Wed, Jul 19, 2017",daily,224.01,228.87,221.71,222.6,17051,"Tue, Sep 29, 2026"
Easy Trip Planners Limited,EASEMYTRIP,"Fri, Mar 19, 2021",daily,5.96,5.96,5.85,5.88,7428490,"Tue, Sep 29, 2026"
East West Freight Carriers Limited,EASTWEST,"Mon, Aug 17, 2026",daily,2.25,2.32,2.25,2.27,34964,"Tue, Sep 29, 2026"
EDELAMC - EBANK10,EBANK10,,daily,15.93,16.08,15.63,16.04,1713,"Tue, Sep 29, 2026"
EDELAMC - EBANKNIFTY,EBANKNIFTY,,daily,54.53,55.63,54.48,54.94,2170,"Tue, Sep 29, 2026"
EDELAMC - EBBETF0430,EBBETF0430,,daily,1600.69,1612.9,1577.34,1607.4,7638,"Tue, Sep 29, 2026"
EDELAMC - EBBETF0431,EBBETF0431,,daily,1423.5,1434.0,1423.22,1425.71,5894,"Tue, Sep 29, 2026"
EDELAMC - EBBETF0433,EBBETF0433,,daily,1298.0,1299.32,1286.29,1298.53,7062,"Tue, Sep 29, 2026"
GNG Electronics Limited,EBGNG,"Wed, Jul 30, 2025",daily,672.05,690.95,666.1,674.8,544371,"Tue, Sep 29, 2026"
EDELAMC - ECAPINSURE,ECAPINSURE,,daily,22.9,22.95,22.45,22.58,161207,"Tue, Sep 29, 2026"
eClerx Services Limited,ECLERX,"Mon, Dec 31, 2007",daily,1818.0,1829.9,1762.0,1769.7,175169,"Tue, Sep 29, 2026"
Eco Recycling Limited,ECORECO,"Mon, Aug 17, 2026",daily,403.6,405.0,386.0,403.3,25903,"Tue, Sep 29, 2026"
Ecos (India) Mobility & Hospitality Limited,ECOSMOBLTY,"Wed, Sep 04, 2024",daily,107.3,107.3,104.1,105.07,47947,"Tue, Sep 29, 2026"
Edelweiss Financial Services Limited,EDELWEISS,"Wed, Dec 12, 2007",daily,135.0,138.43,132.71,137.77,4623007,"Tue, Sep 29, 2026"
EFC (I) Limited,EFCIL,"Wed, Aug 20, 2025",daily,174.05,176.41,173.65,174.28,128858,"Tue, Sep 29, 2026"
EDELAMC - EGOLD,EGOLD,,daily,146.85,146.85,145.05,145.85,54421,"Tue, Sep 29, 2026"
Eicher Motors Limited,EICHERMOT,"Tue, Sep 07, 2004",daily,7213.5,7268.0,7164.5,7179.0,596560,"Tue, Sep 29, 2026"
EID Parry India Limited,EIDPARRY,"Wed, May 10, 1995",daily,708.5,708.5,690.05,696.25,275246,"Tue, Sep 29, 2026"
Enviro Infra Engineers Limited,EIEL,"Fri, Nov 29, 2024",daily,192.68,193.35,188.6,191.48,453947,"Tue, Sep 29, 2026"
EIH Associated Hotels Limited,EIHAHOTELS,"Tue, Apr 08, 2008",daily,289.0,294.35,286.0,292.35,11583,"Tue, Sep 29, 2026"
EIH Limited,EIHOTEL,"Wed, Feb 08, 1995",daily,298.0,309.0,294.7,301.85,2110585,"Tue, Sep 29, 2026"
Eimco Elecon (India) Limited,EIMCOELECO,"Wed, Apr 17, 1996",daily,2265.6,2304.2,2239.4,2278.3,15830,"Tue, Sep 29, 2026"
Everest Kanto Cylinder Limited,EKC,"Thu, Dec 15, 2005",daily,107.35,108.96,104.81,107.74,219635,"Tue, Sep 29, 2026"
EKI Energy Services Limited,EKI,"Mon, Aug 17, 2026",daily,92.7,100.26,83.3,98.57,318373,"Tue, Sep 29, 2026"
Elantas Beck India Limited,ELANTAS,"Mon, Apr 20, 2026",daily,13720.0,13839.0,13403.0,13649.0,1687,"Tue, Sep 29, 2026"
EL CID Investments Limited,ELCIDIN,"Mon, Apr 20, 2026",daily,103500.0,103500.0,101500.0,102665.0,6,"Tue, Sep 29, 2026"
Eldeco Housing And Industries Limited,ELDEHSG,"Tue, Apr 12, 2022",daily,768.1,768.1,747.0,751.75,277,"Tue, Sep 29, 2026"
Elecon Engineering Company Limited,ELECON,"Fri, Sep 29, 2006",daily,477.85,487.5,468.0,480.4,1322812,"Tue, Sep 29, 2026"
Electrosteel Castings Limited,ELECTCAST,"Fri, Jun 20, 2003",daily,72.94,79.0,71.15,76.53,26225369,"Tue, Sep 29, 2026"
Electrotherm (India) Limited,ELECTHERM,"Mon, Aug 20, 2007",daily,806.6,806.65,775.0,778.35,11981,"Tue, Sep 29, 2026"
Elgi Equipments Limited,ELGIEQUIP,"Wed, Nov 22, 1995",daily,598.95,605.8,591.35,594.85,241659,"Tue, Sep 29, 2026"
Elgi Rubber Company Limited,ELGIRUBCO,"Wed, Aug 10, 2011",daily,53.02,53.51,51.5,52.9,30247,"Tue, Sep 29, 2026"
Elin Electronics Limited,ELIN,"Fri, Dec 30, 2022",daily,86.62,86.98,85.21,86.65,57766,"Tue, Sep 29, 2026"
EDELAMC - ELIQUID,ELIQUID,,daily,1049.69,1049.71,1049.69,1049.7,77793,"Tue, Sep 29, 2026"
Elitecon International Limited,ELITECON,"Mon, Apr 20, 2026",daily,8.84,8.84,8.2,8.2,3594963,"Tue, Sep 29, 2026"
Ellenbarrie Industrial Gases Limited,ELLEN,"Tue, Jul 01, 2025",daily,394.95,394.95,358.65,369.35,7447433,"Tue, Sep 29, 2026"
EDELAMC - ELM250,ELM250,,daily,15.96,15.99,15.52,15.7,103427,"Tue, Sep 29, 2026"
EDELAMC - ELMDIV,ELMDIV,,daily,34.93,34.93,34.93,34.93,9,"Tue, Sep 29, 2026"
Elpro International Limited,ELPROINTL,"Mon, Apr 20, 2026",daily,172.54,172.88,169.81,170.47,23149,"Tue, Sep 29, 2026"
Emami Limited,EMAMILTD,"Thu, Aug 03, 2006",daily,388.6,388.6,376.75,381.05,2619527,"Tue, Sep 29, 2026"
Emami Realty Limited,EMAMIREAL,"Wed, Jul 28, 2010",daily,68.2,68.2,66.2,66.94,2736,"Tue, Sep 29, 2026"
Embassy Developments Limited,EMBDL,"Fri, Mar 23, 2007",daily,56.03,56.64,55.05,56.33,1237266,"Tue, Sep 29, 2026"
Emcure Pharmaceuticals Limited,EMCURE,"Wed, Jul 10, 2024",daily,1922.1,1987.1,1912.0,1959.1,330808,"Tue, Sep 29, 2026"
EDELAMC - EMETAL,EMETAL,,daily,12.88,13.04,12.75,12.76,2041,"Tue, Sep 29, 2026"
Electronics Mart India Limited,EMIL,"Mon, Oct 17, 2022",daily,193.0,198.0,189.8,191.71,2513420,"Tue, Sep 29, 2026"
Emkay Global Financial Services Limited,EMKAY,"Fri, Apr 28, 2006",daily,290.0,295.05,281.0,282.6,139872,"Tue, Sep 29, 2026"
Emmvee Photovoltaic Power Limited,EMMVEE,"Tue, Nov 18, 2025",daily,314.05,319.0,312.45,314.55,1669860,"Tue, Sep 29, 2026"
Empire Industries Limited,EMPIND,"Mon, Aug 17, 2026",daily,1032.1,1053.8,1032.1,1046.2,631,"Tue, Sep 29, 2026"
Empower India Limited,EMPOWER,"Mon, Apr 20, 2026",daily,1.7,1.7,1.7,1.7,3592503,"Tue, Sep 29, 2026"
EMS Limited,EMSLIMITED,"Thu, Sep 21, 2023",daily,340.0,342.5,334.6,337.5,106018,"Tue, Sep 29, 2026"
eMudhra Limited,EMUDHRA,"Wed, Jun 01, 2022",daily,650.2,651.0,621.1,627.15,487802,"Tue, Sep 29, 2026"
EDELAMC - EMULTIMQ,EMULTIMQ,,daily,40.98,40.98,40.05,40.45,13091,"Tue, Sep 29, 2026"
Endurance Technologies Limited,ENDURANCE,"Wed, Oct 19, 2016",daily,2699.0,2714.2,2637.0,2654.8,68032,"Tue, Sep 29, 2026"
MIRAEAMC - ENERGY,ENERGY,,daily,37.0,37.37,36.56,36.95,189506,"Tue, Sep 29, 2026"
AXISAMC - ENERGYAXIS,ENERGYAXIS,,daily,18.33,18.77,18.04,18.43,33344,"Tue, Sep 29, 2026"
Energy Development Company Limited,ENERGYDEV,"Fri, Nov 02, 2007",daily,14.6,14.9,14.59,14.6,17191,"Tue, Sep 29, 2026"
EDELAMC - ENEXT50,ENEXT50,,daily,70.19,71.09,67.64,67.91,3943,"Tue, Sep 29, 2026"
Engineers India Limited,ENGINERSIN,"Wed, Aug 20, 1997",daily,310.1,316.8,304.75,310.2,4987436,"Tue, Sep 29, 2026"
EDELAMC - ENIFTY,ENIFTY,,daily,23.64,25.33,22.63,24.03,5844,"Tue, Sep 29, 2026"
Entertainment Network (India) Limited,ENIL,"Wed, Feb 15, 2006",daily,98.74,98.74,95.12,95.33,9925,"Tue, Sep 29, 2026"
Enkei Wheels (India) Limited,ENKEIWHEL,"Mon, Aug 17, 2026",daily,385.05,400.95,385.0,397.8,1147,"Tue, Sep 29, 2026"
Siemens Energy India Limited,ENRIN,"Thu, Jun 19, 2025",daily,3189.5,3246.0,3164.1,3199.0,346891,"Tue, Sep 29, 2026"
Entero Healthcare Solutions Limited,ENTERO,"Fri, Feb 16, 2024",daily,1780.0,1797.8,1745.8,1764.9,120363,"Tue, Sep 29, 2026"
EPACK Durable Limited,EPACK,"Tue, Jan 30, 2024",daily,179.65,179.65,174.01,177.93,253210,"Tue, Sep 29, 2026"
EPack Prefab Technologies Limited,EPACKPEB,"Wed, Oct 01, 2025",daily,241.74,249.43,238.41,243.32,456672,"Tue, Sep 29, 2026"
Epigral Limited,EPIGRAL,"Wed, Aug 18, 2021",daily,1045.0,1052.4,1013.1,1018.1,35053,"Tue, Sep 29, 2026"
EPL Limited,EPL,"Mon, Feb 11, 2002",daily,236.35,236.35,231.1,233.05,655107,"Tue, Sep 29, 2026"
MIRAEAMC - EQUAL200,EQUAL200,,daily,13.12,13.19,13.04,13.13,33768,"Tue, Sep 29, 2026"
MIRAEAMC - EQUAL50,EQUAL50,,daily,313.52,315.6,313.18,314.93,3465,"Tue, Sep 29, 2026"
DSPAMC - DSPNEWETF,EQUAL50ADD,,daily,327.01,327.01,322.0,325.79,59385,"Tue, Sep 29, 2026"
Equitas Small Finance Bank Limited,EQUITASBNK,"Mon, Nov 02, 2020",daily,66.08,67.79,65.5,67.07,2421082,"Tue, Sep 29, 2026"
Eris Lifesciences Limited,ERIS,"Thu, Jun 29, 2017",daily,1231.0,1293.0,1180.1,1219.3,859869,"Tue, Sep 29, 2026"
Esab India Limited,ESABINDIA,"Wed, Nov 01, 1995",daily,5530.0,5546.0,5447.0,5510.0,2344,"Tue, Sep 29, 2026"
Escorts Kubota Limited,ESCORTS,"Wed, Mar 01, 1995",daily,2740.7,2761.8,2701.0,2706.2,40955,"Tue, Sep 29, 2026"
ESDS Software Solution Limited,ESDS,"Fri, Sep 04, 2026",daily,1588.9,1588.9,1588.9,1588.9,21769,"Tue, Sep 29, 2026"
EDELAMC - ESENSEX,ESENSEX,,daily,74.38,74.41,72.98,74.4,1110,"Tue, Sep 29, 2026"
MIRAEAMC - MAESGETF,ESG,,daily,39.0,39.0,38.73,38.87,8601,"Tue, Sep 29, 2026"
EDELAMC - ESILVER,ESILVER,,daily,220.0,220.13,217.96,218.25,48279,"Tue, Sep 29, 2026"
Essar Shipping Limited,ESSARSHPNG,"Tue, Nov 15, 2011",daily,16.21,18.0,15.7,16.95,710896,"Tue, Sep 29, 2026"
Integra Essentia Limited,ESSENTIA,"Tue, Aug 20, 2013",daily,1.01,1.02,1.0,1.0,1958147,"Tue, Sep 29, 2026"
Ester Industries Limited,ESTER,"Mon, Jun 20, 2011",daily,85.13,85.82,83.0,84.55,44511,"Tue, Sep 29, 2026"
ETERNAL LIMITED,ETERNAL,"Fri, Jul 23, 2021",daily,333.0,333.0,323.65,327.85,30822496,"Tue, Sep 29, 2026"
Ethos Limited,ETHOSLTD,"Mon, May 30, 2022",daily,2502.0,2516.8,2410.4,2489.8,138768,"Tue, Sep 29, 2026"
Eureka Forbes Limited,EUREKAFORB,"Wed, Sep 11, 2024",daily,358.4,365.8,350.0,362.95,561407,"Tue, Sep 29, 2026"
Euro Panel Products Limited,EUROBOND,"Fri, Aug 01, 2025",daily,149.0,149.0,145.05,147.12,1612,"Tue, Sep 29, 2026"
Euro Pratik Sales Limited,EUROPRATIK,"Tue, Sep 23, 2025",daily,206.4,206.45,198.55,202.05,257897,"Tue, Sep 29, 2026"
Eurotex Industries and Exports Limited,EUROTEXIND,"Wed, Jan 31, 1996",daily,13.1,14.1,12.5,13.0,2224,"Tue, Sep 29, 2026"
Eveready Industries India Limited,EVEREADY,"Wed, Apr 27, 2005",daily,319.95,324.3,315.85,318.9,45033,"Tue, Sep 29, 2026"
ICICIPRAMC - EVIETF,EVIETF,,daily,31.49,31.49,30.5,30.73,168058,"Tue, Sep 29, 2026"
MIRAEAMC - EVINDIA,EVINDIA,,daily,31.6,31.6,30.55,30.69,214872,"Tue, Sep 29, 2026"
Excel Industries Limited,EXCELINDUS,"Wed, Jun 16, 2004",daily,942.8,942.8,917.1,924.8,23883,"Tue, Sep 29, 2026"
Excelsoft Technologies Limited,EXCELSOFT,"Wed, Nov 26, 2025",daily,85.0,85.0,82.05,83.39,798928,"Tue, Sep 29, 2026"
Exicom Tele-Systems Limited,EXICOM,"Tue, Mar 05, 2024",daily,156.4,157.0,150.22,152.97,645786,"Tue, Sep 29, 2026"
Exide Industries Limited,EXIDEIND,"Tue, Jun 17, 2003",daily,411.0,414.5,403.15,407.0,2034310,"Tue, Sep 29, 2026"
Expleo Solutions Limited,EXPLEOSOL,"Mon, Oct 26, 2009",daily,868.1,869.85,855.5,858.3,8798,"Tue, Sep 29, 2026"
Exxaro Tiles Limited,EXXARO,"Mon, Aug 16, 2021",daily,6.16,6.17,6.01,6.09,172278,"Tue, Sep 29, 2026"
Fabtech Technologies Limited,FABTECH,"Tue, Oct 07, 2025",daily,144.0,148.4,142.61,147.47,61853,"Tue, Sep 29, 2026"
Fertilizers and Chemicals Travancore Limited,FACT,"Wed, Apr 12, 1995",daily,760.65,781.9,740.1,757.2,710398,"Tue, Sep 29, 2026"
Faze Three Limited,FAZE3Q,"Fri, Nov 18, 2022",daily,427.25,429.75,418.0,422.2,9297,"Tue, Sep 29, 2026"
Fineotex Chemical Limited,FCL,"Thu, Jan 15, 2015",daily,57.39,58.42,55.55,57.94,19042160,"Tue, Sep 29, 2026"
FCS Software Solutions Limited,FCSSOFT,"Wed, Sep 21, 2005",daily,1.38,1.43,1.37,1.39,2848817,"Tue, Sep 29, 2026"
FDC Limited,FDC,"Thu, Aug 07, 1997",daily,341.3,351.9,340.15,350.1,111778,"Tue, Sep 29, 2026"
Fedders Holding Limited,FEDDERSHOL,"Mon, Apr 20, 2026",daily,62.97,64.08,59.11,60.69,3808343,"Tue, Sep 29, 2026"
The Federal Bank  Limited,FEDERALBNK,"Wed, Feb 08, 1995",daily,325.65,326.85,320.2,320.2,9570469,"Tue, Sep 29, 2026"
Fedbank Financial Services Limited,FEDFINA,"Thu, Nov 30, 2023",daily,150.1,150.46,147.33,148.86,1080152,"Tue, Sep 29, 2026"
Fermenta Biotech Limited,FERMENTA,"Tue, Aug 04, 2026",daily,501.0,575.1,496.4,551.35,3374367,"Tue, Sep 29, 2026"
Fiberweb (India) Limited,FIBERWEB,"Wed, Feb 16, 2022",daily,26.4,27.46,26.03,26.79,12963,"Tue, Sep 29, 2026"
Fiem Industries Limited,FIEMIND,"Thu, Oct 19, 2006",daily,1926.0,1939.7,1901.3,1921.1,36157,"Tue, Sep 29, 2026"
Filatex India Limited,FILATEX,"Mon, Aug 29, 2011",daily,111.48,113.94,109.21,112.0,4756161,"Tue, Sep 29, 2026"
Filatex Fashions Limited,FILATFASH,"Mon, May 06, 2024",daily,0.19,0.19,0.18,0.18,16791914,"Tue, Sep 29, 2026"
Finolex Cables Limited,FINCABLES,"Wed, Feb 15, 1995",daily,1408.1,1459.8,1396.4,1435.5,769597,"Tue, Sep 29, 2026"
Fine Organic Industries Limited,FINEORG,"Mon, Jul 02, 2018",daily,5090.0,5162.0,5070.0,5140.0,11866,"Tue, Sep 29, 2026"
ICICIPRAMC-ICICIFIN,FINIETF,,daily,31.0,31.0,30.1,30.42,471231,"Tue, Sep 29, 2026"
Finkurve Financial Services Limited,FINKURVE,"Wed, Oct 01, 2025",daily,69.48,73.02,68.8,69.37,49299,"Tue, Sep 29, 2026"
Fino Payments Bank Limited,FINOPB,"Fri, Nov 12, 2021",daily,127.65,130.05,125.05,129.23,175313,"Tue, Sep 29, 2026"
Finolex Industries Limited,FINPIPE,"Wed, Feb 08, 1995",daily,151.0,152.2,149.65,151.15,414515,"Tue, Sep 29, 2026"
Brainbees Solutions Limited,FIRSTCRY,"Tue, Aug 13, 2024",daily,184.72,190.0,178.78,184.37,8233520,"Tue, Sep 29, 2026"
Fischer Medical Ventures Limited,FISCHER,"Thu, Jul 10, 2025",daily,34.9,35.5,32.85,33.68,1344456,"Tue, Sep 29, 2026"
Five-Star Business Finance Limited,FIVESTAR,"Mon, Nov 21, 2022",daily,517.05,517.5,491.0,497.25,1439331,"Tue, Sep 29, 2026"
Flair Writing Industries Limited,FLAIR,"Fri, Dec 01, 2023",daily,234.46,237.95,230.0,230.38,105035,"Tue, Sep 29, 2026"
DSPAMC - FLEXIADD,FLEXIADD,,daily,9.84,9.84,9.38,9.45,1273684,"Tue, Sep 29, 2026"
Gujarat Fluorochemicals Limited,FLUOROCHEM,"Wed, Oct 16, 2019",daily,4443.7,4472.3,4360.0,4406.2,57702,"Tue, Sep 29, 2026"
DSPAMC - FMCGADD,FMCGADD,,daily,45.67,45.88,45.06,45.19,16005,"Tue, Sep 29, 2026"
ICICIPRAMC - ICICIFMCG,FMCGIETF,,daily,48.76,49.05,48.16,48.35,1556607,"Tue, Sep 29, 2026"
Federal-Mogul Goetze (India) Limited.,FMGOETZE,"Wed, Feb 08, 1995",daily,458.65,462.2,452.55,460.1,99572,"Tue, Sep 29, 2026"
Future Market Networks Limited,FMNL,"Fri, Dec 31, 2010",daily,8.05,8.17,7.61,7.97,68724,"Tue, Sep 29, 2026"
Foods & Inns Limited,FOODSIN,"Tue, Nov 16, 2021",daily,52.83,53.24,50.5,51.46,105082,"Tue, Sep 29, 2026"
FORCE MOTORS LTD,FORCEMOT,"Wed, Feb 14, 2024",daily,17100.0,17146.0,16761.0,16905.0,82027,"Tue, Sep 29, 2026"
Fortis Healthcare Limited,FORTIS,"Wed, May 09, 2007",daily,833.0,838.05,815.2,822.0,2532368,"Tue, Sep 29, 2026"
Foseco India Limited,FOSECOIND,"Mon, May 05, 2003",daily,6298.0,6400.0,6210.5,6335.0,9967,"Tue, Sep 29, 2026"
Fractal Analytics Limited,FRACTAL,"Mon, Feb 16, 2026",daily,742.45,759.7,740.25,753.15,1079289,"Tue, Sep 29, 2026"
Fredun Pharmaceuticals Limited,FREDUN,"Mon, Aug 17, 2026",daily,1393.8,1424.9,1295.0,1392.4,91403,"Tue, Sep 29, 2026"
Frontier Springs Limited,FRONTSP,"Mon, Apr 20, 2026",daily,1431.0,1431.0,1339.0,1394.1,52600,"Tue, Sep 29, 2026"
Firstsource Solutions Limited,FSL,"Thu, Feb 22, 2007",daily,256.0,257.0,248.0,248.9,406764,"Tue, Sep 29, 2026"
Fusion Finance Limited,FUSION,"Tue, Nov 15, 2022",daily,170.71,176.58,168.35,173.3,1397767,"Tue, Sep 29, 2026"
Gabriel India Limited,GABRIEL,"Wed, Apr 20, 2005",daily,1355.0,1355.1,1294.0,1303.9,218766,"Tue, Sep 29, 2026"
Gujarat Ambuja Exports Limited,GAEL,"Wed, Oct 11, 2000",daily,158.93,163.14,157.15,161.75,452046,"Tue, Sep 29, 2026"
GAIL (India) Limited,GAIL,"Wed, Apr 02, 1997",daily,172.34,173.26,168.43,170.04,12119087,"Tue, Sep 29, 2026"
Gaja Alternative Asset Management Limited,GAJA,"Wed, Aug 26, 2026",daily,141.3,142.79,139.4,140.42,304080,"Tue, Sep 29, 2026"
Gala Precision Engineering Limited,GALAPREC,"Mon, Sep 09, 2024",daily,1140.0,1190.9,1119.6,1157.7,60527,"Tue, Sep 29, 2026"
Galaxy Surfactants Limited,GALAXYSURF,"Thu, Feb 08, 2018",daily,2191.0,2325.0,2188.9,2301.2,34404,"Tue, Sep 29, 2026"
Gallantt Ispat Limited,GALLANTT,"Tue, Apr 04, 2006",daily,540.9,547.0,527.55,539.1,53198,"Tue, Sep 29, 2026"
Gandhar Oil Refinery (India) Limited,GANDHAR,"Thu, Nov 30, 2023",daily,261.9,274.55,258.0,273.55,691116,"Tue, Sep 29, 2026"
Gandhi Special Tubes Limited,GANDHITUBE,"Wed, Jan 31, 2007",daily,948.0,988.65,937.1,966.55,23674,"Tue, Sep 29, 2026"
Ganesha Ecosphere Limited,GANECOS,"Mon, Mar 09, 2015",daily,1011.0,1030.0,1000.0,1010.6,45421,"Tue, Sep 29, 2026"
Ganesh Consumer Products Limited,GANESHCP,"Mon, Sep 29, 2025",daily,158.01,158.99,152.0,153.08,110782,"Tue, Sep 29, 2026"
GANESH HOUSING LIMITED,GANESHHOU,"Fri, Mar 02, 2007",daily,720.65,724.95,702.35,706.65,28836,"Tue, Sep 29, 2026"
Ganga Forging Limited,GANGAFORGE,"Tue, Jul 06, 2021",daily,1.35,1.47,1.35,1.47,1779126,"Tue, Sep 29, 2026"
Garware Technical Fibres Limited,GARFIBRES,"Tue, Apr 03, 2007",daily,775.45,777.4,750.0,753.85,26654,"Tue, Sep 29, 2026"
Garuda Construction and Engineering Limited,GARUDA,"Tue, Oct 15, 2024",daily,178.8,178.8,174.07,176.56,301597,"Tue, Sep 29, 2026"
Gateway Distriparks Limited,GATEWAY,"Tue, Mar 22, 2022",daily,51.71,52.35,51.42,51.57,709691,"Tue, Sep 29, 2026"
Gaudium IVF and Women Health Limited,GAUDIUMIVF,"Fri, Feb 27, 2026",daily,111.5,115.5,111.5,113.9,223577,"Tue, Sep 29, 2026"
Gayatri Highways Limited,GAYAHWS,"Thu, Jun 28, 2018",daily,1.84,1.85,1.75,1.84,120182,"Tue, Sep 29, 2026"
Gayatri Projects Limited,GAYAPROJ,"Mon, Aug 22, 2011",daily,22.23,22.89,21.51,22.44,541787,"Tue, Sep 29, 2026"
Gretex Corporate Services Limited,GCSL,"Thu, Sep 04, 2025",daily,667.5,671.0,657.7,666.25,378027,"Tue, Sep 29, 2026"
Geekay Wires Limited,GEEKAYWIRE,"Fri, Mar 06, 2020",daily,31.51,32.11,30.31,30.5,190025,"Tue, Sep 29, 2026"
Gem Aromatics Limited,GEMAROMA,"Tue, Aug 26, 2025",daily,156.0,158.88,153.08,157.76,46771,"Tue, Sep 29, 2026"
Generic Engineering Construction and Projects Limited,GENCON,"Tue, Feb 16, 2021",daily,38.0,38.21,36.5,37.12,364800,"Tue, Sep 29, 2026"
Genesys International Corporation Limited,GENESYS,"Thu, Jan 23, 2003",daily,282.13,282.4,275.0,277.68,211324,"Tue, Sep 29, 2026"
Genus Paper & Boards Limited,GENUSPAPER,"Mon, Feb 16, 2015",daily,10.11,11.4,9.25,10.25,353410,"Tue, Sep 29, 2026"
Genus Power Infrastructures Limited,GENUSPOWER,"Fri, Jul 08, 2005",daily,294.0,301.0,290.0,293.65,2057886,"Tue, Sep 29, 2026"
Geojit Financial Services Limited,GEOJITFSL,"Fri, Jul 01, 2005",daily,77.22,79.28,76.16,76.76,378266,"Tue, Sep 29, 2026"
The Great Eastern Shipping Company Limited,GESHIP,"Mon, Nov 27, 2006",daily,1533.4,1582.0,1526.1,1537.8,2264928,"Tue, Sep 29, 2026"
GFL Limited,GFLLIMITED,"Thu, May 25, 1995",daily,56.99,57.0,54.0,55.7,55498,"Tue, Sep 29, 2026"
GHCL Limited,GHCL,"Thu, Jul 31, 2003",daily,410.5,410.5,396.0,404.55,600220,"Tue, Sep 29, 2026"
GHCL Textiles Limited,GHCLTEXTIL,"Mon, Jun 12, 2023",daily,135.6,135.65,128.16,132.27,524448,"Tue, Sep 29, 2026"
GIC Housing Finance Limited,GICHSGFIN,"Wed, May 08, 1996",daily,136.0,136.6,132.63,133.71,116666,"Tue, Sep 29, 2026"
General Insurance Corporation of India,GICRE,"Wed, Oct 25, 2017",daily,329.2,329.75,319.0,320.25,691287,"Tue, Sep 29, 2026"
Gillanders Arbuthnot & Company Limited,GILLANDERS,"Mon, Dec 14, 2009",daily,114.0,114.0,106.17,110.75,17774,"Tue, Sep 29, 2026"
Gillette India Limited,GILLETTE,"Wed, Jul 30, 2003",daily,6930.0,7020.0,6870.0,6963.5,30311,"Tue, Sep 29, 2026"
UTIAMC-GILT10BETA,GILT10BETA,,daily,26.65,27.17,25.5,26.06,234,"Tue, Sep 29, 2026"
UTIAMC-GILT5BETA,GILT5BETA,,daily,66.12,66.44,65.61,65.62,1637,"Tue, Sep 29, 2026"
RELCAPAMC - NETFGILT5Y,GILT5YBEES,,daily,67.34,67.34,65.49,65.79,162764,"Tue, Sep 29, 2026"
Gujarat Industries Power Company Limited,GIPCL,"Wed, Feb 08, 1995",daily,183.0,184.94,179.17,181.56,251494,"Tue, Sep 29, 2026"
GKB Ophthalmics Limited,GKB,"Mon, Aug 17, 2026",daily,65.37,67.0,65.0,65.93,4600,"Tue, Sep 29, 2026"
GK Energy Limited,GKENERGY,"Fri, Sep 26, 2025",daily,120.99,121.81,118.99,119.4,444548,"Tue, Sep 29, 2026"
Gujarat Kidney And Super Speciality Limited,GKSL,"Tue, Dec 30, 2025",daily,175.4,178.0,172.11,175.89,627188,"Tue, Sep 29, 2026"
GKW Limited,GKWLIMITED,"Mon, Jul 20, 2009",daily,1525.1,1550.0,1501.8,1542.0,404,"Tue, Sep 29, 2026"
Gland Pharma Limited,GLAND,"Fri, Nov 20, 2020",daily,2896.6,3024.0,2896.6,2989.7,876878,"Tue, Sep 29, 2026"
Glass Wall Systems (India) Limited,GLASSWALL,"Wed, Sep 16, 2026",daily,271.0,297.0,264.15,286.55,11915458,"Tue, Sep 29, 2026"
GlaxoSmithKline Pharmaceuticals Limited,GLAXO,"Fri, Dec 15, 2000",daily,2888.0,2899.9,2770.6,2783.8,49829,"Tue, Sep 29, 2026"
Glenmark Pharmaceuticals Limited,GLENMARK,"Mon, Feb 07, 2000",daily,2330.4,2441.5,2292.0,2441.5,1277155,"Tue, Sep 29, 2026"
Gujarat Lease Financing Limited,GLFL,"Wed, Feb 08, 1995",daily,5.25,5.27,5.25,5.27,30420,"Tue, Sep 29, 2026"
Global Education Limited,GLOBAL,"Mon, Dec 07, 2020",daily,134.4,135.03,132.1,133.01,79535,"Tue, Sep 29, 2026"
Globale Tessile Limited,GLOBALE,"Tue, Aug 27, 2024",daily,10.27,11.32,10.27,10.64,5574,"Tue, Sep 29, 2026"
Global Vectra Helicorp Limited,GLOBALVECT,"Fri, Oct 27, 2006",daily,136.25,136.25,129.0,131.98,4033,"Tue, Sep 29, 2026"
GLOBE ENTERPRISES (INDIA) LIMITED,GLOBE,"Wed, Oct 07, 2020",daily,2.2,2.2,2.12,2.14,601492,"Tue, Sep 29, 2026"
Globe Civil Projects Limited,GLOBECIVIL,"Tue, Jul 01, 2025",daily,43.5,43.75,41.66,42.06,26879,"Tue, Sep 29, 2026"
Globus Spirits Limited,GLOBUSSPR,"Wed, Sep 23, 2009",daily,820.0,820.05,801.1,804.8,69920,"Tue, Sep 29, 2026"
Gloster Limited,GLOSTERLTD,"Fri, Apr 26, 2024",daily,559.9,559.9,536.2,539.25,1121,"Tue, Sep 29, 2026"
Glottis Limited,GLOTTIS,"Tue, Oct 07, 2025",daily,62.44,62.44,59.11,61.02,48803,"Tue, Sep 29, 2026"
GM Breweries Limited,GMBREW,"Wed, Aug 23, 1995",daily,966.45,981.0,953.15,962.95,36309,"Tue, Sep 29, 2026"
Gujarat Mineral Development Corporation Limited,GMDCLTD,"Wed, Dec 17, 1997",daily,521.0,521.8,510.05,513.2,728657,"Tue, Sep 29, 2026"
GMM Pfaudler Limited,GMMPFAUDLR,"Mon, Mar 05, 2018",daily,1475.4,1505.7,1455.0,1477.1,478619,"Tue, Sep 29, 2026"
GMR AIRPORTS LIMITED,GMRAIRPORT,"Mon, Aug 21, 2006",daily,94.1,94.74,93.5,93.75,10060323,"Tue, Sep 29, 2026"
GMR Power and Urban Infra Limited,GMRP&UI,"Wed, Mar 23, 2022",daily,101.8,102.0,99.4,100.72,1380706,"Tue, Sep 29, 2026"
GNA Axles Limited,GNA,"Mon, Sep 26, 2016",daily,597.0,600.0,575.4,593.75,499013,"Tue, Sep 29, 2026"
Gujarat Narmada Valley Fertilizers and Chemicals Limited,GNFC,"Wed, May 17, 1995",daily,619.0,627.55,609.85,611.5,588636,"Tue, Sep 29, 2026"
Gujarat Natural Resources Limited,GNRL,"Mon, Apr 20, 2026",daily,99.12,99.12,96.9,98.16,76012,"Tue, Sep 29, 2026"
Goa Carbon Limited,GOACARBON,"Tue, Jun 05, 2007",daily,407.85,409.85,396.55,408.85,14749,"Tue, Sep 29, 2026"
GOCL Corporation Limited,GOCLCORP,"Thu, Jun 26, 2014",daily,381.05,381.05,359.75,363.65,220064,"Tue, Sep 29, 2026"
Go Fashion (India) Limited,GOCOLORS,"Tue, Nov 30, 2021",daily,305.7,312.7,301.0,304.3,74604,"Tue, Sep 29, 2026"
Godavari Biorefineries Limited,GODAVARIB,"Wed, Oct 30, 2024",daily,227.78,237.79,226.01,236.48,60955,"Tue, Sep 29, 2026"
Godfrey Phillips India Limited,GODFRYPHLP,"Wed, Jul 24, 1996",daily,1941.9,1944.2,1862.0,1862.0,297806,"Tue, Sep 29, 2026"
Go Digit General Insurance Limited,GODIGIT,"Thu, May 23, 2024",daily,263.1,263.1,251.8,253.2,3238407,"Tue, Sep 29, 2026"
Godrej Agrovet Limited,GODREJAGRO,"Mon, Oct 16, 2017",daily,640.1,643.15,626.7,631.7,96669,"Tue, Sep 29, 2026"
Godrej Consumer Products Limited,GODREJCP,"Wed, Jun 20, 2001",daily,868.0,870.0,850.0,855.0,1360604,"Tue, Sep 29, 2026"
Godrej Industries Limited,GODREJIND,"Tue, Feb 25, 2003",daily,1070.9,1074.8,1051.0,1055.7,40543,"Tue, Sep 29, 2026"
Godrej Properties Limited,GODREJPROP,"Tue, Jan 05, 2010",daily,1666.0,1671.3,1634.4,1634.4,410924,"Tue, Sep 29, 2026"
Gokaldas Exports Limited,GOKEX,"Wed, Apr 27, 2005",daily,666.0,687.55,666.0,678.55,506154,"Tue, Sep 29, 2026"
Gokul Refoils and Solvent Limited,GOKUL,"Wed, Jun 04, 2008",daily,39.28,40.45,38.87,39.41,162016,"Tue, Sep 29, 2026"
Gokul Agro Resources Limited,GOKULAGRO,"Fri, Mar 11, 2016",daily,216.16,217.98,212.32,215.23,284570,"Tue, Sep 29, 2026"
KOTAK GOLD ETF,GOLD1,,daily,122.12,122.25,121.0,121.78,1778304,"Tue, Sep 29, 2026"
360ONEAMC - GOLD360,GOLD360,,daily,143.35,143.35,141.5,142.05,11095,"Tue, Sep 29, 2026"
DSPAMC - DSPGOLD,GOLDADD,,daily,14.27,14.3,14.08,14.16,7563524,"Tue, Sep 29, 2026"
AXISAMC-GOLDAXIS,GOLDAXIS,,daily,121.67,121.79,120.46,121.37,2222190,"Tue, Sep 29, 2026"
NIP IND ETF GOLD BEES,GOLDBEES,,daily,120.93,121.09,119.8,120.64,28612025,"Tue, Sep 29, 2026"
UTIAMC-UTIGOLDBETA,GOLDBETA,,daily,123.5,123.5,122.0,123.0,659494,"Tue, Sep 29, 2026"
BANDHANAMC - GOLDBND,GOLDBND,,daily,146.98,146.98,145.0,146.11,37455,"Tue, Sep 29, 2026"
ZERODHAAMC - GOLDCASE,GOLDCASE,,daily,23.03,23.12,22.82,22.97,11868737,"Tue, Sep 29, 2026"
MIRAEAMC - MAGOLDETF,GOLDETF,,daily,142.12,143.63,141.12,142.06,1407805,"Tue, Sep 29, 2026"
Goldiam International Limited,GOLDIAM,"Mon, Aug 29, 2005",daily,312.6,330.9,310.0,322.85,931591,"Tue, Sep 29, 2026"
ICICI PRUDENTIAL GOLD ETF,GOLDIETF,,daily,125.27,125.47,124.08,124.94,5511528,"Tue, Sep 29, 2026"
Goodluck India Limited,GOODLUCK,"Thu, Jan 08, 2015",daily,522.75,533.0,513.6,528.6,328494,"Tue, Sep 29, 2026"
Goodyear India Limited,GOODYEAR,"Mon, Apr 20, 2026",daily,700.0,714.7,697.55,702.55,3148,"Tue, Sep 29, 2026"
Gopal Snacks Limited,GOPAL,"Thu, Mar 14, 2024",daily,255.45,255.45,247.6,253.0,79078,"Tue, Sep 29, 2026"
Goyal Aluminiums Limited,GOYALALUM,"Fri, Nov 04, 2022",daily,6.04,6.04,5.8,5.88,59801,"Tue, Sep 29, 2026"
Godawari Power And Ispat limited,GPIL,"Tue, Apr 25, 2006",daily,225.6,225.6,220.1,221.35,1239698,"Tue, Sep 29, 2026"
Gujarat Pipavav Port Limited,GPPL,"Thu, Sep 09, 2010",daily,159.6,161.46,157.66,160.54,1153476,"Tue, Sep 29, 2026"
GPT Healthcare Limited,GPTHEALTH,"Thu, Feb 29, 2024",daily,156.1,157.2,153.11,153.8,47460,"Tue, Sep 29, 2026"
GPT Infraprojects Limited,GPTINFRA,"Mon, Jul 11, 2016",daily,116.27,117.69,113.94,115.72,228789,"Tue, Sep 29, 2026"
Grand Oak Canyons Distillery Limited,GRANDOAK,"Mon, Apr 20, 2026",daily,34.1,35.8,34.0,35.72,4390,"Tue, Sep 29, 2026"
Granules India Limited,GRANULES,"Mon, Jun 20, 2005",daily,850.0,876.95,847.0,866.75,1132457,"Tue, Sep 29, 2026"
Graphite India Limited,GRAPHITE,"Fri, Feb 07, 2003",daily,791.2,805.45,778.8,801.55,1043628,"Tue, Sep 29, 2026"
Grasim Industries Limited,GRASIM,"Wed, May 10, 1995",daily,3149.2,3151.5,3089.0,3100.0,1153762,"Tue, Sep 29, 2026"
Grauer & Weil India Limited,GRAUWEIL,"Mon, Apr 20, 2026",daily,83.1,84.78,82.26,82.78,349190,"Tue, Sep 29, 2026"
Gravita India Limited,GRAVITA,"Tue, Nov 16, 2010",daily,1470.0,1488.1,1441.1,1446.9,218555,"Tue, Sep 29, 2026"
Greaves Cotton Limited,GREAVESCOT,"Thu, Sep 09, 2004",daily,230.7,238.3,228.87,234.99,2928868,"Tue, Sep 29, 2026"
Greenlam Industries Limited,GREENLAM,"Mon, Mar 02, 2015",daily,218.8,218.8,210.95,214.3,69454,"Tue, Sep 29, 2026"
Greenpanel Industries Limited,GREENPANEL,"Wed, Oct 23, 2019",daily,159.0,160.86,155.5,159.05,154127,"Tue, Sep 29, 2026"
Greenply Industries Limited,GREENPLY,"Wed, Mar 06, 1996",daily,279.9,284.8,272.45,280.25,238151,"Tue, Sep 29, 2026"
Orient Green Power Company Limited,GREENPOWER,"Fri, Oct 08, 2010",daily,8.68,8.9,8.58,8.85,2035250,"Tue, Sep 29, 2026"
Grindwell Norton Limited,GRINDWELL,"Mon, Sep 11, 2006",daily,1908.6,1930.9,1901.2,1916.7,21270,"Tue, Sep 29, 2026"
G R Infraprojects Limited,GRINFRA,"Mon, Jul 19, 2021",daily,799.3,820.0,789.15,816.25,16367,"Tue, Sep 29, 2026"
GRM Overseas Limited,GRMOVER,"Wed, Sep 07, 2022",daily,80.0,80.0,78.11,78.76,812391,"Tue, Sep 29, 2026"
The Grob Tea Company Limited,GROBTEA,"Thu, Jul 14, 2016",daily,919.0,919.0,882.4,899.0,54,"Tue, Sep 29, 2026"
Billionbrains Garage Ventures Limited,GROWW,"Wed, Nov 12, 2025",daily,183.39,185.39,179.35,183.52,26593111,"Tue, Sep 29, 2026"
GROWWAMC - GROWWCAPM,GROWWCAPM,,daily,11.09,11.09,10.69,10.79,336145,"Tue, Sep 29, 2026"
GROWWAMC - GROWWCHEM,GROWWCHEM,,daily,29.04,29.28,28.29,28.5,44109,"Tue, Sep 29, 2026"
GROWWAMC - GROWWDEFNC,GROWWDEFNC,,daily,92.4,96.0,90.84,93.06,171105,"Tue, Sep 29, 2026"
GROWWAMC - GROWWEV,GROWWEV,,daily,30.95,31.02,30.15,30.28,241395,"Tue, Sep 29, 2026"
GROWWAMC - GROWWGOLD,GROWWGOLD,,daily,14.29,14.34,14.16,14.25,1509304,"Tue, Sep 29, 2026"
GROWWAMC - GROWWHOSPI,GROWWHOSPI,,daily,51.31,51.56,50.32,50.48,166419,"Tue, Sep 29, 2026"
GROWWAMC - GROWWLIQID,GROWWLIQID,,daily,110.94,110.95,110.94,110.94,281604,"Tue, Sep 29, 2026"
GROWWAMC - GROWWLOVOL,GROWWLOVOL,,daily,10.0,10.16,9.85,9.89,14447,"Tue, Sep 29, 2026"
GROWWAMC - GROWWMC150,GROWWMC150,,daily,220.93,225.48,216.1,222.58,436,"Tue, Sep 29, 2026"
GROWWAMC - GROWWMETAL,GROWWMETAL,,daily,12.05,12.5,12.05,12.26,168540,"Tue, Sep 29, 2026"
GROWWAMC - GROWWMOM50,GROWWMOM50,,daily,10.74,10.74,10.5,10.6,131746,"Tue, Sep 29, 2026"
GROWWAMC - GROWWN200,GROWWN200,,daily,10.79,10.99,10.57,10.61,60712,"Tue, Sep 29, 2026"
GROWWAMC - GROWWNET,GROWWNET,,daily,10.0,10.34,9.89,10.21,945445,"Tue, Sep 29, 2026"
GROWWAMC - GROWWNIFTY,GROWWNIFTY,,daily,9.39,9.39,9.15,9.25,861131,"Tue, Sep 29, 2026"
GROWWAMC - GROWWNXT50,GROWWNXT50,,daily,70.68,70.7,69.75,70.4,5506,"Tue, Sep 29, 2026"
GROWWAMC - GROWWPOWER,GROWWPOWER,,daily,10.85,11.01,10.7,10.9,1594097,"Tue, Sep 29, 2026"
GROWWAMC - GROWWPSE,GROWWPSE,,daily,96.48,96.48,93.37,95.16,3070,"Tue, Sep 29, 2026"
GROWWAMC - GROWWPSUBK,GROWWPSUBK,,daily,82.28,82.89,79.43,80.87,3090,"Tue, Sep 29, 2026"
GROWWAMC - GROWWRAIL,GROWWRAIL,,daily,26.02,26.45,25.9,26.23,748444,"Tue, Sep 29, 2026"
GROWWAMC - GROWWRLTY,GROWWRLTY,,daily,9.54,9.8,9.31,9.36,161501,"Tue, Sep 29, 2026"
GROWWAMC - GROWWSC250,GROWWSC250,,daily,10.12,10.43,10.12,10.3,99403,"Tue, Sep 29, 2026"
GROWWAMC - GROWWSLVR,GROWWSLVR,,daily,21.59,21.66,21.36,21.44,1330369,"Tue, Sep 29, 2026"
GRP Limited,GRPLTD,"Thu, Feb 12, 2015",daily,1949.2,1952.0,1890.0,1899.4,2313,"Tue, Sep 29, 2026"
Garden Reach Shipbuilders & Engineers Limited,GRSE,"Wed, Oct 10, 2018",daily,2234.0,2242.7,2191.9,2206.1,428953,"Tue, Sep 29, 2026"
Garware Hi-Tech Films Limited,GRWRHITECH,"Thu, Feb 03, 2022",daily,6665.5,7048.0,6555.0,7016.5,70353,"Tue, Sep 29, 2026"
BIRLASLAMC - GSEC10ABSL,GSEC10ABSL,,daily,111.92,111.92,111.92,111.92,1,"Tue, Sep 29, 2026"
DSPAMC - GSEC10ADD,GSEC10ADD,,daily,26.54,26.54,26.54,26.54,1,"Tue, Sep 29, 2026"
ICICIPRAMC - ICICI10GS,GSEC10IETF,,daily,262.12,262.12,262.12,262.12,16,"Tue, Sep 29, 2026"
MIRAEAMC - MAGS813ETF,GSEC10YEAR,,daily,30.1,30.1,29.75,29.81,5045,"Tue, Sep 29, 2026"
ICICIPRAMC - ICICI5GSEC,GSEC5IETF,,daily,66.29,66.29,65.8,65.92,20021,"Tue, Sep 29, 2026"
Gujarat State Fertilizers & Chemicals Limited,GSFC,"Wed, Sep 06, 1995",daily,153.04,153.12,151.0,151.65,493454,"Tue, Sep 29, 2026"
Global Surfaces Limited,GSLSU,"Thu, Mar 23, 2023",daily,30.05,31.56,29.12,30.74,37143,"Tue, Sep 29, 2026"
GSP Crop Science Limited,GSPCROP,"Tue, Mar 24, 2026",daily,480.05,498.45,467.0,469.45,307995,"Tue, Sep 29, 2026"
GSS Infotech Limited,GSS,"Fri, Mar 07, 2008",daily,10.79,10.79,10.08,10.25,24185,"Tue, Sep 29, 2026"
G-TEC JAINX EDUCATION LIMITED,GTECJAINX,"Fri, Nov 13, 2020",daily,29.66,29.66,29.66,29.66,14074,"Tue, Sep 29, 2026"
GTL Limited,GTL,"Wed, Mar 29, 1995",daily,6.98,7.0,6.65,6.75,238653,"Tue, Sep 29, 2026"
GTL Infrastructure Limited,GTLINFRA,"Thu, Nov 09, 2006",daily,1.1,1.1,1.07,1.08,31011505,"Tue, Sep 29, 2026"
GTPL Hathway Limited,GTPL,"Tue, Jul 04, 2017",daily,54.89,55.88,53.75,54.11,13819,"Tue, Sep 29, 2026"
Gufic Biosciences Limited,GUFICBIO,"Tue, Oct 19, 2004",daily,421.0,445.0,416.35,436.5,146625,"Tue, Sep 29, 2026"
Gujarat Alkalies and Chemicals Limited,GUJALKALI,"Thu, Aug 07, 1997",daily,606.4,645.0,604.7,627.15,251288,"Tue, Sep 29, 2026"
Gujarat Apollo Industries Limited,GUJAPOLLO,"Mon, Jun 04, 2007",daily,342.4,343.7,329.0,330.65,11411,"Tue, Sep 29, 2026"
GUJARAT ENERGY LIMITED,GUJENERGY,"Tue, Sep 15, 2015",daily,234.99,241.02,229.4,236.61,2304043,"Tue, Sep 29, 2026"
Gujarat Raffia Industries Limited,GUJRAFFIA,"Wed, Oct 09, 1996",daily,39.0,40.4,39.0,40.21,565,"Tue, Sep 29, 2026"
Gujarat Themis Biosyn Limited,GUJTHEM,"Tue, Feb 25, 2025",daily,395.4,410.0,392.6,406.5,166047,"Tue, Sep 29, 2026"
Gulf Oil Lubricants India Limited,GULFOILLUB,"Thu, Jul 31, 2014",daily,1110.5,1118.3,1088.2,1105.8,29989,"Tue, Sep 29, 2026"
Gulshan Polyols Limited,GULPOLY,"Wed, Jan 28, 2015",daily,165.4,166.94,162.0,165.15,70194,"Tue, Sep 29, 2026"
GE Power India Limited,GVPIL,"Wed, Apr 19, 2000",daily,656.95,683.95,645.05,683.95,143048,"Tue, Sep 29, 2026"
GE Vernova T&D India Limited,GVT&D,"Mon, Jun 30, 2008",daily,4198.8,4229.0,4110.9,4130.3,903170,"Tue, Sep 29, 2026"
Gyftr Limited,GYFTR,"Fri, Jul 10, 2026",daily,159.68,164.59,153.41,156.36,257670,"Tue, Sep 29, 2026"
Hindustan Aeronautics Limited,HAL,"Wed, Mar 28, 2018",daily,4723.0,4723.1,4549.3,4549.3,1096291,"Tue, Sep 29, 2026"
Halder Venture Limited,HALDER,"Mon, Jan 19, 2026",daily,248.4,248.4,237.05,241.0,26808,"Tue, Sep 29, 2026"
Haldyn Glass Limited,HALDYNGL,"Mon, Apr 20, 2026",daily,151.87,155.95,150.0,154.15,85821,"Tue, Sep 29, 2026"
HALEOS LABS LIMITED,HALEOSLABS,"Thu, Aug 17, 2017",daily,1495.5,1499.9,1485.8,1487.9,234,"Tue, Sep 29, 2026"
Hampton Sky Realty Limited,HAMPTON,"Mon, Aug 17, 2026",daily,8.17,8.17,7.8,8.0,11667,"Tue, Sep 29, 2026"
Happiest Minds Technologies Limited,HAPPSTMNDS,"Thu, Sep 17, 2020",daily,306.9,311.4,303.3,308.7,544433,"Tue, Sep 29, 2026"
Happy Forgings Limited,HAPPYFORGE,"Wed, Dec 27, 2023",daily,1995.2,2096.5,1961.0,2074.8,193351,"Tue, Sep 29, 2026"
Hardwyn India Limited,HARDWYN,"Tue, Apr 12, 2022",daily,9.26,9.43,9.18,9.26,220896,"Tue, Sep 29, 2026"
Hariom Pipe Industries Limited,HARIOMPIPE,"Wed, Apr 13, 2022",daily,342.1,351.65,335.4,345.1,89236,"Tue, Sep 29, 2026"
Harrisons  Malayalam Limited,HARRMALAYA,"Wed, Feb 08, 1995",daily,171.7,178.44,165.55,175.61,22733,"Tue, Sep 29, 2026"
Harsha Engineers International Limited,HARSHA,"Mon, Sep 26, 2022",daily,468.0,469.7,455.0,465.05,89042,"Tue, Sep 29, 2026"
Hathway Cable & Datacom Limited,HATHWAY,"Thu, Feb 25, 2010",daily,9.35,10.88,9.21,9.49,2799216,"Tue, Sep 29, 2026"
Hatsun Agro Product Limited,HATSUN,"Fri, Jun 20, 2014",daily,1119.4,1130.0,1093.0,1099.7,28612,"Tue, Sep 29, 2026"
Havells India Limited,HAVELLS,"Wed, Mar 21, 2001",daily,1080.6,1081.5,1043.3,1043.3,1014330,"Tue, Sep 29, 2026"
Sri Havisha Hospitality and Infrastructure Limited,HAVISHA,"Wed, Feb 16, 2000",daily,1.44,1.44,1.29,1.32,134689,"Tue, Sep 29, 2026"
Hawkins Cookers Limited,HAWKINCOOK,"Mon, Apr 20, 2026",daily,8085.0,8085.0,7851.0,7904.0,3390,"Tue, Sep 29, 2026"
Hazoor Multi Projects Limited,HAZOOR,"Mon, Aug 17, 2026",daily,19.04,19.48,18.65,18.83,240792,"Tue, Sep 29, 2026"
HB Estate Developers Limited,HBESD,"Mon, Apr 20, 2026",daily,75.0,75.9,69.02,73.98,3398,"Tue, Sep 29, 2026"
HBL Engineering Limited,HBLENGINE,"Thu, Jan 04, 2007",daily,784.0,811.6,773.65,808.3,2224069,"Tue, Sep 29, 2026"
HB Portfolio Limited,HBPOR,"Mon, Aug 17, 2026",daily,60.0,60.65,59.99,60.39,634,"Tue, Sep 29, 2026"
HB Stockholdings Limited,HBSL,"Mon, Jul 23, 2018",daily,55.0,56.55,55.0,55.28,5510,"Tue, Sep 29, 2026"
Hindustan Construction Company Limited,HCC,"Tue, Apr 01, 2003",daily,20.5,20.97,20.17,20.71,12456726,"Tue, Sep 29, 2026"
Healthcare Global Enterprises Limited,HCG,"Wed, Mar 30, 2016",daily,695.45,708.0,684.0,703.6,113331,"Tue, Sep 29, 2026"
HCL Infosystems Limited,HCL-INSYS,"Wed, Jan 01, 1997",daily,10.39,10.39,10.02,10.11,112671,"Tue, Sep 29, 2026"
HCL Technologies Limited,HCLTECH,"Thu, Jan 06, 2000",daily,1252.6,1261.0,1222.0,1222.0,5604932,"Tue, Sep 29, 2026"
HDB Financial Services Limited,HDBFS,"Wed, Jul 02, 2025",daily,636.0,640.9,626.45,630.9,234737,"Tue, Sep 29, 2026"
HDFC Asset Management Company Limited,HDFCAMC,"Mon, Aug 06, 2018",daily,2286.1,2303.0,2223.3,2223.3,1311015,"Tue, Sep 29, 2026"
HDFC Bank Limited,HDFCBANK,"Wed, Nov 08, 1995",daily,713.7,722.7,706.25,722.7,42755901,"Tue, Sep 29, 2026"
HDFCAMC - HDFCBSE500,HDFCBSE500,,daily,35.79,35.95,35.37,35.75,757606,"Tue, Sep 29, 2026"
HDFC GOLD ETF,HDFCGOLD,,daily,125.15,125.15,123.9,124.76,8470158,"Tue, Sep 29, 2026"
HDFCAMC - HDFCGROWTH,HDFCGROWTH,,daily,113.62,114.18,111.4,111.63,10750,"Tue, Sep 29, 2026"
HDFC Life Insurance Company Limited,HDFCLIFE,"Fri, Nov 17, 2017",daily,526.2,528.35,518.6,523.55,7693601,"Tue, Sep 29, 2026"
HDFCAMC - HDFCLIQUID,HDFCLIQUID,,daily,1080.86,1080.86,1075.75,1079.9,17322,"Tue, Sep 29, 2026"
HDFCAMC - HDFCLOWVOL,HDFCLOWVOL,,daily,19.48,19.99,19.37,19.73,5222,"Tue, Sep 29, 2026"
HDFCAMC - HDFCMID150,HDFCMID150,,daily,22.6,22.6,22.06,22.23,875335,"Tue, Sep 29, 2026"
HDFCAMC - HDFCMOMENT,HDFCMOMENT,,daily,29.85,30.11,29.68,29.97,187750,"Tue, Sep 29, 2026"
HDFCAMC - HDFCNEXT50,HDFCNEXT50,,daily,73.2,73.2,71.22,71.63,94864,"Tue, Sep 29, 2026"
HDFCAMC - HDFCNIF100,HDFCNIF100,,daily,25.3,25.3,24.53,24.57,178496,"Tue, Sep 29, 2026"
HDFCAMC - HDFCNIFBAN,HDFCNIFBAN,,daily,56.03,56.25,55.41,56.09,359708,"Tue, Sep 29, 2026"
HDFCAMC - HDFCNIFIT,HDFCNIFIT,,daily,30.61,30.61,29.45,29.62,64691,"Tue, Sep 29, 2026"
HDFCAMC - HDFCNIFTY,HDFCNIFTY,,daily,264.01,264.01,255.05,256.61,518570,"Tue, Sep 29, 2026"
HDFCAMC - HDFCNIMEG,HDFCNIMEG,,daily,128.86,134.0,127.5,129.53,2349,"Tue, Sep 29, 2026"
HDFCAMC HDFCPSUBK,HDFCPSUBK,,daily,81.01,82.37,80.26,81.41,38507,"Tue, Sep 29, 2026"
HDFCAMC - HDFCPVTBAN,HDFCPVTBAN,,daily,27.09,27.09,26.67,26.93,309934,"Tue, Sep 29, 2026"
HDFCAMC - HDFCQUAL,HDFCQUAL,,daily,55.94,56.02,55.42,55.66,10597,"Tue, Sep 29, 2026"
HDFCAMC - HDFCSENSEX,HDFCSENSEX,,daily,84.2,85.02,82.0,82.73,118759,"Tue, Sep 29, 2026"
HDFCAMC - HDFCSILVER,HDFCSILVER,,daily,209.78,210.14,208.2,209.02,2243596,"Tue, Sep 29, 2026"
HDFCAMC - HDFCSML250,HDFCSML250,,daily,179.91,182.46,178.1,181.07,1732641,"Tue, Sep 29, 2026"
HDFCAMC - HDFCVALUE,HDFCVALUE,,daily,120.57,120.97,117.45,118.43,15786,"Tue, Sep 29, 2026"
Heads UP Ventures Limited,HEADSUP,"Wed, Dec 14, 2016",daily,6.5,6.95,6.27,6.45,18622,"Tue, Sep 29, 2026"
DSPAMC - HEALTHADD,HEALTHADD,,daily,16.99,16.99,16.59,16.81,11644,"Tue, Sep 29, 2026"
AXISAMC-HEALTHAXIS,HEALTHAXIS,,daily,169.5,169.5,168.02,168.43,13386,"Tue, Sep 29, 2026"
MIRAEAMC - HEALTHCARE,HEALTHCARE,,daily,21.71,21.81,21.6,21.71,24708,"Tue, Sep 29, 2026"
ICICIPRAMC - ICICIPHARM,HEALTHIETF,,daily,171.41,171.41,169.0,169.98,130367,"Tue, Sep 29, 2026"
Health X Platform Limited,HEALTHX,"Tue, Oct 05, 2010",daily,287.0,291.0,275.0,285.05,19728,"Tue, Sep 29, 2026"
BIRLASLAMC - HEALTHY,HEALTHY,,daily,17.03,17.25,16.95,17.14,279445,"Tue, Sep 29, 2026"
HEC Infra Projects Limited,HECPROJECT,"Thu, Dec 30, 2021",daily,112.55,116.0,110.5,114.82,7066,"Tue, Sep 29, 2026"
HEG Advanced Materials Limited,HEGAM,"Wed, May 10, 1995",daily,241.75,242.0,235.25,238.25,663791,"Tue, Sep 29, 2026"
HeidelbergCement India Limited,HEIDELBERG,"Wed, Mar 15, 1995",daily,131.45,131.91,129.01,130.29,194472,"Tue, Sep 29, 2026"
Hemisphere Properties India Limited,HEMIPROP,"Thu, Oct 22, 2020",daily,115.9,115.95,113.11,114.94,747785,"Tue, Sep 29, 2026"
Heranba Industries Limited,HERANBA,"Fri, Mar 05, 2021",daily,180.05,182.82,176.1,178.57,89075,"Tue, Sep 29, 2026"
Heritage Foods Limited,HERITGFOOD,"Wed, Nov 27, 1996",daily,400.15,406.55,397.2,401.2,206267,"Tue, Sep 29, 2026"
Hero MotoCorp Limited,HEROMOTOCO,"Fri, Apr 11, 2003",daily,5375.0,5384.0,5208.0,5208.0,681672,"Tue, Sep 29, 2026"
Hero Motors Limited,HEROMOTORS,"Wed, Sep 23, 2026",daily,137.48,140.78,132.62,138.71,92851990,"Tue, Sep 29, 2026"
Hester Biosciences Limited,HESTERBIO,"Fri, Mar 13, 2015",daily,2156.6,2192.9,2125.2,2165.0,3358,"Tue, Sep 29, 2026"
Hexa Tradex Limited,HEXATRADEX,"Fri, Apr 20, 2012",daily,155.16,158.68,155.1,155.3,5566,"Tue, Sep 29, 2026"
Hexaware Technologies Limited,HEXT,"Wed, Feb 19, 2025",daily,488.9,493.85,476.25,482.1,152135,"Tue, Sep 29, 2026"
H.G. Infra Engineering Limited,HGINFRA,"Fri, Mar 09, 2018",daily,444.0,448.0,435.0,438.25,173913,"Tue, Sep 29, 2026"
HandsOn Global Management (HGM) Limited,HGM,"Wed, Sep 27, 2006",daily,42.14,43.5,40.31,42.85,1914,"Tue, Sep 29, 2026"
Hinduja Global Solutions Limited,HGS,"Tue, Jun 19, 2007",daily,368.1,373.4,363.65,366.05,8101,"Tue, Sep 29, 2026"
Hikal Limited,HIKAL,"Wed, Feb 14, 2001",daily,208.9,219.5,207.21,218.05,740019,"Tue, Sep 29, 2026"
Highway Infrastructure Limited,HILINFRA,"Tue, Aug 12, 2025",daily,42.75,43.55,41.55,43.26,80120,"Tue, Sep 29, 2026"
Hilton Metal Forging Limited,HILTON,"Thu, May 24, 2007",daily,16.56,17.28,16.26,16.45,183520,"Tue, Sep 29, 2026"
Himatsingka Seide Limited,HIMATSEIDE,"Wed, Feb 08, 1995",daily,65.9,66.05,64.51,64.9,312472,"Tue, Sep 29, 2026"
Hindustan Adhesives Limited,HINDADH,"Mon, Aug 17, 2026",daily,394.95,394.95,377.55,385.25,578,"Tue, Sep 29, 2026"
Hindalco Industries Limited,HINDALCO,"Wed, Jan 08, 1997",daily,955.9,963.5,947.1,955.2,5092531,"Tue, Sep 29, 2026"
Hind Aluminium Industries Limited,HINDALUMI,"Mon, Aug 17, 2026",daily,93.0,93.0,88.0,90.15,2229,"Tue, Sep 29, 2026"
Hindustan Composites Limited,HINDCOMPOS,"Wed, May 08, 1996",daily,380.1,387.6,370.2,377.5,2145,"Tue, Sep 29, 2026"
Hindcon Chemicals Limited,HINDCON,"Mon, Jul 05, 2021",daily,33.39,33.39,32.4,33.39,210313,"Tue, Sep 29, 2026"
Hindustan Copper Limited,HINDCOPPER,"Wed, Sep 15, 2010",daily,475.55,479.95,470.0,474.35,9198111,"Tue, Sep 29, 2026"
Hindustan Oil Exploration Company Limited,HINDOILEXP,"Tue, Sep 23, 2003",daily,173.35,177.0,171.55,173.91,394733,"Tue, Sep 29, 2026"
Hindustan Petroleum Corporation Limited,HINDPETRO,"Wed, Jun 17, 1998",daily,340.7,349.35,337.2,349.2,4074720,"Tue, Sep 29, 2026"
Hindustan Unilever Limited,HINDUNILVR,"Thu, Jul 06, 1995",daily,1896.0,1898.9,1863.8,1863.8,2057852,"Tue, Sep 29, 2026"
Hindware Home Innovation Limited,HINDWAREAP,"Thu, Dec 26, 2019",daily,170.34,171.5,165.0,170.2,88868,"Tue, Sep 29, 2026"
Hindustan Zinc Limited,HINDZINC,"Tue, Nov 21, 2006",daily,569.0,576.55,563.2,563.3,4801573,"Tue, Sep 29, 2026"
Hirect Limited,HIRECT,"Tue, Dec 26, 2006",daily,1182.0,1189.5,1150.7,1171.4,26079,"Tue, Sep 29, 2026"
Hisar Metal Industries Limited,HISARMETAL,"Thu, Jan 05, 2017",daily,151.97,154.0,149.2,151.39,774,"Tue, Sep 29, 2026"
Hi-Tech Pipes Limited,HITECH,"Mon, May 07, 2018",daily,73.25,73.95,70.74,73.19,540643,"Tue, Sep 29, 2026"
HLE Glascoat Limited,HLEGLAS,"Thu, Feb 09, 2023",daily,419.05,436.95,406.2,434.65,256043,"Tue, Sep 29, 2026"
HLV LIMITED,HLVLTD,"Wed, Jul 19, 1995",daily,6.33,6.5,6.31,6.39,64436,"Tue, Sep 29, 2026"
HMA Agro Industries Limited,HMAAGRO,"Tue, Jul 04, 2023",daily,24.02,24.02,23.43,23.8,614209,"Tue, Sep 29, 2026"
Hindustan Foods Limited,HNDFDS,"Tue, Jun 06, 2023",daily,602.15,604.8,577.0,596.85,168762,"Tue, Sep 29, 2026"
NIP IND ETF HANGSENG BEES,HNGSNGBEES,,daily,467.62,467.62,450.8,452.96,127847,"Tue, Sep 29, 2026"
Home First Finance Company India Limited,HOMEFIRST,"Wed, Feb 03, 2021",daily,1094.0,1109.2,1057.2,1094.4,190918,"Tue, Sep 29, 2026"
Honasa Consumer Limited,HONASA,"Tue, Nov 07, 2023",daily,454.0,457.05,439.3,441.65,20795107,"Tue, Sep 29, 2026"
Honeywell Automation India Limited,HONAUT,"Fri, Jul 18, 2003",daily,33660.0,35470.0,33505.0,33980.0,27480,"Tue, Sep 29, 2026"
Honda India Power Products Limited,HONDAPOWER,"Tue, Apr 01, 2003",daily,1884.7,1910.0,1828.1,1886.0,3476,"Tue, Sep 29, 2026"
Horizon Industrial Parks Limited,HORIZONIND,"Mon, Aug 24, 2026",daily,51.69,52.15,50.61,51.02,2934473,"Tue, Sep 29, 2026"
HP Adhesives Limited,HPAL,"Mon, Dec 27, 2021",daily,34.5,35.99,34.1,34.44,35257,"Tue, Sep 29, 2026"
Hindprakash Industries Limited,HPIL,"Mon, Nov 07, 2022",daily,117.0,117.0,114.2,115.37,363,"Tue, Sep 29, 2026"
HPL Electric & Power Limited,HPL,"Tue, Oct 04, 2016",daily,272.8,273.65,266.65,270.15,86592,"Tue, Sep 29, 2026"
Hariyana Ship Breakers Limited,HRYNSHP,"Mon, Aug 17, 2026",daily,96.1,99.0,96.01,96.01,460,"Tue, Sep 29, 2026"
HSBCAMC - HSBCGOLD,HSBCGOLD,,daily,128.8,134.8,126.14,129.08,256143,"Tue, Sep 29, 2026"
Himadri Speciality Chemical Limited,HSCL,"Fri, Mar 02, 2007",daily,666.9,676.6,663.4,667.6,1686772,"Tue, Sep 29, 2026"
Hy-Tech Engineers Limited,HTEL,"Tue, Sep 01, 2026",daily,65.41,70.39,65.01,69.52,2012461,"Tue, Sep 29, 2026"
HT Media Limited,HTMEDIA,"Thu, Sep 01, 2005",daily,23.1,23.6,22.52,23.46,61616,"Tue, Sep 29, 2026"
Hubtown Limited,HUBTOWN,"Wed, Feb 07, 2007",daily,168.0,169.6,165.55,166.41,253127,"Tue, Sep 29, 2026"
Housing & Urban Development Corporation Limited,HUDCO,"Fri, May 19, 2017",daily,168.0,169.7,164.0,165.57,3647277,"Tue, Sep 29, 2026"
Huhtamaki India Limited,HUHTAMAKI,"Fri, Oct 01, 2004",daily,238.85,238.95,231.1,235.7,78853,"Tue, Sep 29, 2026"
MIRAEAMC - HYBRIDETF,HYBRIDETF,,daily,9.82,9.84,9.8,9.84,10486,"Tue, Sep 29, 2026"
Hybrid Financial Services Limited,HYBRIDFIN,"Mon, Dec 05, 2022",daily,18.0,18.0,16.7,17.82,12018,"Tue, Sep 29, 2026"
Hyundai Motor India Limited,HYUNDAI,"Tue, Oct 22, 2024",daily,2051.1,2100.0,2009.6,2100.0,763311,"Tue, Sep 29, 2026"
Indiabulls Limited,IBULLSLTD,"Thu, Aug 18, 2011",daily,28.8,30.19,28.45,29.93,12006735,"Tue, Sep 29, 2026"
Ice Make Refrigeration Limited,ICEMAKE,"Mon, Oct 12, 2020",daily,648.0,648.0,632.65,634.0,42018,"Tue, Sep 29, 2026"
ICICI Prudential Asset Management Company Limited,ICICIAMC,"Fri, Dec 19, 2025",daily,3220.0,3265.0,3167.0,3233.0,769671,"Tue, Sep 29, 2026"
ICICIPRAMC - BHARATIWIN,ICICIB22,,daily,111.9,111.9,109.31,110.35,160744,"Tue, Sep 29, 2026"
ICICI Bank Limited,ICICIBANK,"Wed, Sep 17, 1997",daily,1295.7,1304.8,1291.0,1292.2,14811396,"Tue, Sep 29, 2026"
ICICI Lombard General Insurance Company Limited,ICICIGI,"Wed, Sep 27, 2017",daily,1532.0,1550.0,1498.2,1515.0,756660,"Tue, Sep 29, 2026"
ICICI Prudential Life Insurance Company Limited,ICICIPRULI,"Thu, Sep 29, 2016",daily,452.05,455.45,442.95,444.55,2919254,"Tue, Sep 29, 2026"
Indo Count Industries Limited,ICIL,"Mon, Sep 12, 2005",daily,439.9,448.55,433.0,434.95,420236,"Tue, Sep 29, 2026"
ICRA Limited,ICRA,"Fri, Apr 13, 2007",daily,4311.0,4373.9,4274.0,4297.9,14911,"Tue, Sep 29, 2026"
IDBI Bank Limited,IDBI,"Wed, Sep 20, 1995",daily,83.9,84.9,82.6,83.32,7662555,"Tue, Sep 29, 2026"
Vodafone Idea Limited,IDEA,"Fri, Mar 09, 2007",daily,13.6,13.68,13.26,13.56,1150179404,"Tue, Sep 29, 2026"
Ideaforge Technology Limited,IDEAFORGE,"Fri, Jul 07, 2023",daily,716.9,724.0,707.0,719.7,117154,"Tue, Sep 29, 2026"
IDFC First Bank Limited,IDFCFIRSTB,"Fri, Nov 06, 2015",daily,80.4,80.63,78.6,79.46,36206575,"Tue, Sep 29, 2026"
BANDHANAMC - IDFNIFTYET,IDFNIFTYET,,daily,253.9,255.0,249.25,250.81,1985,"Tue, Sep 29, 2026"
Indian Energy Exchange Limited,IEX,"Mon, Oct 23, 2017",daily,111.35,111.4,106.35,106.39,7359823,"Tue, Sep 29, 2026"
IFB Agro Industries Limited,IFBAGRO,"Wed, Apr 03, 1996",daily,844.0,948.0,844.0,905.45,12900,"Tue, Sep 29, 2026"
IFB Industries Limited,IFBIND,"Wed, Mar 29, 1995",daily,1214.8,1234.5,1199.0,1201.0,40295,"Tue, Sep 29, 2026"
IFCI Limited,IFCI,"Wed, Apr 26, 1995",daily,70.06,71.65,69.53,70.97,38909344,"Tue, Sep 29, 2026"
IFGL Refractories Limited,IFGLEXPOR,"Tue, Nov 14, 2017",daily,194.1,194.1,186.91,189.61,25577,"Tue, Sep 29, 2026"
Igarashi Motors India Limited,IGARASHI,"Thu, Oct 09, 2003",daily,414.9,417.95,406.3,411.55,50834,"Tue, Sep 29, 2026"
Indogulf Cropsciences Limited,IGCL,"Thu, Jul 03, 2025",daily,59.1,59.88,56.5,57.15,70886,"Tue, Sep 29, 2026"
International Gemological Institute Limited,IGIL,"Fri, Dec 20, 2024",daily,321.55,326.8,317.7,324.3,607317,"Tue, Sep 29, 2026"
Indraprastha Gas Limited,IGL,"Fri, Dec 26, 2003",daily,143.5,144.79,139.2,142.02,3801920,"Tue, Sep 29, 2026"
IG Petrochemicals Limited,IGPL,"Mon, Jan 29, 2007",daily,580.0,591.9,575.0,584.3,44273,"Tue, Sep 29, 2026"
IIFL Finance Limited,IIFL,"Tue, May 17, 2005",daily,595.05,614.05,588.75,607.5,2559619,"Tue, Sep 29, 2026"
IIFL Capital Services Limited,IIFLCAPS,"Fri, Sep 20, 2019",daily,343.55,347.45,343.55,344.95,460188,"Tue, Sep 29, 2026"
Industrial Investment Trust Limited,IITL,"Tue, Aug 17, 2010",daily,132.85,132.85,123.85,125.64,111438,"Tue, Sep 29, 2026"
IKIO Technologies Limited,IKIO,"Fri, Jun 16, 2023",daily,199.4,200.34,194.31,197.3,153590,"Tue, Sep 29, 2026"
Inventurus Knowledge Solutions Limited,IKS,"Thu, Dec 19, 2024",daily,1768.0,1822.3,1750.7,1779.4,203931,"Tue, Sep 29, 2026"
Imagicaaworld Entertainment Limited,IMAGICAA,"Mon, Apr 06, 2015",daily,51.31,54.3,50.1,51.3,1504303,"Tue, Sep 29, 2026"
Indian Metals & Ferro Alloys Limited,IMFA,"Fri, Jul 23, 2010",daily,1202.0,1226.4,1184.1,1206.5,88124,"Tue, Sep 29, 2026"
India Motor Parts and Accessories Limited,IMPAL,"Fri, Oct 07, 2005",daily,1054.0,1054.0,1035.3,1042.6,1933,"Tue, Sep 29, 2026"
Insolation Energy Limited,INA,"Mon, Mar 09, 2026",daily,89.0,89.5,87.1,87.63,318802,"Tue, Sep 29, 2026"
INCREDIBLE INDUSTRIES LIMITED,INCREDIBLE,"Fri, Jul 01, 2016",daily,32.6,33.2,31.55,31.6,3488,"Tue, Sep 29, 2026"
Indbank Merchant Banking Services Limited,INDBANK,"Wed, Oct 08, 2008",daily,25.6,26.0,24.21,25.06,25410,"Tue, Sep 29, 2026"
Indegene Limited,INDGN,"Mon, May 13, 2024",daily,613.0,627.0,598.35,605.15,1828353,"Tue, Sep 29, 2026"
The Indian Hotels Company Limited,INDHOTEL,"Wed, Jul 03, 1996",daily,709.0,725.9,704.6,714.35,26142773,"Tue, Sep 29, 2026"
The India Cements Limited,INDIACEM,"Wed, May 31, 2000",daily,314.5,314.55,302.05,303.7,130348,"Tue, Sep 29, 2026"
India Glycols Limited,INDIAGLYCO,"Fri, Jul 01, 2005",daily,301.5,307.7,292.6,304.5,501115,"Tue, Sep 29, 2026"
Indiamart Intermesh Limited,INDIAMART,"Thu, Jul 04, 2019",daily,1638.3,1638.4,1600.0,1612.9,69706,"Tue, Sep 29, 2026"
Indian Bank,INDIANB,"Thu, Mar 01, 2007",daily,802.5,808.8,794.75,795.25,1349036,"Tue, Sep 29, 2026"
Indian Card Clothing Company Limited,INDIANCARD,"Wed, Jan 08, 1997",daily,193.75,193.75,183.0,183.72,5044,"Tue, Sep 29, 2026"
Indian Hume Pipe Company Limited,INDIANHUME,"Wed, Aug 30, 1995",daily,350.35,358.0,345.35,355.8,66941,"Tue, Sep 29, 2026"
India Shelter Finance Corporation Limited,INDIASHLTR,"Wed, Dec 20, 2023",daily,640.7,646.95,620.15,639.75,284396,"Tue, Sep 29, 2026"
InterGlobe Aviation Limited,INDIGO,"Tue, Nov 10, 2015",daily,4870.0,4898.0,4851.0,4872.0,409270,"Tue, Sep 29, 2026"
Indigo Paints Limited,INDIGOPNTS,"Tue, Feb 02, 2021",daily,1110.6,1115.5,1072.5,1078.9,64558,"Tue, Sep 29, 2026"
Indiqube Spaces Limited,INDIQUBE,"Wed, Jul 30, 2025",daily,199.8,199.8,193.23,196.14,57862,"Tue, Sep 29, 2026"
India Nippon Electricals Limited,INDNIPPON,"Wed, May 07, 1997",daily,1295.1,1311.6,1226.0,1244.8,71735,"Tue, Sep 29, 2026"
Indo Amines Limited,INDOAMIN,"Fri, Apr 29, 2022",daily,140.0,149.6,137.65,145.45,626536,"Tue, Sep 29, 2026"
Indo Borax & Chemicals Limited,INDOBORAX,"Tue, Mar 29, 2022",daily,487.8,497.5,465.55,489.5,1031179,"Tue, Sep 29, 2026"
Indoco Remedies Limited,INDOCO,"Fri, Jan 14, 2005",daily,249.8,284.77,249.2,269.15,19854651,"Tue, Sep 29, 2026"
Indo Farm Equipment Limited,INDOFARM,"Tue, Jan 07, 2025",daily,134.66,136.0,132.02,133.17,56934,"Tue, Sep 29, 2026"
Indokem Limited,INDOKEM,"Mon, Aug 17, 2026",daily,607.0,626.35,595.0,617.0,5978,"Tue, Sep 29, 2026"
INDO-MIM Limited,INDOMIM,"Thu, Jul 30, 2026",daily,1230.0,1288.9,1210.0,1248.15,1464214,"Tue, Sep 29, 2026"
Indo Rama Synthetics (India) Limited,INDORAMA,"Fri, Jun 20, 2003",daily,101.55,104.45,94.8,103.44,1899725,"Tue, Sep 29, 2026"
IndoStar Capital Finance Limited,INDOSTAR,"Mon, May 21, 2018",daily,208.0,217.19,208.0,209.04,139436,"Tue, Sep 29, 2026"
Indo Tech Transformers Limited,INDOTECH,"Thu, Mar 16, 2006",daily,3225.0,3270.0,3079.9,3186.2,17139,"Tue, Sep 29, 2026"
Indo Thai Securities Limited,INDOTHAI,"Wed, Nov 02, 2011",daily,30.03,31.93,29.0,31.93,1236632,"Tue, Sep 29, 2026"
Indo Us Biotech Limited,INDOUS,"Fri, Sep 27, 2024",daily,77.47,79.0,77.0,77.42,3010,"Tue, Sep 29, 2026"
Indowind Energy Limited,INDOWIND,"Fri, Sep 14, 2007",daily,8.79,8.92,8.48,8.86,87824,"Tue, Sep 29, 2026"
Industrial & Prudential Investment Company Limited,INDPRUD,"Mon, Apr 20, 2026",daily,6100.0,6450.0,6100.0,6358.0,83,"Tue, Sep 29, 2026"
Indraprastha Medical Corporation Limited,INDRAMEDCO,"Thu, Apr 17, 1997",daily,360.0,363.15,352.0,354.8,406266,"Tue, Sep 29, 2026"
Ind-Swift Laboratories Limited,INDSWFTLAB,"Wed, Jul 02, 1997",daily,409.1,417.25,403.15,413.1,445415,"Tue, Sep 29, 2026"
Indian Terrain Fashions Limited,INDTERRAIN,"Fri, Mar 11, 2011",daily,29.6,29.6,29.02,29.3,14638,"Tue, Sep 29, 2026"
IndusInd Bank Limited,INDUSINDBK,"Wed, Jan 28, 1998",daily,905.1,908.1,878.0,878.0,3205911,"Tue, Sep 29, 2026"
Indus Towers Limited,INDUSTOWER,"Fri, Dec 28, 2012",daily,359.0,373.05,358.2,367.55,8836110,"Tue, Sep 29, 2026"
InfoBeans Technologies Limited,INFOBEAN,"Mon, Jul 15, 2019",daily,144.0,146.38,142.25,143.78,135403,"Tue, Sep 29, 2026"
Infomedia Press Limited,INFOMEDIA,"Thu, Oct 12, 2006",daily,5.19,5.48,5.06,5.19,8965,"Tue, Sep 29, 2026"
MIRAEAMC - INFRA,INFRA,,daily,11.49,11.52,11.39,11.48,39577,"Tue, Sep 29, 2026"
NIP IND ETF INFRA BEES,INFRABEES,,daily,911.99,911.99,900.23,908.55,10881,"Tue, Sep 29, 2026"
ICICIPRAMC - ICICIINFRA,INFRAIETF,,daily,92.32,92.32,89.77,90.62,52214,"Tue, Sep 29, 2026"
Infosys Limited,INFY,"Wed, Feb 08, 1995",daily,1002.6,1015.4,980.4,1015.4,12992711,"Tue, Sep 29, 2026"
Ingersoll Rand (India) Limited,INGERRAND,"Thu, Apr 15, 1999",daily,4226.8,4238.6,4180.0,4195.0,5857,"Tue, Sep 29, 2026"
Innova Captab Limited,INNOVACAP,"Fri, Dec 29, 2023",daily,1265.0,1314.8,1259.1,1271.2,147937,"Tue, Sep 29, 2026"
Innovana Thinklabs Limited,INNOVANA,"Tue, Dec 17, 2024",daily,295.8,299.75,285.0,291.5,31625,"Tue, Sep 29, 2026"
Innovision Limited,INNOVISION,"Mon, Mar 23, 2026",daily,251.7,255.0,251.5,253.7,4268,"Tue, Sep 29, 2026"
Inox Green Energy Services Limited,INOXGREEN,"Wed, Nov 23, 2022",daily,170.0,171.0,162.8,163.96,2050781,"Tue, Sep 29, 2026"
INOX India Limited,INOXINDIA,"Thu, Dec 21, 2023",daily,2056.5,2092.4,2032.2,2070.4,363480,"Tue, Sep 29, 2026"
Inox Wind Limited,INOXWIND,"Thu, Apr 09, 2015",daily,72.0,73.04,70.57,71.5,8301480,"Tue, Sep 29, 2026"
Insecticides (India) Limited,INSECTICID,"Wed, May 30, 2007",daily,600.1,600.1,580.5,588.9,13561,"Tue, Sep 29, 2026"
Inspirisys Solutions Limited,INSPIRISYS,"Mon, Oct 30, 2006",daily,85.49,87.99,84.51,85.92,5984,"Tue, Sep 29, 2026"
ICICIPRAMC - INSUREIETF,INSUREIETF,,daily,14.78,14.78,14.51,14.61,1232738,"Tue, Sep 29, 2026"
Intellect Design Arena Limited,INTELLECT,"Thu, Dec 18, 2014",daily,628.6,629.9,609.4,613.25,262246,"Tue, Sep 29, 2026"
Intense Technologies Limited,INTENTECH,"Thu, Mar 23, 2017",daily,81.25,82.98,81.25,82.63,4813,"Tue, Sep 29, 2026"
Interarch Building Solutions Limited,INTERARCH,"Mon, Aug 26, 2024",daily,1718.6,1718.6,1678.7,1690.2,24515,"Tue, Sep 29, 2026"
MIRAEAMC - INTERNET,INTERNET,,daily,13.91,13.91,13.5,13.68,479174,"Tue, Sep 29, 2026"
International Conveyors Limited,INTLCONV,"Thu, Sep 16, 2021",daily,79.9,80.86,79.9,80.0,35739,"Tue, Sep 29, 2026"
Inventure Growth & Securities Limited,INVENTURE,"Thu, Aug 04, 2011",daily,0.87,0.87,0.85,0.86,1105528,"Tue, Sep 29, 2026"
Indian Overseas Bank,IOB,"Thu, Dec 07, 2000",daily,31.74,31.98,30.51,30.95,15845308,"Tue, Sep 29, 2026"
Indian Oil Corporation Limited,IOC,"Wed, Jul 24, 1996",daily,133.32,134.31,131.02,131.33,10116269,"Tue, Sep 29, 2026"
IOL Chemicals and Pharmaceuticals Limited,IOLCP,"Mon, Nov 08, 2010",daily,196.25,202.75,196.24,201.48,1550901,"Tue, Sep 29, 2026"
ION Exchange (India) Limited,IONEXCHANG,"Tue, Feb 22, 2022",daily,420.4,424.05,406.35,410.2,190265,"Tue, Sep 29, 2026"
IPCA Laboratories Limited,IPCALAB,"Wed, Feb 08, 1995",daily,1919.7,1980.0,1919.7,1938.1,246042,"Tue, Sep 29, 2026"
India Pesticides Limited,IPL,"Mon, Jul 05, 2021",daily,131.8,133.85,128.05,133.12,241268,"Tue, Sep 29, 2026"
IP Rings Limited,IPRINGLTD,"Mon, Aug 17, 2026",daily,135.99,144.14,135.1,136.13,2024,"Tue, Sep 29, 2026"
IRB Infrastructure Developers Limited,IRB,"Mon, Feb 25, 2008",daily,17.12,17.12,16.75,16.98,14681424,"Tue, Sep 29, 2026"
Ircon International Limited,IRCON,"Fri, Sep 28, 2018",daily,103.0,104.4,101.6,102.47,1966663,"Tue, Sep 29, 2026"
Indian Railway Catering And Tourism Corporation Limited,IRCTC,"Mon, Oct 14, 2019",daily,454.0,456.0,448.55,452.55,645641,"Tue, Sep 29, 2026"
Indian Renewable Energy Development Agency Limited,IREDA,"Wed, Nov 29, 2023",daily,114.82,116.54,111.0,111.0,8686276,"Tue, Sep 29, 2026"
Indian Railway Finance Corporation Limited,IRFC,"Fri, Jan 29, 2021",daily,78.7,80.26,77.07,80.26,15747317,"Tue, Sep 29, 2026"
IRIS RegTech Solutions Limited,IRIS,"Mon, Nov 08, 2021",daily,228.94,234.85,223.0,230.23,26828,"Tue, Sep 29, 2026"
Iris Clothings Limited,IRISDOREME,"Mon, Feb 22, 2021",daily,63.0,66.17,62.11,62.8,537555,"Tue, Sep 29, 2026"
IRM Energy Limited,IRMENERGY,"Thu, Oct 26, 2023",daily,261.65,269.0,259.05,267.25,96668,"Tue, Sep 29, 2026"
Isgec Heavy Engineering Limited,ISGEC,"Wed, May 05, 2021",daily,890.0,890.0,872.2,880.1,49547,"Tue, Sep 29, 2026"
Ishan Dyes and Chemicals Limited,ISHANCH,"Mon, Mar 24, 2025",daily,48.05,50.81,46.5,47.35,19242,"Tue, Sep 29, 2026"
I S T Limited,ISTLTD,"Mon, Aug 17, 2026",daily,635.05,655.0,635.0,640.0,171,"Tue, Sep 29, 2026"
KOTAKMAMC - KOTAKIT,IT,,daily,31.32,31.47,30.6,30.72,319509,"Tue, Sep 29, 2026"
DSPAMC - DSPIT,ITADD,,daily,30.01,30.2,29.18,29.5,13380,"Tue, Sep 29, 2026"
AXISAMC-ITAXIS,ITAXIS,,daily,308.0,312.0,305.0,311.83,5777,"Tue, Sep 29, 2026"
NIP IND ETF IT,ITBEES,,daily,31.23,31.85,30.75,30.8,9287804,"Tue, Sep 29, 2026"
UTIAMC-ITBETA,ITBETA,,daily,294.1,294.1,290.8,292.46,707,"Tue, Sep 29, 2026"
ITC Limited,ITC,"Wed, Aug 23, 1995",daily,265.45,266.75,263.3,265.1,14419948,"Tue, Sep 29, 2026"
ITC Hotels Limited,ITCHOTELS,"Wed, Jan 29, 2025",daily,158.02,162.0,156.33,160.53,1965803,"Tue, Sep 29, 2026"
India Tourism Development Corporation Limited,ITDC,"Fri, Dec 30, 2016",daily,662.5,670.85,645.55,657.15,96658,"Tue, Sep 29, 2026"
MIRAEAMC - ITETF,ITETF,,daily,29.87,30.45,29.19,29.35,447506,"Tue, Sep 29, 2026"
ITI Limited,ITI,"Mon, Sep 15, 2003",daily,245.9,247.65,240.1,243.4,179421,"Tue, Sep 29, 2026"
ICICIPRAMC - ICICITECH,ITIETF,,daily,30.52,31.41,30.52,30.82,492189,"Tue, Sep 29, 2026"
ITL Industries Limited,ITL,"Mon, Aug 17, 2026",daily,361.6,361.6,343.05,353.0,2146,"Tue, Sep 29, 2026"
Ivalue Infosolutions Limited,IVALUE,"Thu, Sep 25, 2025",daily,218.47,228.4,215.82,224.61,118885,"Tue, Sep 29, 2026"
IL&FS Investment Managers Limited,IVC,"Wed, Sep 15, 1999",daily,7.88,7.9,7.62,7.68,134792,"Tue, Sep 29, 2026"
RELIGARAMC - IVZBANKNF,IVZBANKNF,,daily,53.97,55.8,53.5,54.46,558,"Tue, Sep 29, 2026"
INVESCO INDIA GOLD ETF,IVZINGOLD,,daily,127.5,127.5,126.05,127.25,63981,"Tue, Sep 29, 2026"
INVESCO INDIA NIFTY ETF,IVZINNIFTY,,daily,269.42,269.42,260.1,261.7,1197,"Tue, Sep 29, 2026"
RELIGARAMC - IVZSENSEX,IVZSENSEX,,daily,73.0,73.97,72.15,73.03,1281,"Tue, Sep 29, 2026"
The Indian Wood Products Company Limited,IWP,"Mon, Apr 20, 2026",daily,39.95,42.4,34.36,36.88,466683,"Tue, Sep 29, 2026"
Le Travenues Technology Limited,IXIGO,"Tue, Jun 18, 2024",daily,155.16,160.5,152.51,160.24,643712,"Tue, Sep 29, 2026"
IZMO Limited,IZMO,"Mon, Feb 05, 2007",daily,879.0,902.9,873.6,888.2,57013,"Tue, Sep 29, 2026"
The Jammu & Kashmir Bank Limited,J&KBANK,"Wed, Jul 22, 1998",daily,142.63,143.64,138.0,138.52,2354937,"Tue, Sep 29, 2026"
Jagran Prakashan Limited,JAGRAN,"Wed, Feb 22, 2006",daily,62.23,62.4,61.3,62.01,151788,"Tue, Sep 29, 2026"
Jagsonpal Pharmaceuticals Limited,JAGSNPHARM,"Wed, Mar 01, 2000",daily,239.02,240.87,232.3,234.71,93102,"Tue, Sep 29, 2026"
Jai Balaji Industries Limited,JAIBALAJI,"Tue, Dec 09, 2003",daily,63.55,64.36,62.05,63.35,338779,"Tue, Sep 29, 2026"
Jai Corp Limited,JAICORPLTD,"Wed, Nov 26, 1997",daily,92.49,92.49,89.64,91.8,253730,"Tue, Sep 29, 2026"
Jain Resource Recycling Limited,JAINREC,"Wed, Oct 01, 2025",daily,282.0,294.45,277.1,287.65,1712900,"Tue, Sep 29, 2026"
Nandani Creation Limited,JAIPURKURT,"Thu, Sep 02, 2021",daily,25.0,26.0,24.61,25.86,4946,"Tue, Sep 29, 2026"
Jamna Auto Industries Limited,JAMNAAUTO,"Fri, Dec 10, 2010",daily,139.4,139.4,134.91,136.27,1537760,"Tue, Sep 29, 2026"
Jaro Institute of Technology Management and Research Limited,JARO,"Tue, Sep 30, 2025",daily,423.0,428.3,418.5,421.55,88930,"Tue, Sep 29, 2026"
Jash Engineering Limited,JASH,"Wed, Oct 30, 2019",daily,591.05,602.8,583.0,598.4,588225,"Tue, Sep 29, 2026"
Jayant Agro Organics Limited,JAYAGROGN,"Wed, Apr 17, 1996",daily,231.2,233.48,223.0,225.44,23666,"Tue, Sep 29, 2026"
Jay Bharat Maruti Limited,JAYBARMARU,"Wed, Jan 03, 1996",daily,123.5,127.9,120.61,124.6,649558,"Tue, Sep 29, 2026"
Jaykay Enterprises Limited,JAYKAY,"Wed, Dec 03, 2025",daily,208.0,209.99,197.0,205.01,572922,"Tue, Sep 29, 2026"
Jayaswal Neco Industries Limited,JAYNECOIND,"Wed, May 10, 1995",daily,87.2,94.4,86.77,92.66,5809490,"Tue, Sep 29, 2026"
Jayshree Tea & Industries Limited,JAYSREETEA,"Wed, Feb 15, 1995",daily,86.8,87.95,85.0,85.75,36212,"Tue, Sep 29, 2026"
JBM Auto Limited,JBMA,"Fri, Dec 17, 2004",daily,571.05,576.35,561.0,563.15,211192,"Tue, Sep 29, 2026"
Jenburkt Pharmaceuticals Limited,JENBURPH,"Mon, Aug 17, 2026",daily,926.1,954.0,919.1,924.0,2829,"Tue, Sep 29, 2026"
Jet Freight Logistics Limited,JETFREIGHT,"Tue, Dec 21, 2021",daily,21.45,21.78,20.51,20.63,289665,"Tue, Sep 29, 2026"
J.G.Chemicals Limited,JGCHEM,"Wed, Mar 13, 2024",daily,624.95,667.2,611.05,658.65,1558962,"Tue, Sep 29, 2026"
JHS Svendgaard Laboratories Limited,JHS,"Sat, Oct 21, 2006",daily,8.99,10.57,8.58,10.38,2324625,"Tue, Sep 29, 2026"
Jindal Photo Limited,JINDALPHOT,"Thu, Apr 07, 2005",daily,1047.1,1054.9,1040.4,1043.4,1109,"Tue, Sep 29, 2026"
Jindal Poly Films Limited,JINDALPOLY,"Mon, Jan 21, 2002",daily,679.95,685.35,667.05,675.3,10340,"Tue, Sep 29, 2026"
Jindal Saw Limited,JINDALSAW,"Tue, Apr 29, 2003",daily,277.6,279.9,272.3,277.7,904937,"Tue, Sep 29, 2026"
JINDAL STEEL LIMITED,JINDALSTEL,"Wed, Dec 29, 1999",daily,1137.5,1149.0,1126.9,1130.0,760609,"Tue, Sep 29, 2026"
Jindal Drilling And Industries Limited,JINDRILL,"Fri, Dec 22, 2006",daily,620.9,620.9,596.4,599.95,389254,"Tue, Sep 29, 2026"
Jindal Worldwide Limited,JINDWORLD,"Thu, Nov 25, 2010",daily,48.77,48.77,46.52,47.07,3110654,"Tue, Sep 29, 2026"
Jio Financial Services Limited,JIOFIN,"Mon, Aug 21, 2023",daily,220.5,220.5,215.36,217.56,17125032,"Tue, Sep 29, 2026"
Jain Irrigation Systems Limited,JISLDVREQS,"Wed, Nov 30, 2011",daily,19.37,19.93,19.01,19.46,15311,"Tue, Sep 29, 2026"
Jain Irrigation Systems Limited,JISLJALEQS,"Mon, Aug 13, 2001",daily,28.77,29.17,28.3,28.97,1693123,"Tue, Sep 29, 2026"
JITF Infralogistics Limited,JITFINFRA,"Mon, Feb 27, 2017",daily,284.9,285.95,275.0,277.15,11547,"Tue, Sep 29, 2026"
JK Cement Limited,JKCEMENT,"Tue, Mar 14, 2006",daily,4993.5,4993.5,4810.5,4824.5,29444,"Tue, Sep 29, 2026"
J.Kumar Infraprojects Limited,JKIL,"Tue, Feb 12, 2008",daily,461.9,462.25,450.0,451.4,54972,"Tue, Sep 29, 2026"
Jinkushal Industries Limited,JKIPL,"Fri, Oct 03, 2025",daily,95.46,98.07,95.05,97.69,2440,"Tue, Sep 29, 2026"
JK Lakshmi Cement Limited,JKLAKSHMI,"Mon, Jun 19, 2006",daily,493.45,493.45,482.05,490.15,450744,"Tue, Sep 29, 2026"
JK Paper Limited,JKPAPER,"Thu, Jun 16, 2005",daily,398.2,403.9,388.35,391.35,252465,"Tue, Sep 29, 2026"
JK Tyre & Industries Limited,JKTYRE,"Mon, Mar 19, 2007",daily,338.8,340.25,333.1,334.8,481192,"Tue, Sep 29, 2026"
Jupiter Life Line Hospitals Limited,JLHL,"Mon, Sep 18, 2023",daily,263.7,264.8,254.2,262.05,1466095,"Tue, Sep 29, 2026"
Jullundur Motor Agency (Delhi) Limited,JMA,"Mon, Mar 16, 2015",daily,88.97,90.5,85.34,89.34,7272,"Tue, Sep 29, 2026"
JM Financial Limited,JMFINANCIL,"Tue, Oct 10, 2006",daily,124.1,126.7,123.19,125.78,2566558,"Tue, Sep 29, 2026"
JNK India Limited,JNKINDIA,"Tue, Apr 30, 2024",daily,422.85,464.0,413.7,451.75,713779,"Tue, Sep 29, 2026"
Juniper Green Energy Limited,JNPR,"Thu, Aug 06, 2026",daily,265.0,275.0,263.25,272.3,899121,"Tue, Sep 29, 2026"
Jocil Limited,JOCIL,"Wed, Oct 08, 2008",daily,146.4,148.47,143.1,145.17,1114,"Tue, Sep 29, 2026"
Jindal Poly Investment and Finance Company Limited,JPOLYINVST,"Mon, Nov 11, 2013",daily,927.8,976.9,909.1,950.0,6912,"Tue, Sep 29, 2026"
Jaiprakash Power Ventures Limited,JPPOWER,"Mon, Apr 18, 2005",daily,15.55,15.62,15.15,15.26,34858936,"Tue, Sep 29, 2026"
Jana Small Finance Bank Limited,JSFB,"Wed, Feb 14, 2024",daily,500.0,506.65,486.95,503.7,605661,"Tue, Sep 29, 2026"
Jindal Stainless Limited,JSL,"Mon, Nov 17, 2003",daily,746.9,750.0,726.0,738.3,614585,"Tue, Sep 29, 2026"
Jeena Sikho Lifecare Limited,JSLL,"Mon, Aug 11, 2025",daily,501.9,515.85,486.6,509.45,1183266,"Tue, Sep 29, 2026"
JSW Cement Limited,JSWCEMENT,"Thu, Aug 14, 2025",daily,112.49,112.99,111.02,112.58,1286428,"Tue, Sep 29, 2026"
JSW Dulux Limited,JSWDULUX,"Thu, Jun 28, 2001",daily,3169.8,3169.8,3005.2,3034.4,187186,"Tue, Sep 29, 2026"
JSW Energy Limited,JSWENERGY,"Mon, Jan 04, 2010",daily,495.0,501.15,489.1,501.15,1639218,"Tue, Sep 29, 2026"
JSW Holdings Limited,JSWHL,"Tue, Jun 21, 2005",daily,10920.0,11169.0,10881.0,11000.0,1807,"Tue, Sep 29, 2026"
JSW Infrastructure Limited,JSWINFRA,"Tue, Oct 03, 2023",daily,347.25,353.3,342.05,350.0,2469980,"Tue, Sep 29, 2026"
JSW Steel Limited,JSWSTEEL,"Wed, Mar 23, 2005",daily,1260.7,1272.4,1246.6,1272.4,2499215,"Tue, Sep 29, 2026"
Jtekt India Limited,JTEKTINDIA,"Mon, Jan 12, 2004",daily,116.55,117.76,114.2,115.84,66051,"Tue, Sep 29, 2026"
JTL INDUSTRIES LIMITED,JTLIND,"Mon, Jun 12, 2023",daily,88.5,90.5,85.98,88.88,2186784,"Tue, Sep 29, 2026"
Jubilant Agri and Consumer Products Limited,JUBLCPL,"Fri, Feb 14, 2025",daily,2124.6,2154.7,2094.2,2107.4,6652,"Tue, Sep 29, 2026"
Jubilant Foodworks Limited,JUBLFOOD,"Mon, Feb 08, 2010",daily,478.5,478.55,460.2,463.0,2376051,"Tue, Sep 29, 2026"
Jubilant Ingrevia Limited,JUBLINGREA,"Fri, Mar 19, 2021",daily,657.1,657.2,635.2,639.1,250387,"Tue, Sep 29, 2026"
Jubilant Pharmova Limited,JUBLPHARMA,"Mon, Jun 16, 2003",daily,1058.0,1089.65,1036.2,1048.2,1060299,"Tue, Sep 29, 2026"
NIP IND ETF JUNIOR BEES,JUNIORBEES,,daily,765.0,765.0,753.66,761.66,412917,"Tue, Sep 29, 2026"
Juniper Hotels Limited,JUNIPER,"Wed, Feb 28, 2024",daily,216.62,216.62,212.35,213.95,93329,"Tue, Sep 29, 2026"
Just Dial Limited,JUSTDIAL,"Wed, Jun 05, 2013",daily,662.6,665.0,642.4,656.5,97629,"Tue, Sep 29, 2026"
Jupiter Wagons Limited,JWL,"Mon, Oct 18, 2010",daily,223.71,223.71,218.45,219.82,627200,"Tue, Sep 29, 2026"
Jyothy Labs Limited,JYOTHYLAB,"Wed, Dec 19, 2007",daily,189.5,189.75,184.0,184.26,469986,"Tue, Sep 29, 2026"
Jyoti CNC Automation Limited,JYOTICNC,"Tue, Jan 16, 2024",daily,1044.0,1076.95,1035.25,1059.3,703728,"Tue, Sep 29, 2026"
Jyoti Resins & Adhesives Limited,JYOTIRES,"Mon, Aug 17, 2026",daily,854.9,855.0,831.25,840.95,7605,"Tue, Sep 29, 2026"
Jyoti Structures Limited,JYOTISTRUC,"Wed, Jul 19, 1995",daily,8.76,9.26,8.62,9.07,9980402,"Tue, Sep 29, 2026"
Kabra Extrusion Technik Limited,KABRAEXTRU,"Wed, Sep 06, 1995",daily,831.1,841.9,820.0,829.8,317848,"Tue, Sep 29, 2026"
Kajaria Ceramics Limited,KAJARIACER,"Tue, Jun 01, 2004",daily,1179.6,1223.7,1167.0,1190.5,2954458,"Tue, Sep 29, 2026"
Kakatiya Cement Sugar & Industries Limited,KAKATCEM,"Wed, Dec 13, 1995",daily,105.61,107.9,105.61,107.83,418,"Tue, Sep 29, 2026"
Sai Silks (Kalamandir) Limited,KALAMANDIR,"Wed, Sep 27, 2023",daily,78.99,79.5,75.37,76.19,739776,"Tue, Sep 29, 2026"
Kalpataru Limited,KALPATARU,"Tue, Jul 01, 2025",daily,275.8,292.0,268.25,278.8,108375,"Tue, Sep 29, 2026"
Kalyan Jewellers India Limited,KALYANKJIL,"Fri, Mar 26, 2021",daily,566.0,580.0,561.45,568.85,9165283,"Tue, Sep 29, 2026"
Kama Holdings Limited,KAMAHOLD,"Mon, Apr 20, 2026",daily,2217.9,2284.8,2217.8,2241.1,5222,"Tue, Sep 29, 2026"
Kamanwala Housing Construction Limited,KAMANWALA,"Mon, Aug 17, 2026",daily,16.5,17.1,16.5,17.1,3229,"Tue, Sep 29, 2026"
Kamat Hotels (I) Limited,KAMATHOTEL,"Wed, May 29, 1996",daily,236.26,238.4,229.25,236.71,58707,"Tue, Sep 29, 2026"
Kamdhenu Limited,KAMDHENU,"Tue, May 09, 2006",daily,38.26,38.85,37.41,38.41,838480,"Tue, Sep 29, 2026"
Kamdhenu Ventures Limited,KAMOPAINTS,"Tue, Jan 24, 2023",daily,4.18,4.18,4.06,4.1,158679,"Tue, Sep 29, 2026"
Kanani Industries Limited,KANANIIND,"Wed, Dec 14, 2011",daily,1.37,1.38,1.33,1.36,60761,"Tue, Sep 29, 2026"
Kanchi Karpooram Limited,KANCHI,"Mon, Apr 20, 2026",daily,380.0,394.7,370.0,391.0,3227,"Tue, Sep 29, 2026"
Kanco Tea & Industries Limited,KANCOTEA,"Mon, Aug 17, 2026",daily,54.9,54.9,53.9,54.55,142,"Tue, Sep 29, 2026"
Kanohar Electricals Limited,KANOHAR,"Wed, Sep 16, 2026",daily,819.0,877.8,805.0,862.75,3500592,"Tue, Sep 29, 2026"
Kanpur Plastipack Limited,KANPRPLA,"Fri, Jan 01, 2021",daily,261.85,262.0,243.45,245.2,17259,"Tue, Sep 29, 2026"
Kansai Nerolac Paints Limited,KANSAINER,"Mon, Sep 15, 2003",daily,178.06,182.59,173.6,181.33,670486,"Tue, Sep 29, 2026"
Kapston Services Limited,KAPSTON,"Wed, May 27, 2020",daily,549.6,568.95,539.1,555.7,642974,"Tue, Sep 29, 2026"
Karamtara Engineering Limited,KARAMTARA,"Thu, Sep 17, 2026",daily,357.45,363.0,346.35,359.45,1239083,"Tue, Sep 29, 2026"
Karma Energy Limited,KARMAENG,"Tue, Jun 28, 2011",daily,38.95,39.14,35.11,37.9,7088,"Tue, Sep 29, 2026"
Karur Vysya Bank Limited,KARURVYSYA,"Wed, Jul 26, 2000",daily,320.75,325.4,312.7,318.15,2868750,"Tue, Sep 29, 2026"
Kaynes Technology India Limited,KAYNES,"Tue, Nov 22, 2022",daily,3650.0,3707.2,3500.0,3511.5,1474271,"Tue, Sep 29, 2026"
KCP Limited,KCP,"Wed, Apr 09, 1997",daily,156.51,157.84,153.21,156.19,62111,"Tue, Sep 29, 2026"
KDDL Limited,KDDL,"Wed, Mar 23, 2016",daily,4014.1,4069.9,3874.0,3931.6,23844,"Tue, Sep 29, 2026"
KD Green Industries Limited,KDGREEN,"Mon, Aug 17, 2026",daily,48.8,48.88,46.16,48.53,29728,"Tue, Sep 29, 2026"
KEC International Limited,KEC,"Fri, Mar 10, 2006",daily,390.35,390.35,375.1,378.35,1237151,"Tue, Sep 29, 2026"
Kirloskar Electric Company Limited,KECL,"Tue, Mar 09, 2010",daily,119.15,122.9,118.0,121.4,121001,"Tue, Sep 29, 2026"
DSJ Keep Learning Limited,KEEPLEARN,"Wed, Mar 01, 1995",daily,1.92,1.92,1.82,1.84,26860,"Tue, Sep 29, 2026"
KEI Industries Limited,KEI,"Thu, Mar 23, 2006",daily,4500.0,4521.0,4457.5,4461.0,622806,"Tue, Sep 29, 2026"
Kellton Tech Solutions Limited,KELLTONTEC,"Wed, Mar 02, 2016",daily,13.14,13.26,12.65,13.05,1990721,"Tue, Sep 29, 2026"
Kennametal India Limited,KENNAMET,"Mon, Apr 20, 2026",daily,4167.9,4172.9,4012.5,4039.6,30755,"Tue, Sep 29, 2026"
Kernex Microsystems (India) Limited,KERNEX,"Tue, Dec 20, 2005",daily,1713.8,1763.0,1682.8,1744.1,139115,"Tue, Sep 29, 2026"
Kesoram Industries Limited,KESORAMIND,"Wed, Sep 06, 1995",daily,10.87,11.24,10.52,10.84,995639,"Tue, Sep 29, 2026"
Keynote Financial Services Limited,KEYFINSERV,"Wed, Jun 26, 1996",daily,230.0,237.6,225.0,233.0,1236,"Tue, Sep 29, 2026"
Kfin Technologies Limited,KFINTECH,"Thu, Dec 29, 2022",daily,880.2,889.45,838.2,838.2,1459780,"Tue, Sep 29, 2026"
Khaitan Chemicals & Fertilizers Limited,KHAICHEM,"Fri, Oct 30, 2020",daily,49.3,50.35,49.0,49.22,86844,"Tue, Sep 29, 2026"
Khaitan (India) Limited,KHAITANLTD,"Wed, Dec 20, 1995",daily,144.0,153.8,135.4,150.01,4152,"Tue, Sep 29, 2026"
Khandwala Securities Limited,KHANDSE,"Wed, Feb 07, 2001",daily,17.4,18.4,16.86,17.06,11517,"Tue, Sep 29, 2026"
Kalyani Investment Company Limited,KICL,"Fri, Jan 14, 2011",daily,4940.0,4940.0,4750.5,4773.0,1097,"Tue, Sep 29, 2026"
Krishna Institute of Medical Sciences Limited,KIMS,"Mon, Jun 28, 2021",daily,766.0,781.75,759.35,769.9,403013,"Tue, Sep 29, 2026"
Kingfa Science & Technology (India) Limited,KINGFA,"Tue, Nov 15, 2016",daily,6384.0,6594.5,6376.5,6524.5,22165,"Tue, Sep 29, 2026"
KIOCL Limited,KIOCL,"Tue, Nov 29, 2016",daily,332.1,338.0,328.0,336.1,57228,"Tue, Sep 29, 2026"
Kiran Vyapar Limited,KIRANVYPAR,"Mon, Apr 20, 2026",daily,185.0,195.0,169.82,189.66,29509,"Tue, Sep 29, 2026"
Kiri Industries Limited,KIRIINDUS,"Tue, Apr 22, 2008",daily,542.0,560.0,538.5,543.45,476341,"Tue, Sep 29, 2026"
Kirloskar Ferrous Industries Limited,KIRLFER,"Mon, Apr 20, 2026",daily,469.4,476.8,461.0,474.4,99857,"Tue, Sep 29, 2026"
Kirloskar Brothers Limited,KIRLOSBROS,"Tue, Apr 20, 2010",daily,1732.3,1936.1,1714.1,1848.3,457358,"Tue, Sep 29, 2026"
Kirloskar Oil Engines Limited,KIRLOSENG,"Fri, Dec 24, 2010",daily,2141.2,2444.0,2124.3,2402.0,5298949,"Tue, Sep 29, 2026"
Kirloskar Industries Limited,KIRLOSIND,"Thu, Jun 24, 2010",daily,3543.0,3640.0,3465.1,3578.6,7323,"Tue, Sep 29, 2026"
Kirloskar Pneumatic Company Limited,KIRLPNU,"Wed, Apr 26, 2023",daily,675.3,690.0,669.6,684.4,133945,"Tue, Sep 29, 2026"
OnEMI Technology Solutions Limited,KISSHT,"Fri, May 08, 2026",daily,345.05,362.55,340.05,358.65,2096454,"Tue, Sep 29, 2026"
Kitex Garments Limited,KITEX,"Tue, Sep 25, 2012",daily,115.98,116.63,114.36,115.56,260341,"Tue, Sep 29, 2026"
KJMC Financial Services Limited,KJMCFIN,"Mon, Aug 17, 2026",daily,58.12,60.0,57.8,59.0,3969,"Tue, Sep 29, 2026"
Kewal Kiran Clothing Limited,KKCL,"Thu, Apr 13, 2006",daily,462.05,471.35,455.0,467.1,34175,"Tue, Sep 29, 2026"
Kilburn Engineering Limited,KLBRENG-B,"Mon, Apr 20, 2026",daily,515.0,532.0,500.5,525.55,393122,"Tue, Sep 29, 2026"
K M C Speciality Hospitals (India) Limited,KMCSHIL,"Mon, Aug 17, 2026",daily,165.32,165.32,160.0,161.98,300278,"Tue, Sep 29, 2026"
Knowledge Marine & Engineering Works Limited,KMEW,"Thu, Nov 14, 2024",daily,2965.1,3099.9,2892.7,3064.8,644521,"Tue, Sep 29, 2026"
K.M.Sugar Mills Limited,KMSUGAR,"Thu, May 31, 2007",daily,32.67,33.0,31.01,31.86,282268,"Tue, Sep 29, 2026"
Knack Packaging Limited,KNACK,"Wed, Jul 08, 2026",daily,177.05,183.0,176.0,176.58,468586,"Tue, Sep 29, 2026"
KN Agri Resources Limited,KNAGRI,"Tue, Dec 09, 2025",daily,205.98,205.98,195.3,199.92,4172,"Tue, Sep 29, 2026"
KNR Constructions Limited,KNRCON,"Mon, Feb 18, 2008",daily,117.39,120.9,115.64,119.33,879023,"Tue, Sep 29, 2026"
Kohinoor Foods Limited,KOHINOOR,"Wed, Oct 20, 1999",daily,30.29,31.45,29.27,30.99,264191,"Tue, Sep 29, 2026"
Kokuyo Camlin Limited,KOKUYOCMLN,"Mon, Jul 28, 2008",daily,74.6,75.8,74.0,74.72,16933,"Tue, Sep 29, 2026"
Kolte - Patil Developers Limited,KOLTEPATIL,"Thu, Dec 13, 2007",daily,425.5,431.9,418.0,427.05,42087,"Tue, Sep 29, 2026"
Kopran Limited,KOPRAN,"Wed, Jun 09, 1999",daily,277.86,292.3,275.77,290.9,1181235,"Tue, Sep 29, 2026"
Kotak Mahindra Bank Limited,KOTAKBANK,"Wed, Dec 20, 1995",daily,401.25,409.25,394.7,406.0,32613940,"Tue, Sep 29, 2026"
Kothari Petrochemicals Limited,KOTHARIPET,"Sat, Nov 02, 1996",daily,131.22,133.84,127.35,128.97,55694,"Tue, Sep 29, 2026"
Kothari Products Limited,KOTHARIPRO,"Wed, Jun 03, 1998",daily,64.6,66.64,64.6,65.09,3197,"Tue, Sep 29, 2026"
Kothari Industrial Corporation Limited,KOTIC,"Mon, Apr 20, 2026",daily,149.07,154.65,147.42,150.12,10324,"Tue, Sep 29, 2026"
Kotyark Industries Limited,KOTYARK,"Thu, Mar 12, 2026",daily,26.95,30.9,24.55,29.39,1583442,"Tue, Sep 29, 2026"
Kovai Medical Center & Hospital Limited,KOVAI,"Mon, Apr 20, 2026",daily,6079.5,6079.5,5974.0,6013.5,3341,"Tue, Sep 29, 2026"
K.P. Energy Limited,KPEL,"Thu, Nov 14, 2024",daily,220.0,225.0,215.64,224.03,215474,"Tue, Sep 29, 2026"
KPI Green Energy Limited,KPIGREEN,"Tue, Jul 27, 2021",daily,356.0,373.5,351.5,371.25,3575742,"Tue, Sep 29, 2026"
Kalpataru Projects International Limited,KPIL,"Fri, Dec 15, 2000",daily,1378.0,1390.0,1345.1,1365.1,186265,"Tue, Sep 29, 2026"
KPIT Technologies Limited,KPITTECH,"Mon, Apr 22, 2019",daily,510.25,519.7,495.5,519.7,3351279,"Tue, Sep 29, 2026"
Kwality Pharmaceuticals Limited,KPL,"Mon, Apr 20, 2026",daily,3565.4,3691.4,3558.9,3625.1,18009,"Tue, Sep 29, 2026"
K.P.R. Mill Limited,KPRMILL,"Tue, Aug 28, 2007",daily,1099.8,1102.9,1066.3,1081.5,160547,"Tue, Sep 29, 2026"
KRBL Limited,KRBL,"Mon, Jan 21, 2002",daily,382.0,390.0,379.25,386.2,320487,"Tue, Sep 29, 2026"
Krebs Biochemicals and Industries Limited,KREBSBIO,"Wed, Jan 03, 1996",daily,58.75,58.75,55.2,56.42,6270,"Tue, Sep 29, 2026"
Kridhan Infra Limited,KRIDHANINF,"Fri, Dec 11, 2015",daily,1.9,1.9,1.83,1.88,17885,"Tue, Sep 29, 2026"
Krishana Phoschem Limited,KRISHANA,"Thu, Aug 22, 2019",daily,186.99,186.99,183.5,185.19,331174,"Tue, Sep 29, 2026"
Krishival Foods Limited,KRISHIVAL,"Fri, Jun 20, 2025",daily,414.0,415.0,400.25,403.95,18076,"Tue, Sep 29, 2026"
Krishna Defence And Allied Industries Limited,KRISHNADEF,"Tue, Dec 30, 2025",daily,995.8,1030.0,986.6,1013.0,49354,"Tue, Sep 29, 2026"
Kriti Industries (India) Limited,KRITI,"Mon, Nov 01, 2021",daily,60.27,62.5,60.27,62.41,7772,"Tue, Sep 29, 2026"
Kritika Wires Limited,KRITIKA,"Wed, May 04, 2022",daily,5.12,5.12,4.62,5.01,160481,"Tue, Sep 29, 2026"
Kriti Nutrients Limited,KRITINUT,"Fri, Oct 07, 2022",daily,75.99,75.99,71.91,72.52,40415,"Tue, Sep 29, 2026"
KRN Heat Exchanger and Refrigeration Limited,KRN,"Thu, Oct 03, 2024",daily,1409.0,1455.0,1362.1,1443.1,385834,"Tue, Sep 29, 2026"
Kross Limited,KROSS,"Mon, Sep 16, 2024",daily,260.0,267.93,251.94,261.83,849539,"Tue, Sep 29, 2026"
Krsnaa Diagnostics Limited,KRSNAA,"Mon, Aug 16, 2021",daily,540.0,559.0,529.0,553.6,158426,"Tue, Sep 29, 2026"
Krystal Integrated Services Limited,KRYSTAL,"Thu, Mar 21, 2024",daily,621.4,624.0,612.0,619.75,3889,"Tue, Sep 29, 2026"
Ksb Limited,KSB,"Wed, Feb 08, 1995",daily,801.25,855.0,796.55,824.8,755002,"Tue, Sep 29, 2026"
Kaveri Seed Company Limited,KSCL,"Thu, Oct 04, 2007",daily,770.0,785.0,731.25,742.1,375646,"Tue, Sep 29, 2026"
KSE Limited,KSE,"Mon, Aug 17, 2026",daily,179.9,180.9,176.0,177.99,5760,"Tue, Sep 29, 2026"
KSH International Limited,KSHINTL,"Tue, Dec 23, 2025",daily,988.0,1035.0,985.25,1028.4,216731,"Tue, Sep 29, 2026"
Kalyani Steels Limited,KSL,"Wed, May 19, 2010",daily,953.0,976.8,934.0,964.35,77343,"Tue, Sep 29, 2026"
Ksolves India Limited,KSOLVES,"Fri, Sep 23, 2022",daily,245.6,249.6,243.05,247.4,25013,"Tue, Sep 29, 2026"
The Karnataka Bank Limited,KTKBANK,"Wed, May 10, 2000",daily,322.0,326.1,317.35,324.25,1248849,"Tue, Sep 29, 2026"
Kuantum Papers Limited,KUANTUM,"Wed, Oct 23, 2019",daily,76.94,79.59,76.0,76.73,117773,"Tue, Sep 29, 2026"
Kusumgar Limited,KUSUMGAR,"Wed, Jul 15, 2026",daily,619.9,628.85,600.05,606.25,228768,"Tue, Sep 29, 2026"
Kwality Wall's (India) Limited,KWIL,"Mon, Feb 16, 2026",daily,40.09,41.8,39.61,41.0,14145023,"Tue, Sep 29, 2026"
Lagnam Spintex Limited,LAGNAM,"Thu, Sep 30, 2021",daily,73.99,73.99,71.12,72.02,12935,"Tue, Sep 29, 2026"
Lahoti Overseas Limited,LAHOTIOV,"Mon, Apr 20, 2026",daily,41.0,41.0,39.19,39.26,4167,"Tue, Sep 29, 2026"
Lakshmi Mills Company Limited,LAKSHMIMIL,"Mon, Aug 17, 2026",daily,7600.0,7799.5,7500.5,7620.0,65,"Tue, Sep 29, 2026"
Lorenzini Apparels Limited,LAL,"Mon, Apr 10, 2023",daily,8.76,8.76,8.53,8.55,4755,"Tue, Sep 29, 2026"
Lalithaa Jewellery Mart Limited,LALITHAA,"Mon, Aug 24, 2026",daily,358.0,375.0,357.35,375.0,6239745,"Tue, Sep 29, 2026"
Dr. Lal Path Labs Ltd.,LALPATHLAB,"Wed, Dec 23, 2015",daily,1943.6,1971.4,1930.6,1950.4,401450,"Tue, Sep 29, 2026"
Lambodhara Textiles Limited,LAMBODHARA,"Wed, Feb 04, 2015",daily,137.79,137.99,131.5,135.41,14809,"Tue, Sep 29, 2026"
Lancer Container Lines Limited,LANCER,"Mon, Aug 17, 2026",daily,11.41,11.95,10.68,11.41,178590,"Tue, Sep 29, 2026"
Landmark Cars Limited,LANDMARK,"Fri, Dec 23, 2022",daily,484.0,537.85,475.0,487.0,16779945,"Tue, Sep 29, 2026"
Landsmill Green Limited,LANDSMILL,"Mon, Aug 03, 2009",daily,0.85,0.88,0.76,0.88,18968243,"Tue, Sep 29, 2026"
La Opala RG Limited,LAOPALA,"Fri, Mar 16, 2007",daily,156.0,157.99,153.01,156.71,79146,"Tue, Sep 29, 2026"
MIRAEAMC - LARGEMID50,LARGEMID50,,daily,34.58,34.62,34.35,34.54,5096,"Tue, Sep 29, 2026"
Laser Power & Infra Limited,LASERPOWER,"Thu, Jul 16, 2026",daily,263.9,273.7,257.15,270.45,755964,"Tue, Sep 29, 2026"
Latent View Analytics Limited,LATENTVIEW,"Tue, Nov 23, 2021",daily,241.5,244.5,234.25,235.5,1133664,"Tue, Sep 29, 2026"
Latteys Industries Limited,LATTEYS,"Tue, May 23, 2023",daily,20.75,20.95,20.33,20.59,29919,"Tue, Sep 29, 2026"
Laurus Labs Limited,LAURUSLABS,"Mon, Dec 19, 2016",daily,2020.7,2024.9,1979.0,1979.0,2431575,"Tue, Sep 29, 2026"
Laxmi Cotspin Limited,LAXMICOT,"Fri, Nov 12, 2021",daily,13.1,13.4,12.69,12.85,9658,"Tue, Sep 29, 2026"
Laxmi Dental Limited,LAXMIDENTL,"Mon, Jan 20, 2025",daily,193.26,194.9,191.22,192.49,34056,"Tue, Sep 29, 2026"
Laxmi India Finance Limited,LAXMIINDIA,"Tue, Aug 05, 2025",daily,118.84,121.0,114.51,118.84,141482,"Tue, Sep 29, 2026"
LCC Infotech Limited,LCCINFOTEC,"Thu, Mar 02, 2000",daily,4.06,4.16,3.82,3.9,165072,"Tue, Sep 29, 2026"
LCC Projects Limited,LCCPROJECT,"Thu, Sep 17, 2026",daily,149.5,152.5,148.12,150.82,1143036,"Tue, Sep 29, 2026"
Lohia Corp Limited,LCL,"Thu, Jul 30, 2026",daily,571.35,589.1,564.25,581.65,282585,"Tue, Sep 29, 2026"
LEAP India Limited,LEAPIND,"Fri, Aug 14, 2026",daily,135.0,139.6,133.94,137.44,1202434,"Tue, Sep 29, 2026"
Le Merite Exports Limited,LEMERITE,"Fri, Dec 12, 2025",daily,19.15,20.3,19.01,19.95,618998,"Tue, Sep 29, 2026"
Lemon Tree Hotels Limited,LEMONTREE,"Mon, Apr 09, 2018",daily,103.82,104.7,102.0,104.17,1918428,"Tue, Sep 29, 2026"
Lenskart Solutions Limited,LENSKART,"Mon, Nov 10, 2025",daily,655.2,682.6,648.3,674.6,6208921,"Tue, Sep 29, 2026"
Lexus Granito (India) Limited,LEXUS,"Mon, Mar 13, 2023",daily,12.44,12.44,11.32,11.82,25447,"Tue, Sep 29, 2026"
Lakshmi Finance & Industrial Corporation Limited,LFIC,"Wed, Apr 15, 2015",daily,130.0,132.9,129.06,129.51,1151,"Tue, Sep 29, 2026"
LG Balakrishnan & Bros Limited,LGBBROSLTD,"Tue, Mar 30, 2010",daily,1730.4,1742.5,1699.8,1730.1,26837,"Tue, Sep 29, 2026"
LG Electronics India Limited,LGEINDIA,"Tue, Oct 14, 2025",daily,1724.0,1743.9,1704.1,1739.2,622387,"Tue, Sep 29, 2026"
Laxmi Goldorna House Limited,LGHL,"Fri, Nov 10, 2023",daily,184.92,185.0,178.0,178.72,7220,"Tue, Sep 29, 2026"
Libas Consumer Products Limited,LIBAS,"Tue, Jul 23, 2019",daily,11.52,12.29,11.21,11.98,62782,"Tue, Sep 29, 2026"
Liberty Shoes Limited,LIBERTSHOE,"Wed, Sep 27, 1995",daily,229.06,229.06,221.05,225.54,15992,"Tue, Sep 29, 2026"
LIC Housing Finance Limited,LICHSGFIN,"Wed, Jul 29, 1998",daily,564.55,566.75,548.5,548.5,2870480,"Tue, Sep 29, 2026"
Life Insurance Corporation Of India,LICI,"Tue, May 17, 2022",daily,400.0,401.0,390.0,390.0,9662972,"Tue, Sep 29, 2026"
LIC MF - LIC GOLD ETF,LICMFGOLD,,daily,132.6,132.7,130.75,131.75,36707,"Tue, Sep 29, 2026"
LICNAMC - LICNMFET,LICNETFGSC,,daily,28.98,29.12,28.9,29.06,204722,"Tue, Sep 29, 2026"
LICNAMC - LICNFENGP,LICNETFN50,,daily,262.57,262.57,254.06,256.9,463,"Tue, Sep 29, 2026"
LICNAMC - LICNFESGP,LICNETFSEN,,daily,824.0,824.0,804.15,804.15,2,"Tue, Sep 29, 2026"
LICNAMC - LICNFNHGP,LICNFNHGP,,daily,270.81,271.47,258.0,268.85,181,"Tue, Sep 29, 2026"
LICNAMC - LICNMID100,LICNMID100,,daily,61.35,62.55,59.26,60.29,30506,"Tue, Sep 29, 2026"
Likhitha Infrastructure Limited,LIKHITHA,"Thu, Oct 15, 2020",daily,228.63,228.63,221.0,222.85,23060,"Tue, Sep 29, 2026"
Linc Limited,LINC,"Mon, Mar 09, 2015",daily,89.86,91.73,88.0,88.84,132429,"Tue, Sep 29, 2026"
Lincoln Pharmaceuticals Limited,LINCOLN,"Thu, Dec 17, 2015",daily,583.0,595.9,582.0,584.3,15006,"Tue, Sep 29, 2026"
Linde India Limited,LINDEINDIA,"Wed, Jun 16, 1999",daily,6190.0,6335.0,6175.0,6199.5,32043,"Tue, Sep 29, 2026"
NIPPONAMC - LIQGRWBEES,LIQGRWBEES,,daily,1057.37,1057.39,1057.36,1057.36,121996,"Tue, Sep 29, 2026"
MIRAEAMC - LIQUID,LIQUID,,daily,999.99,1000.0,999.99,999.99,319932,"Tue, Sep 29, 2026"
KOTAKMAMC - KOTAKLIQ,LIQUID1,,daily,1124.7,1147.04,1122.98,1124.68,1751016,"Tue, Sep 29, 2026"
DSPAMC - LIQUIDADD,LIQUIDADD,,daily,1152.4,1152.4,1146.82,1146.82,706908,"Tue, Sep 29, 2026"
NIP IND ETF LIQUID BEES,LIQUIDBEES,,daily,1000.0,1000.01,994.99,1000.0,6333869,"Tue, Sep 29, 2026"
BFAM - LIQUIDBETF,LIQUIDBETF,,daily,1100.77,1100.77,1100.75,1100.75,290803,"Tue, Sep 29, 2026"
ZERODHAAMC - LIQUIDCASE,LIQUIDCASE,,daily,116.12,116.14,116.12,116.12,28943277,"Tue, Sep 29, 2026"
DSP LIQUID ETF,LIQUIDETF,,daily,999.99,1000.01,999.99,999.99,68481,"Tue, Sep 29, 2026"
ICICIPRAMC - ICICILIQ,LIQUIDIETF,,daily,1000.0,1000.01,999.99,999.99,235047,"Tue, Sep 29, 2026"
MIRAEAMC - LIQUIDPLUS,LIQUIDPLUS,,daily,1106.75,1110.62,1105.23,1105.23,560381,"Tue, Sep 29, 2026"
SBIAMC - LIQUIDSBI,LIQUIDSBI,,daily,999.99,1000.01,999.99,1000.0,2804,"Tue, Sep 29, 2026"
SHRIRAM - LIQUIDSHRI,LIQUIDSHRI,,daily,1123.4,1123.42,1123.4,1123.41,4650,"Tue, Sep 29, 2026"
LKP Securities Limited,LKPSEC,"Mon, Aug 17, 2026",daily,13.9,14.44,13.7,14.27,4705,"Tue, Sep 29, 2026"
LLOYDS ENGINEERING WORKS LIMITED,LLOYDSENGG,"Mon, Jul 18, 2016",daily,95.97,103.45,95.1,102.19,39990276,"Tue, Sep 29, 2026"
Lloyds Enterprises Limited,LLOYDSENT,"Thu, Oct 17, 2024",daily,76.3,80.4,75.12,79.13,4987982,"Tue, Sep 29, 2026"
Lloyds Metals And Energy Limited,LLOYDSME,"Mon, Jul 17, 2023",daily,1840.3,1908.1,1822.7,1902.2,459165,"Tue, Sep 29, 2026"
LMW Limited,LMW,"Wed, Mar 29, 1995",daily,16967.0,17111.0,16761.0,16957.0,2629,"Tue, Sep 29, 2026"
Lodha Developers Limited,LODHA,"Mon, Apr 19, 2021",daily,1121.0,1128.0,1096.3,1106.6,7960815,"Tue, Sep 29, 2026"
Lokesh Machines Limited,LOKESHMACH,"Fri, May 05, 2006",daily,335.0,347.65,319.0,341.55,34155,"Tue, Sep 29, 2026"
Lords Chloro Alkali Limited,LORDSCHLO,"Mon, Aug 28, 2023",daily,151.0,151.0,139.01,140.34,26426,"Tue, Sep 29, 2026"
Lotus Chocolate Company Limited,LOTUSCHO,"Mon, Aug 17, 2026",daily,556.1,567.0,544.0,554.55,5152,"Tue, Sep 29, 2026"
Lotus Eye Hospital and Institute Limited,LOTUSEYE,"Fri, Jul 11, 2008",daily,115.0,117.0,112.62,113.2,11294,"Tue, Sep 29, 2026"
Lovable Lingerie Limited,LOVABLE,"Thu, Mar 24, 2011",daily,70.99,71.78,69.75,71.0,8575,"Tue, Sep 29, 2026"
MIRAEAMC - MANV30F,LOWVOL,,daily,195.08,195.39,194.4,195.1,1124,"Tue, Sep 29, 2026"
KOTAKMAMC - KOTAKLOVOL,LOWVOL1,,daily,20.31,20.31,19.84,19.88,157672,"Tue, Sep 29, 2026"
ICICI PR NIF LW VL 30 ETF,LOWVOLIETF,,daily,21.12,21.39,20.59,20.85,959949,"Tue, Sep 29, 2026"
Loyal Textile Mills Limited,LOYALTEX,"Thu, Aug 11, 2022",daily,210.1,212.99,206.25,207.28,475,"Tue, Sep 29, 2026"
Landmark Property Development Company Limited,LPDC,"Tue, Aug 12, 2008",daily,6.14,6.53,6.14,6.22,66105,"Tue, Sep 29, 2026"
Larsen & Toubro Limited,LT,"Wed, Jun 23, 2004",daily,3768.0,3791.8,3740.2,3749.1,2546475,"Tue, Sep 29, 2026"
L&T Finance Limited,LTF,"Fri, Aug 12, 2011",daily,279.5,281.3,269.45,271.05,13974932,"Tue, Sep 29, 2026"
LT Foods Limited,LTFOODS,"Mon, Dec 18, 2006",daily,407.0,413.8,401.2,402.8,351308,"Tue, Sep 29, 2026"
NIP IND ETF LONGTERM GILT,LTGILTBEES,,daily,29.52,29.6,29.52,29.55,1180432,"Tue, Sep 29, 2026"
ZERODHAAMC - LTGILTCASE,LTGILTCASE,,daily,30.69,30.69,30.1,30.15,70790,"Tue, Sep 29, 2026"
LTM Limited,LTM,"Thu, Jul 21, 2016",daily,4091.4,4183.6,3936.0,3936.0,1014142,"Tue, Sep 29, 2026"
L&T Technology Services Limited,LTTS,"Fri, Sep 23, 2016",daily,3211.6,3227.3,3051.8,3081.6,114793,"Tue, Sep 29, 2026"
Lumax Industries Limited,LUMAXIND,"Wed, Sep 06, 1995",daily,5651.0,5861.5,5607.0,5691.5,25442,"Tue, Sep 29, 2026"
Lumax Auto Technologies Limited,LUMAXTECH,"Tue, Jan 16, 2007",daily,2032.0,2035.9,1972.3,2011.7,79524,"Tue, Sep 29, 2026"
Lumino Industries Limited,LUMINO,"Thu, Sep 03, 2026",daily,104.61,106.45,103.53,104.4,3576565,"Tue, Sep 29, 2026"
Lupin Limited,LUPIN,"Mon, Sep 10, 2001",daily,2076.0,2097.1,2052.1,2052.1,942745,"Tue, Sep 29, 2026"
Lux Industries Limited,LUXIND,"Mon, Nov 30, 2015",daily,1112.1,1130.9,1094.5,1103.6,19114,"Tue, Sep 29, 2026"
Laxmi Organic Industries Limited,LXCHEM,"Thu, Mar 25, 2021",daily,177.56,178.99,172.72,176.49,922542,"Tue, Sep 29, 2026"
Mahindra & Mahindra Limited,M&M,"Wed, Jan 03, 1996",daily,2986.0,2991.0,2947.8,2947.8,3270487,"Tue, Sep 29, 2026"
Mahindra & Mahindra Financial Services Limited,M&MFIN,"Fri, Mar 17, 2006",daily,327.0,331.35,325.3,328.05,1791118,"Tue, Sep 29, 2026"
Maan Aluminium Limited,MAANALU,"Mon, Oct 22, 2007",daily,102.9,102.9,99.76,100.62,25135,"Tue, Sep 29, 2026"
Macpower CNC Machines Limited,MACPOWER,"Wed, Aug 19, 2020",daily,2190.0,2190.0,2085.3,2128.1,55501,"Tue, Sep 29, 2026"
Madhav Marbles and Granites Limited,MADHAV,"Thu, Dec 20, 2007",daily,35.1,35.5,34.2,34.81,107,"Tue, Sep 29, 2026"
Madhav Infra Projects Limited,MADHAVIPL,"Mon, Apr 20, 2026",daily,7.4,7.6,7.21,7.41,57075,"Tue, Sep 29, 2026"
Madhucon Projects Limited,MADHUCON,"Thu, Oct 05, 2006",daily,4.14,4.14,3.88,4.05,18329,"Tue, Sep 29, 2026"
Madras Fertilizers Limited,MADRASFERT,"Fri, Jul 25, 1997",daily,60.4,60.4,58.11,58.55,29421,"Tue, Sep 29, 2026"
MIRAEAMC - MAFANG,MAFANG,,daily,241.35,243.44,231.08,238.14,450616,"Tue, Sep 29, 2026"
Mafatlal Industries Limited,MAFATIND,"Mon, Apr 20, 2026",daily,115.3,116.99,115.2,115.29,17637,"Tue, Sep 29, 2026"
Magadh Sugar & Energy Limited,MAGADSUGAR,"Fri, Jul 28, 2017",daily,544.85,545.1,528.1,536.7,12714,"Tue, Sep 29, 2026"
Magnum Ventures Limited,MAGNUM,"Thu, Sep 20, 2007",daily,19.0,19.0,18.52,18.57,6746,"Tue, Sep 29, 2026"
Bank of Maharashtra,MAHABANK,"Mon, Apr 12, 2004",daily,80.7,80.74,79.16,79.16,23053186,"Tue, Sep 29, 2026"
Maha Rashtra Apex Corporation Limited,MAHAPEXLTD,"Wed, Jan 21, 1998",daily,50.65,52.5,50.21,50.82,5068,"Tue, Sep 29, 2026"
Mahindra EPC Irrigation Limited,MAHEPC,"Fri, Feb 14, 2020",daily,98.9,98.9,95.3,96.78,12834,"Tue, Sep 29, 2026"
Maheshwari Logistics Limited,MAHESHWARI,"Mon, Apr 15, 2019",daily,72.0,74.5,70.8,73.53,15307,"Tue, Sep 29, 2026"
MIRAEAMC - MAHKTECH,MAHKTECH,,daily,21.93,22.08,21.61,21.9,521137,"Tue, Sep 29, 2026"
Mahindra Lifespace Developers Limited,MAHLIFE,"Wed, May 10, 2000",daily,361.0,364.1,354.4,361.0,88650,"Tue, Sep 29, 2026"
Mahindra Logistics Limited,MAHLOG,"Fri, Nov 10, 2017",daily,420.1,436.4,415.8,425.7,458867,"Tue, Sep 29, 2026"
Maharashtra Scooters Limited,MAHSCOOTER,"Wed, Feb 08, 1995",daily,12804.0,12804.0,12110.0,12341.0,33036,"Tue, Sep 29, 2026"
Maharashtra Seamless Limited,MAHSEAMLES,"Wed, Aug 25, 2004",daily,710.8,726.65,698.0,721.85,534025,"Tue, Sep 29, 2026"
Maithan Alloys Limited,MAITHANALL,"Tue, Jul 05, 2011",daily,940.0,941.45,921.55,928.2,39509,"Tue, Sep 29, 2026"
MIRAEAMC - MAMFGETF,MAKEINDIA,,daily,160.83,160.83,157.75,158.6,37833,"Tue, Sep 29, 2026"
Makers Laboratories Limited,MAKERSL,"Mon, Aug 17, 2026",daily,180.05,188.3,179.99,181.38,1347,"Tue, Sep 29, 2026"
Mallcom (India) Limited,MALLCOM,"Wed, Feb 02, 2022",daily,937.7,949.55,935.0,939.65,535,"Tue, Sep 29, 2026"
Malu Paper Mills Limited,MALUPAPER,"Wed, Apr 05, 2006",daily,31.7,32.29,31.25,31.68,6545,"Tue, Sep 29, 2026"
Mamata Machinery Limited,MAMATA,"Fri, Dec 27, 2024",daily,400.0,407.95,392.0,399.5,54563,"Tue, Sep 29, 2026"
Manaksia Aluminium Company Limited,MANAKALUCO,"Mon, Mar 30, 2015",daily,35.4,35.4,34.1,34.71,34937,"Tue, Sep 29, 2026"
Manaksia Coated Metals & Industries Limited,MANAKCOAT,"Mon, Mar 30, 2015",daily,125.54,128.59,125.13,127.29,216998,"Tue, Sep 29, 2026"
Manaksia Limited,MANAKSIA,"Tue, Jan 08, 2008",daily,60.02,62.4,58.53,61.66,78476,"Tue, Sep 29, 2026"
Manali Petrochemicals Limited,MANALIPETC,"Wed, Dec 06, 2006",daily,82.09,82.44,78.82,80.18,1173799,"Tue, Sep 29, 2026"
Manappuram Finance Limited,MANAPPURAM,"Mon, Dec 01, 2014",daily,312.5,317.8,308.55,316.45,9763639,"Tue, Sep 29, 2026"
Manba Finance Limited,MANBA,"Mon, Sep 30, 2024",daily,137.11,140.89,136.5,136.52,206749,"Tue, Sep 29, 2026"
Mangal Credit and Fincorp Limited,MANCREDIT,"Fri, Aug 16, 2024",daily,216.0,220.0,213.82,217.36,150144,"Tue, Sep 29, 2026"
Mangalam Drugs And Organics Limited,MANGALAM,"Mon, May 23, 2005",daily,30.5,32.19,30.11,31.39,30962,"Tue, Sep 29, 2026"
Mangalam Cement Limited,MANGLMCEM,"Wed, Jan 03, 1996",daily,1000.0,1023.0,981.7,985.8,47664,"Tue, Sep 29, 2026"
Man Industries (India) Limited,MANINDS,"Fri, Jun 24, 2005",daily,950.1,970.2,900.15,959.6,1000872,"Tue, Sep 29, 2026"
Man Infraconstruction Limited,MANINFRA,"Thu, Mar 11, 2010",daily,126.95,130.0,125.11,127.9,2651032,"Tue, Sep 29, 2026"
Manipal Health Enterprises Limited,MANIPALHOS,"Wed, Aug 05, 2026",daily,719.9,760.0,717.1,747.75,1423408,"Tue, Sep 29, 2026"
Mankind Pharma Limited,MANKIND,"Tue, May 09, 2023",daily,2436.8,2559.0,2436.8,2545.0,1973968,"Tue, Sep 29, 2026"
Manomay Tex India Limited,MANOMAY,"Wed, Jan 18, 2023",daily,230.9,238.0,229.18,236.46,363665,"Tue, Sep 29, 2026"
Manorama Industries Limited,MANORAMA,"Fri, Jul 01, 2022",daily,1865.1,1895.4,1832.5,1863.5,162648,"Tue, Sep 29, 2026"
Mangalam Organics Limited,MANORG,"Tue, Nov 02, 2021",daily,452.15,459.7,445.0,447.7,4540,"Tue, Sep 29, 2026"
NIPPONAMC - MANUFGBEES,MANUFGBEES,,daily,158.0,158.0,153.83,156.03,17175,"Tue, Sep 29, 2026"
Vedant Fashions Limited,MANYAVAR,"Wed, Feb 16, 2022",daily,540.0,540.0,529.05,531.7,127295,"Tue, Sep 29, 2026"
C.E. Info Systems Limited,MAPMYINDIA,"Tue, Dec 21, 2021",daily,870.1,873.9,840.0,845.2,329311,"Tue, Sep 29, 2026"
Maral Overseas Limited,MARALOVER,"Wed, Feb 08, 1995",daily,61.29,64.75,60.0,61.09,23652,"Tue, Sep 29, 2026"
Marathon Nextgen Realty Limited,MARATHON,"Thu, Sep 29, 2016",daily,389.65,400.0,382.2,384.9,56359,"Tue, Sep 29, 2026"
Marico Limited,MARICO,"Wed, May 01, 1996",daily,805.1,809.1,787.15,787.15,1626109,"Tue, Sep 29, 2026"
Marine Electricals (India) Limited,MARINE,"Wed, Dec 02, 2020",daily,429.3,444.5,423.0,438.25,1949017,"Tue, Sep 29, 2026"
Markolines Pavement Technologies Limited,MARKOLINES,"Tue, Oct 14, 2025",daily,168.61,168.78,165.1,167.82,83177,"Tue, Sep 29, 2026"
Marksans Pharma Limited,MARKSANS,"Mon, Jan 21, 2002",daily,333.0,347.4,332.95,342.75,4594619,"Tue, Sep 29, 2026"
Marsons Limited,MARSONS,"Fri, Mar 13, 2026",daily,120.13,121.9,117.5,117.96,1466921,"Tue, Sep 29, 2026"
Maruti Suzuki India Limited,MARUTI,"Wed, Jul 09, 2003",daily,12046.0,12046.0,11831.0,11877.0,519770,"Tue, Sep 29, 2026"
MAS Financial Services Limited,MASFIN,"Wed, Oct 18, 2017",daily,279.0,287.0,273.15,281.4,224150,"Tue, Sep 29, 2026"
Mask Investments Limited,MASKINVEST,"Fri, Oct 14, 2016",daily,148.0,148.79,141.71,147.18,57,"Tue, Sep 29, 2026"
MIRAEAMC - MASPTOP50,MASPTOP50,,daily,96.57,101.0,96.31,99.5,546525,"Tue, Sep 29, 2026"
Mastek Limited,MASTEK,"Wed, May 10, 1995",daily,1559.8,1569.0,1518.0,1523.4,56384,"Tue, Sep 29, 2026"
Master Trust Limited,MASTERTR,"Tue, Nov 12, 2024",daily,82.5,83.66,81.95,83.11,120809,"Tue, Sep 29, 2026"
Matrimony.Com Limited,MATRIMONY,"Thu, Sep 21, 2017",daily,524.9,530.95,511.0,519.25,11775,"Tue, Sep 29, 2026"
Mawana Sugars Limited,MAWANASUG,"Fri, Mar 20, 2009",daily,146.5,147.65,141.7,145.05,302819,"Tue, Sep 29, 2026"
Max Estates Limited,MAXESTATES,"Mon, Oct 30, 2023",daily,574.9,576.95,559.4,569.25,80560,"Tue, Sep 29, 2026"
Max Healthcare Institute Limited,MAXHEALTH,"Fri, Aug 21, 2020",daily,993.0,1000.1,979.0,982.1,2611378,"Tue, Sep 29, 2026"
Max India Limited,MAXIND,"Fri, Aug 28, 2020",daily,153.27,162.0,152.75,160.24,144805,"Tue, Sep 29, 2026"
Mayur Uniquoters Ltd,MAYURUNIQ,"Tue, Sep 25, 2012",daily,717.05,739.5,708.95,727.25,74060,"Tue, Sep 29, 2026"
Mazagon Dock Shipbuilders Limited,MAZDOCK,"Mon, Oct 12, 2020",daily,2136.0,2137.4,2087.1,2087.1,738710,"Tue, Sep 29, 2026"
Madhya Bharat Agro Products Limited,MBAPL,"Thu, Aug 22, 2019",daily,166.0,170.5,164.02,166.84,1701743,"Tue, Sep 29, 2026"
M & B Engineering Limited,MBEL,"Wed, Aug 06, 2025",daily,250.35,254.95,245.8,251.5,90202,"Tue, Sep 29, 2026"
MBL Infrastructure Limited,MBLINFRA,"Mon, Jan 11, 2010",daily,20.8,21.84,20.71,21.77,141641,"Tue, Sep 29, 2026"
Mac Charles India Limited,MCCHRLS-B,"Mon, Apr 20, 2026",daily,702.0,702.0,655.0,695.35,848,"Tue, Sep 29, 2026"
M TEK COPPER LIMITED,MCL,"Wed, Aug 19, 2020",daily,58.02,58.79,57.06,57.64,44594,"Tue, Sep 29, 2026"
Mcleod Russel India Limited,MCLEODRUSS,"Fri, Jul 29, 2005",daily,42.92,44.18,42.92,43.56,185587,"Tue, Sep 29, 2026"
Magellanic Cloud Limited,MCLOUD,"Fri, Feb 07, 2025",daily,23.96,26.2,23.52,25.12,10129306,"Tue, Sep 29, 2026"
Multi Commodity Exchange of India Limited,MCX,"Fri, Mar 09, 2012",daily,3248.0,3344.0,3232.0,3232.0,2094968,"Tue, Sep 29, 2026"
Global Health Limited,MEDANTA,"Wed, Nov 16, 2022",daily,1440.8,1452.5,1402.0,1415.1,205609,"Tue, Sep 29, 2026"
Medi Assist Healthcare Services Limited,MEDIASSIST,"Tue, Jan 23, 2024",daily,308.0,310.35,303.0,306.7,251204,"Tue, Sep 29, 2026"
Medico Remedies Limited,MEDICO,"Thu, May 26, 2022",daily,22.51,23.69,20.47,21.84,1914068,"Tue, Sep 29, 2026"
Medplus Health Services Limited,MEDPLUS,"Thu, Dec 23, 2021",daily,656.0,657.55,652.0,654.0,90377,"Tue, Sep 29, 2026"
Meesho Limited,MEESHO,"Wed, Dec 10, 2025",daily,216.83,226.41,211.77,223.21,31046538,"Tue, Sep 29, 2026"
Megastar Foods Limited,MEGASTAR,"Wed, Feb 16, 2022",daily,262.0,271.9,236.05,253.15,19735,"Tue, Sep 29, 2026"
Mangal Electrical Industries Limited,MEIL,"Thu, Aug 28, 2025",daily,269.35,269.35,261.2,266.4,37214,"Tue, Sep 29, 2026"
Menon Bearings Limited,MENONBE,"Mon, Mar 09, 2015",daily,289.5,304.45,275.0,291.1,161630,"Tue, Sep 29, 2026"
Mercantile Ventures Limited,MERCANTILE,"Mon, Apr 20, 2026",daily,22.02,22.7,22.0,22.14,434,"Tue, Sep 29, 2026"
Mercury Ev-Tech Limited,MERCURYEV,"Tue, Jun 02, 2026",daily,38.37,38.92,36.27,38.69,192944,"Tue, Sep 29, 2026"
MIRAEAMC - METAL,METAL,,daily,13.28,13.28,12.37,13.02,1791595,"Tue, Sep 29, 2026"
ICICIPRAMC - METALIETF,METALIETF,,daily,12.91,13.06,12.78,13.02,6311086,"Tue, Sep 29, 2026"
Metro Brands Limited,METROBRAND,"Wed, Dec 22, 2021",daily,879.0,881.9,856.05,872.15,17677,"Tue, Sep 29, 2026"
Metroglobal Limited,METROGLOBL,"Mon, Apr 20, 2026",daily,131.99,132.0,127.1,131.9,461,"Tue, Sep 29, 2026"
Metropolis Healthcare Limited,METROPOLIS,"Mon, Apr 15, 2019",daily,572.85,580.85,560.2,562.3,249077,"Tue, Sep 29, 2026"
Mahalaxmi Fabric Mills Limited,MFML,"Tue, Aug 27, 2024",daily,18.11,19.51,18.11,18.46,1442,"Tue, Sep 29, 2026"
Max Financial Services Limited,MFSL,"Wed, May 17, 2000",daily,1459.9,1459.9,1381.0,1392.4,955322,"Tue, Sep 29, 2026"
Mangalam Global Enterprise Limited,MGEL,"Wed, Dec 23, 2020",daily,16.08,16.2,15.55,16.11,591494,"Tue, Sep 29, 2026"
Mahanagar Gas Limited,MGL,"Fri, Jul 01, 2016",daily,1048.8,1063.5,1035.0,1050.5,113670,"Tue, Sep 29, 2026"
Mahindra Holidays & Resorts India Limited,MHRIL,"Thu, Jul 16, 2009",daily,195.92,196.82,192.85,194.49,55373,"Tue, Sep 29, 2026"
KOTAKMAMC - MID150,MID150,,daily,22.2,22.88,22.06,22.23,178874,"Tue, Sep 29, 2026"
NIP IND ETF MIDCAP 150,MID150BEES,,daily,229.99,229.99,226.11,227.38,1006465,"Tue, Sep 29, 2026"
ZERODHAAMC - MID150CASE,MID150CASE,,daily,11.41,11.41,11.0,11.06,1753428,"Tue, Sep 29, 2026"
DSPAMC - MIDBANKADD,MIDBANKADD,,daily,16.5,16.7,16.26,16.46,105024,"Tue, Sep 29, 2026"
KOTAKMAMC - KOTAKMID50,MIDCAP,,daily,17.64,17.66,17.39,17.52,744225,"Tue, Sep 29, 2026"
DSPAMC - MIDCAPADD,MIDCAPADD,,daily,22.62,22.62,21.91,22.06,8405,"Tue, Sep 29, 2026"
UTIAMC-MIDCAPBETA,MIDCAPBETA,,daily,225.0,227.49,221.7,224.61,9566,"Tue, Sep 29, 2026"
MIRAEAMC - MAM150ETF,MIDCAPETF,,daily,22.65,22.65,22.35,22.44,2885175,"Tue, Sep 29, 2026"
ICICIPRAMC - ICICIM150,MIDCAPIETF,,daily,22.91,22.95,22.6,22.75,1267300,"Tue, Sep 29, 2026"
Mishra Dhatu Nigam Limited,MIDHANI,"Wed, Apr 04, 2018",daily,412.3,427.0,406.05,419.1,937182,"Tue, Sep 29, 2026"
DSPAMC - DSPQ50ETF,MIDQ50ADD,,daily,24.25,24.25,23.67,23.78,106238,"Tue, Sep 29, 2026"
ICICI PRUD MIDCAP SEL ETF,MIDSELIETF,,daily,18.82,18.98,18.56,18.72,277242,"Tue, Sep 29, 2026"
MIRAEAMC - MIDSMALL,MIDSMALL,,daily,50.26,50.39,49.75,49.98,254332,"Tue, Sep 29, 2026"
Midwest Limited,MIDWESTLTD,"Fri, Oct 24, 2025",daily,895.1,901.1,869.0,877.0,60800,"Tue, Sep 29, 2026"
Meghna Infracon Infrastructure Limited,MIIL,"Mon, Aug 17, 2026",daily,697.0,702.0,676.65,692.05,59879,"Tue, Sep 29, 2026"
Minda Corporation Limited,MINDACORP,"Thu, Oct 16, 2014",daily,670.0,678.25,661.0,672.75,509602,"Tue, Sep 29, 2026"
Mindteck (India) Limited,MINDTECK,"Tue, Aug 02, 2016",daily,152.61,156.5,150.8,153.34,18274,"Tue, Sep 29, 2026"
Mirza International Limited,MIRZAINT,"Wed, Apr 28, 1999",daily,29.0,29.0,28.0,28.09,100699,"Tue, Sep 29, 2026"
MITCON Consultancy & Engineering Services Limited,MITCON,"Thu, Mar 17, 2022",daily,82.0,85.5,79.0,82.66,82800,"Tue, Sep 29, 2026"
Mittal Life Style Limited,MITTAL,"Wed, Apr 29, 2020",daily,0.72,0.73,0.71,0.72,626550,"Tue, Sep 29, 2026"
M.K. Exim (India) Limited,MKEXIM,"Mon, Aug 17, 2026",daily,69.99,69.99,65.65,66.72,9728,"Tue, Sep 29, 2026"
M K Proteins Limited,MKPL,"Tue, Jun 13, 2023",daily,4.04,4.04,3.9,3.92,133265,"Tue, Sep 29, 2026"
Milkfood Limited,MLKFOOD,"Mon, Aug 17, 2026",daily,84.06,85.0,80.0,84.24,8471,"Tue, Sep 29, 2026"
MM Forgings Limited,MMFL,"Wed, Dec 20, 2006",daily,604.0,617.5,596.2,612.5,48405,"Tue, Sep 29, 2026"
MMP Industries Limited,MMP,"Thu, Jan 09, 2020",daily,452.25,461.65,442.7,447.55,88251,"Tue, Sep 29, 2026"
MMTC Limited,MMTC,"Mon, Apr 09, 2012",daily,56.1,57.68,55.72,56.76,1284719,"Tue, Sep 29, 2026"
Media Matrix Worldwide Limited,MMWL,"Mon, Apr 20, 2026",daily,14.9,14.9,13.99,14.12,4355,"Tue, Sep 29, 2026"
KOTAKMAMC - KOTAKMNC,MNC,,daily,32.0,32.97,31.2,31.77,121051,"Tue, Sep 29, 2026"
MOTILALAMC - MOALPHA50,MOALPHA50,,daily,54.65,56.5,52.79,54.9,18602,"Tue, Sep 29, 2026"
MOTILALAMC - MOBANK10,MOBANK10,,daily,16.38,16.48,15.9,16.04,1562,"Tue, Sep 29, 2026"
One Mobikwik Systems Limited,MOBIKWIK,"Wed, Dec 18, 2024",daily,198.25,199.18,192.82,194.93,715786,"Tue, Sep 29, 2026"
MOTILALAMC - MOCAPITAL,MOCAPITAL,,daily,53.01,53.01,51.2,51.55,714705,"Tue, Sep 29, 2026"
MOTILALAMC - MODEFENCE,MODEFENCE,,daily,101.6,101.76,99.81,101.29,1106009,"Tue, Sep 29, 2026"
Modi Naturals Limited,MODINATUR,"Thu, Dec 11, 2025",daily,339.7,347.9,333.25,339.65,2579,"Tue, Sep 29, 2026"
Modi Rubber Limited,MODIRUBBER,"Wed, Feb 07, 1996",daily,120.9,122.5,111.0,121.89,5863,"Tue, Sep 29, 2026"
Modis Navnirman Limited,MODIS,"Fri, Nov 14, 2025",daily,360.1,373.0,356.1,367.15,59405,"Tue, Sep 29, 2026"
Modern Threads (India) Limited,MODTHREAD,"Wed, Nov 22, 1995",daily,47.8,47.98,47.19,47.19,2325,"Tue, Sep 29, 2026"
MOTILALAMC - MOENERGY,MOENERGY,,daily,37.04,37.48,36.31,36.92,93404,"Tue, Sep 29, 2026"
MOTILALAMC - MOGOLD,MOGOLD,,daily,145.45,145.45,143.65,144.45,17008,"Tue, Sep 29, 2026"
MOTILALAMC - G5,MOGSEC,,daily,65.12,65.3,64.65,64.66,5204,"Tue, Sep 29, 2026"
MOTILALAMC - MOHEALTH,MOHEALTH,,daily,50.78,52.89,50.78,52.21,27494,"Tue, Sep 29, 2026"
Mohite Industries Limited,MOHITE,"Mon, Aug 17, 2026",daily,2.46,2.54,2.37,2.53,25190,"Tue, Sep 29, 2026"
Mohit Industries Limited,MOHITIND,"Thu, Mar 14, 2013",daily,23.0,23.48,22.63,22.97,11464,"Tue, Sep 29, 2026"
MOIL Limited,MOIL,"Wed, Dec 15, 2010",daily,242.75,244.5,237.1,243.96,474777,"Tue, Sep 29, 2026"
MOTILALAMC - MOINFRA,MOINFRA,,daily,56.88,56.88,56.0,56.62,4097,"Tue, Sep 29, 2026"
MOTILALAMC - MOIPO,MOIPO,,daily,46.36,46.59,45.22,46.43,4149,"Tue, Sep 29, 2026"
Moksh Ornaments Limited,MOKSH,"Fri, May 21, 2021",daily,10.0,10.0,9.51,9.6,71208,"Tue, Sep 29, 2026"
Meghmani Organics Limited,MOL,"Wed, Aug 18, 2021",daily,56.9,57.88,56.05,57.27,538823,"Tue, Sep 29, 2026"
Molbio Diagnostics Limited,MOLBIO,"Mon, Aug 17, 2026",daily,1231.2,1275.0,1221.0,1255.6,435362,"Tue, Sep 29, 2026"
Mold-Tek Packaging Limited,MOLDTKPAC,"Mon, Feb 23, 2015",daily,650.0,653.05,637.0,642.95,52648,"Tue, Sep 29, 2026"
MOTILALAMC - MOLOWVOL,MOLOWVOL,,daily,34.71,34.71,33.62,34.57,1001288,"Tue, Sep 29, 2026"
MOTILAL OS MIDCAP100 ETF,MOM100,,daily,64.83,65.19,63.97,64.55,403190,"Tue, Sep 29, 2026"
ICICIPRAMC - ICICIMOM30,MOM30IETF,,daily,30.19,30.5,29.93,30.3,1034536,"Tue, Sep 29, 2026"
MOTILAL OSWAL M50 ETF,MOM50,,daily,241.95,241.95,237.0,239.16,4690,"Tue, Sep 29, 2026"
BIRLASLAMC - MOMENTUM,MOMENTUM,,daily,30.25,30.25,29.55,30.01,35857,"Tue, Sep 29, 2026"
KOTAKMAMC - MOMENTUM30,MOMENTUM30,,daily,29.24,30.2,29.24,29.86,12864,"Tue, Sep 29, 2026"
MOTILALAMC - MOMENTUM50,MOMENTUM50,,daily,52.05,52.76,52.01,52.47,856684,"Tue, Sep 29, 2026"
MOTILALAMC - MOMETAL,MOMETAL,,daily,12.9,13.43,12.6,13.02,19366,"Tue, Sep 29, 2026"
MOTILALAMC - MOMGF,MOMGF,,daily,157.08,157.08,152.55,155.86,830,"Tue, Sep 29, 2026"
MOTILALAMC - MOMIDMTM,MOMIDMTM,,daily,62.22,62.95,61.6,61.96,46592,"Tue, Sep 29, 2026"
MIRAEAMC - MOMMIDCAP,MOMMIDCAP,,daily,12.51,12.58,12.41,12.51,1369326,"Tue, Sep 29, 2026"
MOTILALAMC - MOMNC,MOMNC,,daily,31.03,31.03,30.0,30.67,1394,"Tue, Sep 29, 2026"
MOTILALAMC - MOMOMENTUM,MOMOMENTUM,,daily,60.3,60.38,59.3,60.34,162377,"Tue, Sep 29, 2026"
Rays of Belief Limited,MOMSBELIEF,"Tue, Sep 08, 2026",daily,234.0,267.61,232.0,255.96,2681284,"Tue, Sep 29, 2026"
MOTILAL OS NASDAQ100 ETF,MON100,,daily,320.62,328.0,318.18,319.64,1057693,"Tue, Sep 29, 2026"
MOTILALAMC - MON50EQUAL,MON50EQUAL,,daily,31.6,32.26,31.45,31.74,16116,"Tue, Sep 29, 2026"
Monarch Networth Capital Limited,MONARCH,"Thu, Jan 06, 2022",daily,348.05,352.05,334.75,343.05,93763,"Tue, Sep 29, 2026"
MOTILALAMC - MONEXT50,MONEXT50,,daily,70.39,70.95,69.3,70.31,3769,"Tue, Sep 29, 2026"
Moneyboxx Finance Limited,MONEYBOXX,"Wed, Oct 15, 2025",daily,49.84,51.08,46.22,51.08,101060,"Tue, Sep 29, 2026"
MOTILALAMC - MONIFTY100,MONIFTY100,,daily,24.43,24.43,23.92,24.08,22657,"Tue, Sep 29, 2026"
MOTILALAMC - MONIFTY500,MONIFTY500,,daily,22.97,22.99,22.58,22.79,648591,"Tue, Sep 29, 2026"
MOTILALAMC - MONQ50,MONQ50,,daily,194.0,194.7,179.61,188.41,841441,"Tue, Sep 29, 2026"
Monte Carlo Fashions Limited,MONTECARLO,"Fri, Dec 19, 2014",daily,515.75,519.85,509.0,516.75,32099,"Tue, Sep 29, 2026"
MOTILALAMC - MOOILGAS,MOOILGAS,,daily,10.85,10.95,10.52,10.72,6786,"Tue, Sep 29, 2026"
MOTILALAMC - MOPSE,MOPSE,,daily,94.1,98.0,94.1,96.74,1470,"Tue, Sep 29, 2026"
MOTILALAMC - MOQUALITY,MOQUALITY,,daily,194.0,194.0,186.53,188.62,10959,"Tue, Sep 29, 2026"
MOTILALAMC - MOREALTY,MOREALTY,,daily,85.34,85.58,84.27,84.51,249162,"Tue, Sep 29, 2026"
Morepen Laboratories Limited,MOREPENLAB,"Wed, Nov 24, 1999",daily,120.8,122.69,117.37,118.8,12759041,"Tue, Sep 29, 2026"
Moschip Technologies Limited,MOSCHIP,"Wed, Feb 05, 2025",daily,199.61,201.49,195.3,198.47,1162679,"Tue, Sep 29, 2026"
MOTILALAMC - MOSERVICE,MOSERVICE,,daily,29.38,29.4,29.1,29.32,4597,"Tue, Sep 29, 2026"
MOTILALAMC - MOSILVER,MOSILVER,,daily,217.02,217.98,215.7,216.31,24908,"Tue, Sep 29, 2026"
MOTILALAMC - MOSMALL250,MOSMALL250,,daily,18.0,18.1,17.75,17.92,1164979,"Tue, Sep 29, 2026"
Samvardhana Motherson International Limited,MOTHERSON,"Wed, Aug 14, 1996",daily,162.08,163.24,158.56,158.56,14156331,"Tue, Sep 29, 2026"
Motilal Oswal Financial Services Limited,MOTILALOFS,"Tue, Sep 11, 2007",daily,1002.0,1013.8,995.5,996.2,873780,"Tue, Sep 29, 2026"
Motisons Jewellers Limited,MOTISONS,"Tue, Dec 26, 2023",daily,18.08,18.2,17.5,17.62,38419101,"Tue, Sep 29, 2026"
The Motor & General Finance Limited,MOTOGENFIN,"Wed, Feb 08, 1995",daily,26.65,26.65,25.5,25.57,14323,"Tue, Sep 29, 2026"
MOTILALAMC - MOTOUR,MOTOUR,,daily,75.25,76.97,74.48,75.66,10272,"Tue, Sep 29, 2026"
MOTILALAMC - MOVALUE,MOVALUE,,daily,109.6,109.6,106.71,107.9,59763,"Tue, Sep 29, 2026"
MphasiS Limited,MPHASIS,"Fri, Jun 04, 2004",daily,2238.0,2238.9,2154.4,2154.4,420858,"Tue, Sep 29, 2026"
Manipal Payment and Identity Solutions Limited,MPIMANIPAL,"Thu, Sep 17, 2026",daily,393.7,458.0,388.7,417.4,13139195,"Tue, Sep 29, 2026"
MPS Limited,MPSLTD,"Mon, Jan 21, 2002",daily,2611.0,2684.8,2601.1,2634.7,12743,"Tue, Sep 29, 2026"
MRF Limited,MRF,"Wed, Sep 18, 1996",daily,123550.0,124290.0,122750.0,123080.0,2824,"Tue, Sep 29, 2026"
Mangalore Refinery and Petrochemicals Limited,MRPL,"Fri, Jan 07, 2005",daily,169.5,177.49,168.06,171.65,15901075,"Tue, Sep 29, 2026"
360ONEAMC - MSCI360,MSCI360,,daily,9.89,9.89,9.56,9.77,11703,"Tue, Sep 29, 2026"
DSPAMC - MSCIADD,MSCIADD,,daily,28.06,28.08,27.83,27.95,2793,"Tue, Sep 29, 2026"
KOTAKMAMC - MSCIINDIA,MSCIINDIA,,daily,28.28,28.78,27.66,28.04,49618,"Tue, Sep 29, 2026"
MSP Steel & Power Limited,MSPL,"Mon, Jul 18, 2005",daily,32.76,34.85,32.64,33.55,1388148,"Tue, Sep 29, 2026"
Mstc Limited,MSTCLTD,"Fri, Mar 29, 2019",daily,711.95,719.95,705.5,713.05,158293,"Tue, Sep 29, 2026"
Motherson Sumi Wiring India Limited,MSUMI,"Mon, Mar 28, 2022",daily,34.8,34.87,33.93,34.36,8000741,"Tue, Sep 29, 2026"
Mahanagar Telephone Nigam Limited,MTNL,"Wed, Feb 17, 1999",daily,22.62,23.32,22.57,23.18,691310,"Tue, Sep 29, 2026"
Mufin Green Finance Limited,MUFIN,"Mon, Nov 06, 2023",daily,129.5,133.99,127.9,132.15,2236803,"Tue, Sep 29, 2026"
Credo Brands Marketing Limited,MUFTI,"Wed, Dec 27, 2023",daily,69.01,70.19,68.51,69.28,40683,"Tue, Sep 29, 2026"
Mukand Limited,MUKANDLTD,"Mon, Feb 23, 2004",daily,170.4,174.2,165.41,172.49,821432,"Tue, Sep 29, 2026"
Mukta Arts Limited,MUKTAARTS,"Tue, Sep 12, 2000",daily,56.89,56.89,55.11,56.57,513,"Tue, Sep 29, 2026"
MIRAEAMC - MULTICAP,MULTICAP,,daily,16.38,16.38,15.86,15.96,364187,"Tue, Sep 29, 2026"
Munjal Auto Industries Limited,MUNJALAU,"Wed, Jul 19, 2006",daily,105.71,107.9,104.12,106.48,155908,"Tue, Sep 29, 2026"
Munjal Showa Limited,MUNJALSHOW,"Mon, May 12, 2003",daily,124.26,127.3,122.36,126.32,46785,"Tue, Sep 29, 2026"
Murudeshwar Ceramics Limited,MURUDCERA,"Fri, May 28, 2004",daily,28.05,28.3,27.86,28.0,33172,"Tue, Sep 29, 2026"
Muthoot Capital Services Limited,MUTHOOTCAP,"Mon, Aug 24, 2015",daily,221.17,226.75,216.44,217.07,19275,"Tue, Sep 29, 2026"
Muthoot Finance Limited,MUTHOOTFIN,"Fri, May 06, 2011",daily,2748.0,2764.1,2706.5,2736.8,1190791,"Tue, Sep 29, 2026"
Muthoot Microfin Limited,MUTHOOTMF,"Tue, Dec 26, 2023",daily,178.96,180.55,175.44,177.64,151414,"Tue, Sep 29, 2026"
MV Electrosystems Limited,MVELECTRO,"Thu, Aug 06, 2026",daily,789.9,859.0,781.3,838.05,1626209,"Tue, Sep 29, 2026"
Manoj Vaibhav Gems N Jewellers Limited,MVGJL,"Tue, Oct 03, 2023",daily,216.3,219.54,207.0,212.6,172011,"Tue, Sep 29, 2026"
Mangalam Worldwide Limited,MWL,"Thu, Sep 18, 2025",daily,43.76,44.89,43.06,43.4,396017,"Tue, Sep 29, 2026"
NACL Industries Limited,NACLIND,"Fri, Apr 07, 2017",daily,136.86,137.96,129.75,132.45,1047618,"Tue, Sep 29, 2026"
Nagreeka Capital & Infrastructure Limited,NAGREEKCAP,"Tue, Sep 18, 2007",daily,25.5,27.5,25.5,26.05,3154,"Tue, Sep 29, 2026"
Nagreeka Exports Limited,NAGREEKEXP,"Mon, Jun 18, 2007",daily,21.42,22.75,20.99,22.09,35608,"Tue, Sep 29, 2026"
Nahar Capital and Financial Services Limited,NAHARCAP,"Tue, Mar 11, 2008",daily,249.5,249.5,230.0,237.6,8969,"Tue, Sep 29, 2026"
Nahar Industrial Enterprises Limited,NAHARINDUS,"Thu, Dec 15, 2005",daily,130.05,132.99,126.24,130.17,34383,"Tue, Sep 29, 2026"
Nahar Poly Films Limited,NAHARPOLY,"Fri, Mar 23, 2007",daily,224.94,235.0,221.11,230.27,3674,"Tue, Sep 29, 2026"
Nahar Spinning Mills Limited,NAHARSPING,"Fri, Mar 23, 2007",daily,278.0,278.55,259.2,261.75,46373,"Tue, Sep 29, 2026"
Nippon Life India Asset Management Limited,NAM-INDIA,"Mon, Nov 06, 2017",daily,1090.0,1097.7,1068.0,1068.0,983587,"Tue, Sep 29, 2026"
Narmada Agrobase Limited,NARMADA,"Thu, Oct 27, 2022",daily,13.05,13.3,12.65,12.75,210383,"Tue, Sep 29, 2026"
Natco Pharma Limited,NATCOPHARM,"Wed, Dec 27, 1995",daily,832.45,851.0,827.75,843.1,636356,"Tue, Sep 29, 2026"
Nath Bio-Genes (India) Limited,NATHBIOGEN,"Tue, Jan 28, 2014",daily,145.0,147.0,141.0,142.22,8389,"Tue, Sep 29, 2026"
National Aluminium Company Limited,NATIONALUM,"Wed, Apr 28, 1999",daily,346.45,346.95,341.0,346.65,7334608,"Tue, Sep 29, 2026"
National Standard (India) Limited,NATIONSTD,"Mon, Apr 20, 2026",daily,115.62,116.75,113.02,114.54,4773,"Tue, Sep 29, 2026"
Info Edge (India) Limited,NAUKRI,"Tue, Nov 21, 2006",daily,1238.1,1251.3,1232.3,1245.0,1242585,"Tue, Sep 29, 2026"
NAVA LIMITED,NAVA,"Wed, Apr 03, 1996",daily,543.9,553.55,540.2,545.95,263953,"Tue, Sep 29, 2026"
Navin Fluorine International Limited,NAVINFLUOR,"Fri, Jun 01, 2007",daily,8434.5,8483.5,8211.0,8234.5,136712,"Tue, Sep 29, 2026"
Navkar Corporation Limited,NAVKARCORP,"Wed, Sep 09, 2015",daily,86.86,87.99,85.5,86.6,317322,"Tue, Sep 29, 2026"
Navkar Urbanstructure Limited,NAVKARURB,"Fri, Jan 17, 2025",daily,0.91,0.91,0.84,0.86,1504717,"Tue, Sep 29, 2026"
Navneet Education Limited,NAVNETEDUL,"Wed, Feb 08, 1995",daily,121.5,122.9,120.35,121.42,84166,"Tue, Sep 29, 2026"
Nazara Technologies Limited,NAZARA,"Tue, Mar 30, 2021",daily,379.0,391.1,372.0,388.4,2459398,"Tue, Sep 29, 2026"
NBCC (India) Limited,NBCC,"Thu, Apr 12, 2012",daily,80.16,80.67,78.01,78.01,8592936,"Tue, Sep 29, 2026"
N. B. I. Industrial Finance Company Limited,NBIFIN,"Wed, Nov 23, 2016",daily,1965.2,1966.0,1860.0,1876.6,239,"Tue, Sep 29, 2026"
NCC Limited,NCC,"Tue, Oct 14, 2003",daily,133.83,137.3,126.65,128.27,28505185,"Tue, Sep 29, 2026"
NCL Industries Limited,NCLIND,"Tue, Apr 03, 2007",daily,176.68,178.99,174.0,176.86,43191,"Tue, Sep 29, 2026"
Naga Dhunseri Group Limited,NDGL,"Mon, Aug 29, 2016",daily,2500.0,2540.0,2470.0,2478.1,119,"Tue, Sep 29, 2026"
Nandan Denim Limited,NDL,"Fri, Mar 23, 2012",daily,2.73,2.75,2.57,2.62,1455788,"Tue, Sep 29, 2026"
NDL Ventures Limited,NDLVENTURE,"Tue, Apr 24, 2007",daily,121.43,123.15,119.08,121.49,5638,"Tue, Sep 29, 2026"
Ndr Auto Components Limited,NDRAUTO,"Thu, Jul 30, 2020",daily,719.4,746.3,716.05,739.9,20057,"Tue, Sep 29, 2026"
New Delhi Television Limited,NDTV,"Wed, May 19, 2004",daily,69.11,70.25,68.6,69.06,61864,"Tue, Sep 29, 2026"
Neelamalai Agro Industries Limited,NEAGI,"Mon, Apr 20, 2026",daily,3483.5,3483.5,3483.5,3483.5,2,"Tue, Sep 29, 2026"
Nectar Lifesciences Limited,NECLIFE,"Mon, Jul 18, 2005",daily,10.63,11.08,10.63,10.71,93379,"Tue, Sep 29, 2026"
Nelcast Limited,NELCAST,"Wed, Jun 27, 2007",daily,115.0,121.0,112.6,118.93,251768,"Tue, Sep 29, 2026"
NELCO Limited,NELCO,"Wed, May 28, 2003",daily,922.0,933.45,894.0,922.3,268542,"Tue, Sep 29, 2026"
Neogen Chemicals Limited,NEOGEN,"Wed, May 08, 2019",daily,2388.1,2458.5,2370.0,2435.3,157182,"Tue, Sep 29, 2026"
Nephrocare Health Services Limited,NEPHROPLUS,"Wed, Dec 17, 2025",daily,679.95,679.95,660.0,663.4,599435,"Tue, Sep 29, 2026"
Nesco Limited,NESCO,"Tue, Apr 08, 2008",daily,1082.3,1082.3,1030.1,1040.5,172385,"Tue, Sep 29, 2026"
Nestle India Limited,NESTLEIND,"Tue, Aug 01, 2023",daily,1341.0,1349.1,1333.6,1345.7,1748621,"Tue, Sep 29, 2026"
TATAAML - NETF,NETF,,daily,249.1,251.87,247.0,247.71,3891,"Tue, Sep 29, 2026"
Netweb Technologies India Limited,NETWEB,"Thu, Jul 27, 2023",daily,4550.0,4664.0,4453.0,4613.0,822138,"Tue, Sep 29, 2026"
Network18 Media & Investments Limited,NETWORK18,"Fri, Feb 02, 2007",daily,25.98,26.02,25.28,25.88,2746331,"Tue, Sep 29, 2026"
Neuland Laboratories Limited,NEULANDLAB,"Mon, Oct 13, 2008",daily,21690.0,21920.0,21170.0,21375.0,83910,"Tue, Sep 29, 2026"
Newgen Software Technologies Limited,NEWGEN,"Mon, Jan 29, 2018",daily,480.0,493.4,465.4,473.0,2459936,"Tue, Sep 29, 2026"
DSPAMC - NEXT30ADD,NEXT30ADD,,daily,41.12,41.27,40.82,41.11,1678,"Tue, Sep 29, 2026"
MIRAEAMC - MANXT50,NEXT50,,daily,730.65,730.66,718.5,721.7,81627,"Tue, Sep 29, 2026"
DSPAMC - NEXT50ADD,NEXT50ADD,,daily,70.45,70.74,70.05,70.4,7188,"Tue, Sep 29, 2026"
UTIAMC-NEXT50BETA,NEXT50BETA,,daily,77.5,77.5,75.3,76.02,98671,"Tue, Sep 29, 2026"
KOTAKMAMC - NEXT50ETF,NEXT50ETF,,daily,70.99,73.0,70.2,70.98,91582,"Tue, Sep 29, 2026"
ICICIPRAMC - ICICINXT50,NEXT50IETF,,daily,74.59,74.59,73.03,73.81,1548313,"Tue, Sep 29, 2026"
Next Mediaworks Limited,NEXTMEDIA,"Wed, Apr 04, 2001",daily,3.54,3.76,3.54,3.7,12395,"Tue, Sep 29, 2026"
National Fertilizers Limited,NFL,"Thu, Dec 28, 2006",daily,65.44,65.44,63.7,64.79,751312,"Tue, Sep 29, 2026"
Nakoda Group of Industries Limited,NGIL,"Fri, Aug 20, 2021",daily,40.38,41.75,39.2,39.72,20795,"Tue, Sep 29, 2026"
NGL Fine-Chem Limited,NGLFINE,"Fri, Jul 08, 2022",daily,2736.0,2948.0,2715.1,2870.9,22597,"Tue, Sep 29, 2026"
Narayana Hrudayalaya Ltd.,NH,"Wed, Jan 06, 2016",daily,1820.1,1863.0,1761.0,1789.9,966399,"Tue, Sep 29, 2026"
NHPC Limited,NHPC,"Tue, Sep 01, 2009",daily,74.05,74.7,73.3,73.32,11242484,"Tue, Sep 29, 2026"
The New India Assurance Company Limited,NIACL,"Mon, Nov 13, 2017",daily,170.0,171.95,160.05,168.29,4230836,"Tue, Sep 29, 2026"
NIBE Limited,NIBE,"Fri, Feb 07, 2025",daily,1237.4,1265.4,1226.8,1238.5,37110,"Tue, Sep 29, 2026"
NRB Industrial Bearings Limited,NIBL,"Tue, Apr 09, 2013",daily,31.31,32.5,30.91,31.52,15737,"Tue, Sep 29, 2026"
Nicco Parks & Resorts Limited,NICCOPAR,"Mon, Aug 17, 2026",daily,80.5,83.0,80.5,81.0,1332,"Tue, Sep 29, 2026"
NIP IND ETF NIFTY 100,NIF100BEES,,daily,255.0,255.0,251.11,253.21,44390,"Tue, Sep 29, 2026"
ICICI PRUD NIFTY 100 ETF,NIF100IETF,,daily,27.47,27.47,26.43,26.64,142348,"Tue, Sep 29, 2026"
UTIAMC - NIF500BETA,NIF500BETA,,daily,36.77,38.25,35.86,37.58,1011,"Tue, Sep 29, 2026"
KOTAK NIFTY ETF,NIFTY1,,daily,253.69,253.69,251.5,252.64,388108,"Tue, Sep 29, 2026"
KOTAKMAMC - NIFTY100EW,NIFTY100EW,,daily,34.17,34.17,33.46,33.67,88148,"Tue, Sep 29, 2026"
DSPAMC - DSPNIFTY,NIFTYADD,,daily,243.19,243.19,238.01,239.94,10717,"Tue, Sep 29, 2026"
AXISAMC-NIFTYAXIS,NIFTYAXIS,,daily,252.97,253.62,250.5,252.45,250413,"Tue, Sep 29, 2026"
NIP IND ETF NIFTY BEES,NIFTYBEES,,daily,260.49,260.49,257.9,259.47,16338797,"Tue, Sep 29, 2026"
UTIAMC-NIFTYBETA,NIFTYBETA,,daily,254.99,254.99,250.95,252.39,62271,"Tue, Sep 29, 2026"
BFAM - NIFTYBETF,NIFTYBETF,,daily,235.5,237.67,233.0,234.69,7383,"Tue, Sep 29, 2026"
ZERODHAAMC - NIFTYCASE,NIFTYCASE,,daily,9.32,9.32,8.95,9.16,1578992,"Tue, Sep 29, 2026"
MIRAEAMC - MAN50ETF,NIFTYETF,,daily,248.88,248.88,245.5,247.15,719461,"Tue, Sep 29, 2026"
ICICI PRUD NIFTY ETF,NIFTYIETF,,daily,259.14,259.14,256.57,257.98,1178543,"Tue, Sep 29, 2026"
JIOBLACKROCKAMC-NIFTYJBLK,NIFTYJBLK,,daily,12.01,12.01,11.56,11.64,234199,"Tue, Sep 29, 2026"
BIRLASLAMC - NIFTYQLITY,NIFTYQLITY,,daily,19.72,20.45,19.72,20.07,30297,"Tue, Sep 29, 2026"
NIIT Limited,NIITLTD,"Mon, Aug 16, 2004",daily,87.0,87.23,85.49,86.37,152140,"Tue, Sep 29, 2026"
NIIT Learning Systems Limited,NIITMTS,"Tue, Aug 08, 2023",daily,206.07,209.98,202.72,204.96,58070,"Tue, Sep 29, 2026"
Nila Infrastructures Limited,NILAINFRA,"Thu, May 21, 2015",daily,6.76,7.04,6.66,6.71,92036,"Tue, Sep 29, 2026"
Nila Spaces Limited,NILASPACES,"Fri, Dec 28, 2018",daily,11.1,11.35,10.88,11.16,584546,"Tue, Sep 29, 2026"
Nile Limited,NILE,"Mon, Apr 20, 2026",daily,1280.0,1305.0,1250.0,1264.7,7248,"Tue, Sep 29, 2026"
Nilkamal Limited,NILKAMAL,"Wed, Nov 01, 1995",daily,1930.9,1969.9,1891.0,1898.9,23084,"Tue, Sep 29, 2026"
Nimbus Projects Limited,NIMBSPROJ,"Mon, Apr 06, 2026",daily,194.95,198.8,188.82,194.12,22967,"Tue, Sep 29, 2026"
NINtec Systems Limited,NINSYS,"Tue, Feb 21, 2023",daily,715.8,741.45,696.6,737.15,5977,"Tue, Sep 29, 2026"
Indo-National Limited,NIPPOBATRY,"Wed, Oct 06, 1999",daily,322.7,325.0,317.3,322.7,640,"Tue, Sep 29, 2026"
Niraj Cement Structurals Limited,NIRAJ,"Thu, Oct 01, 2020",daily,28.46,28.9,27.8,28.36,81568,"Tue, Sep 29, 2026"
Nirlon Limited,NIRLON,"Mon, Apr 20, 2026",daily,605.1,609.0,591.05,605.85,6431,"Tue, Sep 29, 2026"
Nitco Limited,NITCO,"Tue, Mar 21, 2006",daily,84.05,87.5,82.6,86.75,1505725,"Tue, Sep 29, 2026"
Nitin Spinners Limited,NITINSPIN,"Thu, Feb 02, 2006",daily,593.1,617.0,592.0,606.15,75325,"Tue, Sep 29, 2026"
Nitiraj Engineers Limited,NITIRAJ,"Thu, Apr 22, 2021",daily,219.65,219.65,203.0,215.74,2040,"Tue, Sep 29, 2026"
Nitta Gelatin India Limited,NITTAGELA,"Mon, Apr 20, 2026",daily,1718.2,1718.2,1674.2,1702.8,2116,"Tue, Sep 29, 2026"
Niva Bupa Health Insurance Company Limited,NIVABUPA,"Thu, Nov 14, 2024",daily,75.25,75.69,71.98,73.28,8812877,"Tue, Sep 29, 2026"
NK Industries Limited,NKIND,"Fri, Jul 07, 1995",daily,60.9,62.0,57.0,61.99,527,"Tue, Sep 29, 2026"
NLC India Limited,NLCINDIA,"Wed, Aug 23, 2000",daily,256.85,260.8,251.2,255.75,2549158,"Tue, Sep 29, 2026"
NMDC Limited,NMDC,"Mon, Mar 03, 2008",daily,77.4,77.86,76.02,77.0,19014554,"Tue, Sep 29, 2026"
NOCIL Limited,NOCIL,"Wed, Jan 17, 1996",daily,175.0,175.0,166.64,169.31,2487591,"Tue, Sep 29, 2026"
Noida Toll Bridge Company Limited,NOIDATOLL,"Fri, Dec 06, 2002",daily,3.64,3.88,3.59,3.65,469676,"Tue, Sep 29, 2026"
Norben Tea & Exports Limited,NORBTEAEXP,"Wed, Jun 26, 1996",daily,68.0,68.0,64.03,64.9,3670,"Tue, Sep 29, 2026"
Northern Arc Capital Limited,NORTHARC,"Tue, Sep 24, 2024",daily,291.15,295.15,287.05,290.75,1241312,"Tue, Sep 29, 2026"
Nova Agritech Limited,NOVAAGRI,"Wed, Jan 31, 2024",daily,22.48,22.98,22.2,22.28,34484,"Tue, Sep 29, 2026"
Novartis India Limited,NOVARTIND,"Mon, Apr 20, 2026",daily,1952.9,1990.0,1905.0,1924.1,21732,"Tue, Sep 29, 2026"
TATAAML - NPBET,NPBET,,daily,272.0,276.0,270.76,274.8,963,"Tue, Sep 29, 2026"
Network People Services Technologies Limited,NPST,"Wed, Apr 30, 2025",daily,1634.4,1662.6,1524.0,1653.0,122885,"Tue, Sep 29, 2026"
N R Agarwal Industries Limited,NRAIL,"Wed, Apr 05, 2017",daily,668.45,685.0,640.0,660.5,15189,"Tue, Sep 29, 2026"
NRB Bearing Limited,NRBBEARING,"Wed, Mar 08, 2000",daily,541.5,549.3,531.8,541.05,366094,"Tue, Sep 29, 2026"
Nalwa Sons Investments Limited,NSIL,"Mon, Nov 17, 2003",daily,5350.5,5400.0,5340.0,5350.0,1228,"Tue, Sep 29, 2026"
NMDC Steel Limited,NSLNISP,"Mon, Feb 20, 2023",daily,41.88,42.42,41.21,41.79,5493176,"Tue, Sep 29, 2026"
NTC Industries Limited,NTCIND,"Mon, Aug 17, 2026",daily,132.52,138.8,130.0,136.46,519,"Tue, Sep 29, 2026"
NTPC Limited,NTPC,"Fri, Nov 05, 2004",daily,320.5,325.0,317.55,323.5,11956206,"Tue, Sep 29, 2026"
NTPC Green Energy Limited,NTPCGREEN,"Wed, Nov 27, 2024",daily,91.5,92.19,89.65,89.99,2417700,"Tue, Sep 29, 2026"
Nucleus Software Exports Limited,NUCLEUS,"Thu, Dec 19, 2002",daily,661.6,661.6,647.7,652.55,22285,"Tue, Sep 29, 2026"
Nuvama Wealth Management Limited,NUVAMA,"Tue, Sep 26, 2023",daily,1635.0,1677.2,1615.7,1652.1,295343,"Tue, Sep 29, 2026"
Nuvoco Vistas Corporation Limited,NUVOCO,"Mon, Aug 23, 2021",daily,327.0,337.0,321.5,330.2,442330,"Tue, Sep 29, 2026"
KOTAKMAMC - KTKNV20ETF,NV20,,daily,13.21,13.39,13.05,13.26,105531,"Tue, Sep 29, 2026"
NIP IND ETF ETF NV20,NV20BEES,,daily,133.62,140.0,130.75,132.43,39737,"Tue, Sep 29, 2026"
ICICI PRUDENTIAL NV20 ETF,NV20IETF,,daily,12.82,13.15,12.75,12.83,687742,"Tue, Sep 29, 2026"
FSN E-Commerce Ventures Limited,NYKAA,"Wed, Nov 10, 2021",daily,325.5,329.8,319.25,327.35,4395026,"Tue, Sep 29, 2026"
Oriental Aromatics Limited,OAL,"Thu, Jul 11, 2019",daily,555.0,555.0,530.2,541.85,18459,"Tue, Sep 29, 2026"
OBCL Limited,OBCL,"Thu, Apr 07, 2022",daily,58.4,58.69,54.51,54.68,7991,"Tue, Sep 29, 2026"
Oberoi Realty Limited,OBEROIRLTY,"Wed, Oct 20, 2010",daily,1825.0,1826.6,1761.5,1762.9,395959,"Tue, Sep 29, 2026"
Odigma Consultancy Solutions Limited,ODIGMA,"Thu, Dec 12, 2024",daily,20.8,21.9,20.5,21.41,29726,"Tue, Sep 29, 2026"
Odyssey Corporation Limited,ODYCORP,"Mon, Aug 17, 2026",daily,6.85,7.09,6.8,7.08,4156,"Tue, Sep 29, 2026"
Oracle Financial Services Software Limited,OFSS,"Fri, Jun 28, 2002",daily,10800.0,10876.0,10406.0,10406.0,181154,"Tue, Sep 29, 2026"
Oil India Limited,OIL,"Wed, Sep 30, 2009",daily,466.5,467.8,459.4,459.45,2140454,"Tue, Sep 29, 2026"
ICICIPRAMC - OILIETF,OILIETF,,daily,10.85,10.91,10.71,10.8,1059436,"Tue, Sep 29, 2026"
Ola Electric Mobility Limited,OLAELEC,"Fri, Aug 09, 2024",daily,37.84,38.48,36.3,37.42,118182493,"Tue, Sep 29, 2026"
Olectra Greentech Limited,OLECTRA,"Wed, Mar 20, 2002",daily,1179.0,1183.0,1134.0,1136.9,359867,"Tue, Sep 29, 2026"
Omax Autos Limited,OMAXAUTO,"Thu, Feb 20, 2003",daily,197.12,208.0,196.36,198.48,70700,"Tue, Sep 29, 2026"
Omaxe Limited,OMAXE,"Thu, Aug 09, 2007",daily,110.1,112.09,108.46,109.48,449814,"Tue, Sep 29, 2026"
OM INFRA LIMITED,OMINFRAL,"Fri, Jun 17, 2011",daily,78.91,78.91,77.5,77.67,35469,"Tue, Sep 29, 2026"
Omnitech Engineering Limited,OMNI,"Thu, Mar 05, 2026",daily,526.0,565.75,519.05,560.4,851262,"Tue, Sep 29, 2026"
Om Power Transmission Limited,OMPOWER,"Fri, Apr 17, 2026",daily,163.19,163.99,159.0,163.18,69412,"Tue, Sep 29, 2026"
One Global Service Provider Limited,ONEGLOBAL,"Mon, Aug 17, 2026",daily,551.0,551.0,525.0,534.15,7975,"Tue, Sep 29, 2026"
One Point One Solutions Limited,ONEPOINT,"Thu, May 09, 2019",daily,69.73,74.0,68.07,71.62,7409814,"Tue, Sep 29, 2026"
Onesource Specialty Pharma Limited,ONESOURCE,"Fri, Jan 24, 2025",daily,1570.0,1605.0,1562.7,1583.3,463289,"Tue, Sep 29, 2026"
Oil & Natural Gas Corporation Limited,ONGC,"Wed, Jul 19, 1995",daily,230.0,231.7,227.8,230.0,13380638,"Tue, Sep 29, 2026"
Onida Electronics Limited,ONIDA,"Mon, May 24, 2004",daily,31.51,32.65,31.1,31.75,313966,"Tue, Sep 29, 2026"
Onix Solar Energy Limited,ONIXSOLAR,"Mon, Aug 17, 2026",daily,344.0,352.95,339.8,344.5,162654,"Tue, Sep 29, 2026"
Onward Technologies Limited,ONWARDTEC,"Wed, Mar 07, 2001",daily,292.0,292.0,281.45,287.4,24567,"Tue, Sep 29, 2026"
Optiemus Infracom Limited,OPTIEMUS,"Tue, Aug 08, 2017",daily,810.9,810.9,781.15,796.2,744867,"Tue, Sep 29, 2026"
Optimus Finance Limited,OPTIFIN,"Mon, Aug 17, 2026",daily,14.53,15.88,13.61,14.82,73034,"Tue, Sep 29, 2026"
Orbit Exports Limited,ORBTEXP,"Tue, Nov 05, 2013",daily,233.6,267.0,225.11,262.01,93205,"Tue, Sep 29, 2026"
Orchasp Limited,ORCHASP,"Fri, Feb 07, 2025",daily,1.34,1.35,1.31,1.33,86228,"Tue, Sep 29, 2026"
Orchid Pharma Limited,ORCHPHARMA,"Mon, Nov 02, 2020",daily,1023.4,1040.9,991.6,1014.9,146800,"Tue, Sep 29, 2026"
Oricon Enterprises Limited,ORICONENT,"Fri, Jul 24, 2015",daily,53.0,53.87,50.59,51.83,1200606,"Tue, Sep 29, 2026"
Oriental Trimex Limited,ORIENTALTL,"Wed, Mar 07, 2007",daily,5.13,5.13,4.85,4.86,72604,"Tue, Sep 29, 2026"
Orient Bell Limited,ORIENTBELL,"Wed, Feb 14, 2007",daily,393.95,405.4,390.05,402.6,39951,"Tue, Sep 29, 2026"
Orient Cement Limited,ORIENTCEM,"Fri, Jul 12, 2013",daily,119.4,122.0,116.7,118.42,704241,"Tue, Sep 29, 2026"
ORIENT CERATECH LIMITED,ORIENTCER,"Thu, Dec 15, 2005",daily,45.54,46.4,45.01,45.6,46273,"Tue, Sep 29, 2026"
Orient Electric Limited,ORIENTELEC,"Mon, May 14, 2018",daily,160.78,165.0,155.0,156.62,300753,"Tue, Sep 29, 2026"
Oriental Hotels Limited,ORIENTHOT,"Thu, Aug 27, 1998",daily,138.03,141.5,136.5,139.34,1048759,"Tue, Sep 29, 2026"
Orient Paper & Industries Limited,ORIENTPPR,"Wed, Mar 29, 1995",daily,16.65,16.74,16.25,16.43,124950,"Tue, Sep 29, 2026"
Orient Technologies Limited,ORIENTTECH,"Wed, Aug 28, 2024",daily,233.81,234.76,228.26,231.5,81882,"Tue, Sep 29, 2026"
Oriental Rail Infrastructure Limited,ORIRAIL,"Mon, Aug 17, 2026",daily,124.5,127.0,121.44,122.81,80038,"Tue, Sep 29, 2026"
The Orissa Minerals Development Company Limited,ORISSAMINE,"Wed, Sep 29, 2010",daily,3667.6,3749.9,3586.2,3673.3,8027,"Tue, Sep 29, 2026"
Orkla India Limited,ORKLAINDIA,"Thu, Nov 06, 2025",daily,550.1,550.75,530.15,540.05,191761,"Tue, Sep 29, 2026"
ORTIN GLOBAL LIMITED,ORTINGLOBE,"Tue, Mar 30, 2021",daily,15.0,15.21,13.92,14.72,24048,"Tue, Sep 29, 2026"
Oswal Agro Mills Limited,OSWALAGRO,"Wed, Mar 29, 1995",daily,33.01,35.5,33.01,34.9,136463,"Tue, Sep 29, 2026"
Oswal Greentech Limited,OSWALGREEN,"Wed, Aug 28, 1996",daily,19.35,19.84,19.1,19.41,88692,"Tue, Sep 29, 2026"
Oswal Pumps Limited,OSWALPUMPS,"Fri, Jun 20, 2025",daily,268.55,270.7,265.35,266.25,271978,"Tue, Sep 29, 2026"
ShreeOswal Seeds And Chemicals Limited,OSWALSEEDS,"Tue, Feb 28, 2023",daily,12.5,12.8,12.05,12.52,77507,"Tue, Sep 29, 2026"
Pace Digitek Limited,PACEDIGITK,"Mon, Oct 06, 2025",daily,160.92,163.35,158.8,162.3,418674,"Tue, Sep 29, 2026"
Pacific Industries Limited,PACIFICI,"Mon, Aug 17, 2026",daily,135.0,135.0,130.2,132.96,59,"Tue, Sep 29, 2026"
Page Industries Limited,PAGEIND,"Fri, Mar 16, 2007",daily,37130.0,37400.0,36580.0,36580.0,25120,"Tue, Sep 29, 2026"
Paisalo Digital Limited,PAISALO,"Mon, Oct 17, 2011",daily,79.08,80.23,77.01,78.59,8530685,"Tue, Sep 29, 2026"
PAKKA LIMITED,PAKKA,"Tue, Jul 11, 2023",daily,72.7,73.39,72.02,72.83,97327,"Tue, Sep 29, 2026"
Palash Securities Limited,PALASHSECU,"Fri, Jul 28, 2017",daily,86.0,88.0,84.1,84.25,1544,"Tue, Sep 29, 2026"
Palred Technologies Limited,PALREDTEC,"Mon, May 09, 2016",daily,45.82,46.05,44.0,45.99,2263,"Tue, Sep 29, 2026"
Panacea Biotec Limited,PANACEABIO,"Wed, Apr 17, 1996",daily,366.45,380.0,362.05,375.25,64320,"Tue, Sep 29, 2026"
Panama Petrochem Limited,PANAMAPET,"Fri, Sep 30, 2011",daily,472.45,489.8,463.35,480.5,160114,"Tue, Sep 29, 2026"
Panchmahal Steel Limited,PANCHMAHQ,"Mon, Aug 17, 2026",daily,290.0,290.0,290.0,290.0,16,"Tue, Sep 29, 2026"
Panorama Studios International Limited,PANORAMA,"Mon, Aug 17, 2026",daily,57.5,59.3,52.77,57.77,1380319,"Tue, Sep 29, 2026"
Pansari Developers Limited,PANSARI,"Mon, Oct 18, 2021",daily,273.15,283.0,271.0,274.55,528,"Tue, Sep 29, 2026"
Paramount Communications Limited,PARACABLES,"Wed, Jan 03, 2007",daily,56.35,58.6,55.33,57.85,1550828,"Tue, Sep 29, 2026"
Paradeep Phosphates Limited,PARADEEP,"Fri, May 27, 2022",daily,155.47,156.17,151.6,154.08,2094420,"Tue, Sep 29, 2026"
Parag Milk Foods Limited,PARAGMILK,"Thu, May 19, 2016",daily,277.0,280.5,265.1,268.55,2258239,"Tue, Sep 29, 2026"
Paras Defence and Space Technologies Limited,PARAS,"Fri, Oct 01, 2021",daily,1315.0,1336.9,1288.1,1325.0,699385,"Tue, Sep 29, 2026"
Paras Petrofils Limited,PARASPETRO,"Wed, Feb 14, 1996",daily,2.03,2.09,2.03,2.07,106545,"Tue, Sep 29, 2026"
Parin Enterprises Limited,PARIN,"Fri, Sep 25, 2026",daily,735.0,735.0,695.0,720.35,31415,"Tue, Sep 29, 2026"
Park Medi World Limited,PARKHOSPS,"Wed, Dec 17, 2025",daily,277.75,277.75,271.7,275.45,868008,"Tue, Sep 29, 2026"
Apeejay Surrendra Park Hotels Limited,PARKHOTELS,"Mon, Feb 12, 2024",daily,103.78,104.25,100.62,102.02,314706,"Tue, Sep 29, 2026"
Parnax Lab Limited,PARNAXLAB,"Mon, Aug 17, 2026",daily,118.0,118.0,105.0,113.37,32458,"Tue, Sep 29, 2026"
Pashupati Cotspin Limited,PASHUPATI,"Thu, Jul 17, 2025",daily,77.27,92.72,75.6,92.72,219755,"Tue, Sep 29, 2026"
Pasupati Acrylon Limited,PASUPTAC,"Tue, Oct 12, 2021",daily,72.0,75.5,71.05,75.2,212785,"Tue, Sep 29, 2026"
Patanjali Foods Limited,PATANJALI,"Fri, Jan 24, 2020",daily,390.0,391.6,368.9,371.4,3725050,"Tue, Sep 29, 2026"
Patel Engineering Limited,PATELENG,"Thu, Feb 24, 2005",daily,27.11,27.15,26.21,26.45,1584797,"Tue, Sep 29, 2026"
Patel Retail Limited,PATELRMART,"Tue, Aug 26, 2025",daily,204.0,215.25,202.55,213.59,90056,"Tue, Sep 29, 2026"
Patel Integrated Logistics Limited,PATINTLOG,"Fri, Jan 11, 2008",daily,13.3,14.35,13.1,13.51,390223,"Tue, Sep 29, 2026"
Paushak Limited,PAUSHAKLTD,"Mon, Dec 01, 2025",daily,655.0,679.45,647.35,668.3,27031,"Tue, Sep 29, 2026"
Pavna Industries Limited,PAVNAIND,"Thu, Jun 01, 2023",daily,15.31,16.0,15.05,15.77,28866,"Tue, Sep 29, 2026"
One 97 Communications Limited,PAYTM,"Thu, Nov 18, 2021",daily,1635.8,1691.7,1624.4,1683.0,3925804,"Tue, Sep 29, 2026"
PBM Polytex Limited,PBMPOLY,"Mon, Aug 17, 2026",daily,61.0,61.0,61.0,61.0,965,"Tue, Sep 29, 2026"
PCBL Chemical Limited,PCBL,"Wed, Mar 29, 1995",daily,330.5,334.9,328.55,330.45,671406,"Tue, Sep 29, 2026"
PC Jeweller Limited,PCJEWELLER,"Thu, Dec 27, 2012",daily,13.52,13.68,13.01,13.23,261661117,"Tue, Sep 29, 2026"
Pudumjee Paper Products Limited,PDMJEPAPER,"Wed, Mar 30, 2016",daily,94.16,96.0,90.86,94.67,172693,"Tue, Sep 29, 2026"
PDS Limited,PDSL,"Tue, Oct 21, 2014",daily,349.5,364.9,344.15,348.95,597046,"Tue, Sep 29, 2026"
Pearl Polymers Limited,PEARLPOLY,"Wed, Oct 11, 1995",daily,17.5,17.5,16.8,16.92,8476,"Tue, Sep 29, 2026"
Pennar Industries Limited,PENIND,"Thu, Nov 25, 2010",daily,183.47,184.9,178.56,180.28,775949,"Tue, Sep 29, 2026"
Peninsula Land Limited,PENINLAND,"Wed, Feb 08, 1995",daily,15.51,15.84,15.2,15.48,115681,"Tue, Sep 29, 2026"
Permanent Magnets Limited,PERMAGN,"Mon, Aug 17, 2026",daily,822.0,842.1,818.05,837.1,1604,"Tue, Sep 29, 2026"
Purple Style Labs Limited,PERNIASPOP,"Mon, Sep 07, 2026",daily,517.4,534.9,512.2,530.75,63013,"Tue, Sep 29, 2026"
Persistent Systems Limited,PERSISTENT,"Tue, Apr 06, 2010",daily,5328.0,5348.5,5162.0,5162.0,294063,"Tue, Sep 29, 2026"
Petronet LNG Limited,PETRONET,"Fri, Mar 26, 2004",daily,284.7,288.5,281.75,282.95,2819999,"Tue, Sep 29, 2026"
Power Finance Corporation Limited,PFC,"Fri, Feb 23, 2007",daily,330.25,330.6,320.8,324.1,13111275,"Tue, Sep 29, 2026"
Pfizer Limited,PFIZER,"Wed, Apr 28, 1999",daily,3966.1,3988.0,3888.6,3912.9,174412,"Tue, Sep 29, 2026"
Prime Focus Limited,PFOCUS,"Tue, Jun 20, 2006",daily,316.75,321.4,310.0,317.5,3725970,"Tue, Sep 29, 2026"
PTC India Financial Services Limited,PFS,"Wed, Mar 30, 2011",daily,27.04,28.99,26.41,28.0,4112305,"Tue, Sep 29, 2026"
PG Electroplast Limited,PGEL,"Mon, Sep 26, 2011",daily,504.55,509.95,493.15,493.15,1964023,"Tue, Sep 29, 2026"
Procter & Gamble Hygiene and Health Care Limited,PGHH,"Wed, Jul 07, 2004",daily,6900.0,6946.0,6804.0,6871.5,25253,"Tue, Sep 29, 2026"
Procter & Gamble Health Limited,PGHL,"Wed, Apr 24, 1996",daily,5403.0,5880.0,5400.5,5696.0,91841,"Tue, Sep 29, 2026"
Pearl Global Industries Limited,PGIL,"Thu, Feb 15, 2007",daily,1294.0,1333.0,1276.8,1290.4,153191,"Tue, Sep 29, 2026"
NIPPONAMC - NETFPHARMA,PHARMABEES,,daily,28.11,28.11,27.56,27.79,4751571,"Tue, Sep 29, 2026"
The Phoenix Mills Limited,PHOENIXLTD,"Mon, Apr 23, 2007",daily,1946.3,1957.3,1916.7,1929.0,381228,"Tue, Sep 29, 2026"
Phoenix International Limited,PHOENXINTL,"Mon, Aug 17, 2026",daily,29.3,29.3,27.8,28.05,2269,"Tue, Sep 29, 2026"
Piccadily Agro Industries Limited,PICCADIL,"Wed, Jul 02, 2025",daily,606.4,607.85,591.55,602.85,84778,"Tue, Sep 29, 2026"
Pidilite Industries Limited,PIDILITIND,"Wed, Mar 29, 1995",daily,1493.0,1500.4,1461.0,1461.0,1073488,"Tue, Sep 29, 2026"
Power & Instrumentation (Gujarat) Limited,PIGL,"Wed, May 17, 2023",daily,95.9,98.99,94.9,96.92,41941,"Tue, Sep 29, 2026"
PI Industries Limited,PIIND,"Wed, Jun 15, 2011",daily,2327.5,2339.0,2288.8,2288.8,186578,"Tue, Sep 29, 2026"
Pilani Investment and Industries Corporation Limited,PILANIINVS,"Tue, Dec 08, 2015",daily,4024.0,4127.5,3965.0,4027.7,2381,"Tue, Sep 29, 2026"
PIL ITALICA LIFESTYLE LIMITED,PILITA,"Mon, Oct 07, 2013",daily,7.48,7.71,7.3,7.34,31206,"Tue, Sep 29, 2026"
Pine Labs Limited,PINELABS,"Fri, Nov 14, 2025",daily,172.75,172.9,167.7,171.55,18280064,"Tue, Sep 29, 2026"
Pioneer Embroideries Limited,PIONEEREMB,"Tue, May 16, 2006",daily,21.15,21.59,20.3,20.79,4907,"Tue, Sep 29, 2026"
Piramal Finance Limited,PIRAMALFIN,"Fri, Nov 07, 2025",daily,2142.0,2174.4,2057.2,2127.5,1703600,"Tue, Sep 29, 2026"
Pitti Engineering Limited,PITTIENG,"Fri, Feb 02, 2007",daily,1136.0,1152.2,1115.7,1131.4,51812,"Tue, Sep 29, 2026"
Pix Transmissions Limited,PIXTRANS,"Thu, Apr 28, 2022",daily,1714.1,1750.0,1714.1,1728.1,10656,"Tue, Sep 29, 2026"
Plastiblends India Limited,PLASTIBLEN,"Thu, Dec 28, 2006",daily,198.04,205.99,196.27,204.5,44950,"Tue, Sep 29, 2026"
Platinum Industries Limited,PLATIND,"Tue, Mar 05, 2024",daily,205.1,209.04,202.5,205.7,44189,"Tue, Sep 29, 2026"
Plaza Wires Limited,PLAZACABLE,"Thu, Oct 12, 2023",daily,56.05,59.9,56.05,59.9,77690,"Tue, Sep 29, 2026"
Paul Merchants Limited,PML,"Mon, Apr 20, 2026",daily,481.3,483.0,461.0,472.7,245,"Tue, Sep 29, 2026"
Punjab National Bank,PNB,"Wed, Apr 24, 2002",daily,112.55,113.98,110.56,111.75,25885049,"Tue, Sep 29, 2026"
PNB Gilts Limited,PNBGILTS,"Mon, Sep 18, 2000",daily,73.2,73.2,70.9,71.89,377184,"Tue, Sep 29, 2026"
PNB Housing Finance Limited,PNBHOUSING,"Mon, Nov 07, 2016",daily,1078.5,1123.5,1073.4,1098.2,907413,"Tue, Sep 29, 2026"
PNC Media and Entertainment Limited,PNC,"Mon, Dec 11, 2000",daily,16.98,17.5,15.7,17.4,27003,"Tue, Sep 29, 2026"
PNC Infratech Limited,PNCINFRA,"Tue, May 26, 2015",daily,131.25,132.54,128.32,129.8,1025015,"Tue, Sep 29, 2026"
P N Gadgil Jewellers Limited,PNGJL,"Tue, Sep 17, 2024",daily,585.35,592.2,572.7,585.05,379690,"Tue, Sep 29, 2026"
PNGS Reva Diamond Jewellery Limited,PNGSREVA,"Wed, Mar 04, 2026",daily,506.05,520.0,502.25,513.4,81209,"Tue, Sep 29, 2026"
Pondy Oxides & Chemicals Limited,POCL,"Mon, Mar 06, 2023",daily,453.0,467.15,444.6,461.6,270171,"Tue, Sep 29, 2026"
Poddar Pigments Limited,PODDARMENT,"Tue, Nov 22, 2016",daily,257.65,266.0,253.7,259.05,12257,"Tue, Sep 29, 2026"
POCL Enterprises Limited,POEL,"Mon, Aug 17, 2026",daily,144.91,144.91,139.52,139.89,30180,"Tue, Sep 29, 2026"
Pokarna Limited,POKARNA,"Thu, Jul 07, 2016",daily,718.0,729.9,711.0,718.05,55054,"Tue, Sep 29, 2026"
PB Fintech Limited,POLICYBZR,"Mon, Nov 15, 2021",daily,1162.1,1162.3,1077.0,1081.0,19346053,"Tue, Sep 29, 2026"
Polycab India Limited,POLYCAB,"Tue, Apr 16, 2019",daily,8195.0,8256.0,8102.5,8102.5,1645809,"Tue, Sep 29, 2026"
Poly Medicure Limited,POLYMED,"Wed, Dec 07, 2011",daily,1636.7,1668.5,1626.8,1644.7,168312,"Tue, Sep 29, 2026"
Polyplex Corporation Limited,POLYPLEX,"Fri, Apr 11, 2003",daily,1061.0,1078.3,1050.0,1061.3,51486,"Tue, Sep 29, 2026"
Polyspin Exports Limited,POLYSPIN,"Mon, Aug 17, 2026",daily,32.0,32.0,28.0,31.46,772,"Tue, Sep 29, 2026"
Ponni Sugars (Erode) Limited,PONNIERODE,"Tue, Apr 16, 2002",daily,391.05,392.0,382.0,384.15,14553,"Tue, Sep 29, 2026"
Poonawalla Fincorp Limited,POONAWALLA,"Tue, Apr 27, 2004",daily,446.0,450.05,437.4,443.0,1017550,"Tue, Sep 29, 2026"
Power Grid Corporation of India Limited,POWERGRID,"Fri, Oct 05, 2007",daily,262.3,269.2,259.55,261.5,25174350,"Tue, Sep 29, 2026"
Powerica Limited,POWERICA,"Thu, Apr 02, 2026",daily,564.9,605.0,557.05,599.75,755551,"Tue, Sep 29, 2026"
Hitachi Energy India Limited,POWERINDIA,"Mon, Mar 30, 2020",daily,30250.0,30930.0,29865.0,30735.0,387016,"Tue, Sep 29, 2026"
Power Mech Projects Limited,POWERMECH,"Wed, Aug 26, 2015",daily,2399.0,2459.5,2380.7,2397.2,153659,"Tue, Sep 29, 2026"
Piramal Pharma Limited,PPLPHARMA,"Wed, Oct 19, 2022",daily,206.8,212.05,206.66,209.07,5062059,"Tue, Sep 29, 2026"
Prabha Energy Limited,PRABHA,"Wed, Mar 19, 2025",daily,223.0,227.68,215.6,224.41,87334,"Tue, Sep 29, 2026"
Prajay Engineers Syndicate Limited,PRAENG,"Tue, Jan 02, 2007",daily,23.0,23.0,21.4,21.76,64641,"Tue, Sep 29, 2026"
Praj Industries Limited,PRAJIND,"Wed, Oct 11, 1995",daily,310.65,313.75,306.4,307.75,341879,"Tue, Sep 29, 2026"
Prakash Industries Limited,PRAKASH,"Wed, May 10, 1995",daily,115.66,122.8,114.4,121.62,1059864,"Tue, Sep 29, 2026"
Prakash Steelage Limited,PRAKASHSTL,"Wed, Aug 25, 2010",daily,3.64,3.64,3.46,3.59,76849,"Tue, Sep 29, 2026"
Pranav Constructions Limited,PRANAV,"Tue, Sep 15, 2026",daily,101.39,102.38,98.78,100.18,1894008,"Tue, Sep 29, 2026"
Prasol Chemicals Limited,PRASOLCHEM,"Wed, Sep 16, 2026",daily,799.9,840.15,692.8,840.15,3815494,"Tue, Sep 29, 2026"
Praveg Limited,PRAVEG,"Mon, Apr 20, 2026",daily,246.15,253.95,241.05,242.6,23598,"Tue, Sep 29, 2026"
Praxis Home Retail Limited,PRAXIS,"Wed, Jan 31, 2018",daily,5.0,5.0,4.73,4.83,95061,"Tue, Sep 29, 2026"
Precision Camshafts Limited,PRECAM,"Mon, Feb 08, 2016",daily,115.9,118.69,114.01,117.16,77134,"Tue, Sep 29, 2026"
Precot Limited,PRECOT,"Fri, Aug 19, 2005",daily,613.0,644.7,582.05,638.55,13331,"Tue, Sep 29, 2026"
Precision Wires India Limited,PRECWIRE,"Wed, Sep 06, 1995",daily,480.0,513.7,476.55,500.15,1563376,"Tue, Sep 29, 2026"
Premco Global Limited,PREMCO,"Mon, Apr 20, 2026",daily,396.8,403.8,396.8,398.3,279,"Tue, Sep 29, 2026"
Premier Explosives Limited,PREMEXPLN,"Fri, Jun 17, 2016",daily,675.0,679.4,673.55,675.3,178136,"Tue, Sep 29, 2026"
Premier Energies Limited,PREMIERENE,"Tue, Sep 03, 2024",daily,906.0,917.6,853.6,870.0,3053623,"Tue, Sep 29, 2026"
Premier Polyfilm Limited,PREMIERPOL,"Wed, Dec 13, 1995",daily,95.49,97.38,91.11,95.89,448654,"Tue, Sep 29, 2026"
Prestige Estates Projects Limited,PRESTIGE,"Wed, Oct 27, 2010",daily,1465.0,1465.0,1417.5,1417.5,746201,"Tue, Sep 29, 2026"
Pricol Limited,PRICOLLTD,"Fri, Feb 10, 2017",daily,752.0,758.25,741.0,749.35,283435,"Tue, Sep 29, 2026"
Prime Securities Limited,PRIMESECU,"Fri, Jun 17, 2005",daily,298.95,304.5,293.05,302.5,18619,"Tue, Sep 29, 2026"
Primo Chemicals Limited,PRIMO,"Tue, Apr 22, 2025",daily,28.99,29.12,25.94,27.38,1302676,"Tue, Sep 29, 2026"
Prince Pipes And Fittings Limited,PRINCEPIPE,"Mon, Dec 30, 2019",daily,258.0,259.9,251.8,255.85,75234,"Tue, Sep 29, 2026"
Priority Jewels Limited,PRIORITY,"Fri, Sep 04, 2026",daily,295.65,302.0,279.87,293.64,379091,"Tue, Sep 29, 2026"
Prismx Global Ventures Limited,PRISMX,"Mon, Aug 17, 2026",daily,0.54,0.55,0.52,0.53,142967,"Tue, Sep 29, 2026"
Priti International Limited,PRITI,"Wed, Mar 02, 2022",daily,32.0,32.48,30.5,32.14,6072,"Tue, Sep 29, 2026"
Pritika Auto Industries Limited,PRITIKAUTO,"Tue, Aug 10, 2021",daily,19.85,19.85,17.56,18.4,1329969,"Tue, Sep 29, 2026"
Privi Speciality Chemicals Limited,PRIVISCL,"Fri, May 08, 2015",daily,3607.2,3705.0,3568.7,3605.5,418867,"Tue, Sep 29, 2026"
Prostarm Info Systems Limited,PROSTARM,"Tue, Jun 03, 2025",daily,136.33,138.58,133.0,135.83,164167,"Tue, Sep 29, 2026"
Protean eGov Technologies Limited,PROTEAN,"Thu, Feb 06, 2025",daily,690.0,699.4,661.35,666.65,859577,"Tue, Sep 29, 2026"
Prozone Realty Limited,PROZONER,"Wed, Sep 12, 2012",daily,56.05,56.81,55.41,56.2,817910,"Tue, Sep 29, 2026"
Prism Johnson Limited,PRSMJOHNSN,"Wed, Aug 20, 2003",daily,115.09,115.15,108.2,109.27,1164484,"Tue, Sep 29, 2026"
Prudent Corporate Advisory Services Limited,PRUDENT,"Fri, May 20, 2022",daily,3170.0,3170.0,3060.0,3098.7,98288,"Tue, Sep 29, 2026"
Prudential Sugar Corporation Limited,PRUDMOULI,"Wed, May 10, 1995",daily,13.98,13.98,13.5,13.98,2209,"Tue, Sep 29, 2026"
Punjab & Sind Bank,PSB,"Thu, Dec 30, 2010",daily,21.31,21.32,20.95,21.11,1263412,"Tue, Sep 29, 2026"
PSP Projects Limited,PSPPROJECT,"Mon, May 29, 2017",daily,778.0,793.5,772.1,782.65,68855,"Tue, Sep 29, 2026"
KOTAK PSU BANK,PSUBANK,,daily,80.66,80.66,78.86,79.67,160761,"Tue, Sep 29, 2026"
DSPAMC - DSPPSBKETF,PSUBANKADD,,daily,82.18,82.38,80.2,81.28,21665,"Tue, Sep 29, 2026"
NIP IND ETF PSU BANK BEES,PSUBNKBEES,,daily,90.0,90.99,88.61,89.71,958562,"Tue, Sep 29, 2026"
ICICIPRAMC - PSUBANKICI,PSUBNKIETF,,daily,81.39,81.9,80.37,81.49,138717,"Tue, Sep 29, 2026"
PTC India Limited,PTC,"Wed, Apr 07, 2004",daily,155.2,156.09,153.53,155.75,1273851,"Tue, Sep 29, 2026"
PTC Industries Limited,PTCIL,"Fri, Jun 09, 2023",daily,21685.0,22690.0,21555.0,22535.0,19622,"Tue, Sep 29, 2026"
PTL Enterprises Limited,PTL,"Mon, Jan 29, 2007",daily,37.99,38.84,37.03,38.2,28735,"Tue, Sep 29, 2026"
Punjab Chemicals & Crop Protection Limited,PUNJABCHEM,"Thu, Mar 08, 2007",daily,1078.9,1078.9,1024.4,1035.8,3891,"Tue, Sep 29, 2026"
Puravankara Limited,PURVA,"Thu, Aug 30, 2007",daily,208.8,210.88,199.5,204.84,240427,"Tue, Sep 29, 2026"
PVP Ventures Limited,PVP,"Wed, Apr 03, 1996",daily,57.3,57.94,55.91,55.91,2985074,"Tue, Sep 29, 2026"
PVR INOX Limited,PVRINOX,"Wed, Jan 04, 2006",daily,1230.0,1230.0,1181.2,1190.1,816749,"Tue, Sep 29, 2026"
Popular Vehicles and Services Limited,PVSL,"Tue, Mar 19, 2024",daily,97.2,102.5,95.23,97.01,24960,"Tue, Sep 29, 2026"
ICICIPRAMC - ICICIBANKP,PVTBANIETF,,daily,26.83,26.83,26.44,26.72,1688640,"Tue, Sep 29, 2026"
KOTAKMAMC - PVTBANK,PVTBANK,,daily,26.61,27.4,26.0,27.01,39520,"Tue, Sep 29, 2026"
DSPAMC - DSPPVBKETF,PVTBANKADD,,daily,26.76,26.94,26.54,26.8,70320,"Tue, Sep 29, 2026"
GROWWAMC - PVTBKGROWW,PVTBKGROWW,,daily,26.5,26.59,26.31,26.47,4714,"Tue, Sep 29, 2026"
Physicswallah Limited,PWL,"Tue, Nov 18, 2025",daily,128.07,128.32,124.39,125.15,5275797,"Tue, Sep 29, 2026"
Pyramid Technoplast Limited,PYRAMID,"Tue, Aug 29, 2023",daily,159.5,162.24,155.05,156.54,38974,"Tue, Sep 29, 2026"
QUANTUM GOLD ETF,QGOLDHALF,,daily,121.6,121.6,120.1,120.8,274708,"Tue, Sep 29, 2026"
QUANTUM NIFTY 50 ETF,QNIFTY,,daily,257.77,257.77,249.0,250.71,2154,"Tue, Sep 29, 2026"
Quality Power Electrical Equipments Limited,QPOWER,"Mon, Feb 24, 2025",daily,1608.0,1638.0,1552.3,1614.3,378939,"Tue, Sep 29, 2026"
Quadrant Future Tek Limited,QUADFUTURE,"Tue, Jan 14, 2025",daily,535.0,554.0,521.1,542.15,682032,"Tue, Sep 29, 2026"
ICICIPRAMC - ICICIQTY30,QUAL30IETF,,daily,20.04,20.05,19.79,19.82,122305,"Tue, Sep 29, 2026"
KOTAKMAMC - QUALITY30,QUALITY30,,daily,19.53,19.88,19.29,19.4,1365,"Tue, Sep 29, 2026"
Quess Corp Limited,QUESS,"Tue, Jul 12, 2016",daily,339.75,343.0,335.9,342.1,190530,"Tue, Sep 29, 2026"
Quick Heal Technologies Limited,QUICKHEAL,"Thu, Feb 18, 2016",daily,143.82,148.29,141.7,145.92,77600,"Tue, Sep 29, 2026"
Quintegra Solutions Limited,QUINTEGRA,"Wed, Dec 20, 2000",daily,1.22,1.22,1.22,1.22,1020,"Tue, Sep 29, 2026"
Race Eco Chain Limited,RACE,"Tue, May 09, 2023",daily,121.7,123.13,117.9,119.85,49879,"Tue, Sep 29, 2026"
RACL Geartech Limited,RACLGEAR,"Wed, Nov 27, 2024",daily,1606.6,1626.0,1535.3,1588.6,42673,"Tue, Sep 29, 2026"
Radaan Mediaworks India Limited,RADAAN,"Thu, Feb 27, 2003",daily,3.02,3.09,2.9,2.96,22851,"Tue, Sep 29, 2026"
Radiant Cash Management Services Limited,RADIANTCMS,"Wed, Jan 04, 2023",daily,35.4,36.48,35.02,35.65,169177,"Tue, Sep 29, 2026"
Radico Khaitan Limited,RADICO,"Wed, Jun 18, 2003",daily,4478.0,4478.0,4364.0,4364.0,238687,"Tue, Sep 29, 2026"
Music Broadcast Limited,RADIOCITY,"Fri, Mar 17, 2017",daily,5.99,6.05,5.92,6.01,192865,"Tue, Sep 29, 2026"
Railtel Corporation Of India Limited,RAILTEL,"Fri, Feb 26, 2021",daily,255.0,261.95,252.05,259.25,637058,"Tue, Sep 29, 2026"
Rain Industries Limited,RAIN,"Mon, Mar 03, 2008",daily,215.95,217.44,210.1,215.41,2705102,"Tue, Sep 29, 2026"
Rainbow Childrens Medicare Limited,RAINBOW,"Tue, May 10, 2022",daily,1374.8,1385.7,1351.1,1367.8,229899,"Tue, Sep 29, 2026"
Rajnandini Metal Limited,RAJMET,"Tue, Feb 16, 2021",daily,3.1,3.12,3.04,3.06,201847,"Tue, Sep 29, 2026"
Rajapalayam Mills Limited,RAJPALAYAM,"Mon, Apr 20, 2026",daily,758.0,776.0,757.0,757.8,1623,"Tue, Sep 29, 2026"
Rajratan Global Wire Limited,RAJRATAN,"Fri, May 22, 2020",daily,461.0,473.6,453.5,466.15,52250,"Tue, Sep 29, 2026"
Rajshree Sugars & Chemicals Limited,RAJSREESUG,"Wed, Mar 29, 1995",daily,31.46,31.46,30.01,30.58,21238,"Tue, Sep 29, 2026"
Raj Television Network Limited,RAJTV,"Fri, Mar 16, 2007",daily,11.49,11.6,10.59,10.59,130949,"Tue, Sep 29, 2026"
Rallis India Limited,RALLIS,"Thu, Apr 01, 1999",daily,199.75,200.85,196.76,199.96,628858,"Tue, Sep 29, 2026"
Shree Rama Newsprint Limited,RAMANEWS,"Wed, Sep 20, 2006",daily,30.19,31.58,30.17,30.31,10643,"Tue, Sep 29, 2026"
Rama Phosphates Limited,RAMAPHO,"Fri, Aug 05, 2022",daily,122.4,122.4,119.31,120.33,9762,"Tue, Sep 29, 2026"
Advit Jewels Limited,RAMBHAJO,"Wed, Jul 01, 2026",daily,266.7,291.53,263.21,290.97,1672071,"Tue, Sep 29, 2026"
The Ramco Cements Limited,RAMCOCEM,"Wed, Apr 09, 1997",daily,849.7,850.0,822.05,844.25,339013,"Tue, Sep 29, 2026"
Ramco Industries Limited,RAMCOIND,"Wed, Nov 06, 1996",daily,310.9,313.7,305.0,310.1,85458,"Tue, Sep 29, 2026"
Ramco Systems Limited,RAMCOSYS,"Wed, Apr 12, 2000",daily,563.5,563.95,550.0,553.7,40081,"Tue, Sep 29, 2026"
Ramky Infrastructure Limited,RAMKY,"Fri, Oct 08, 2010",daily,309.05,309.05,290.15,294.05,113032,"Tue, Sep 29, 2026"
Ram Ratna Wires Limited,RAMRAT,"Fri, Jul 29, 2022",daily,568.2,590.0,564.6,583.8,258622,"Tue, Sep 29, 2026"
Rana Sugars Limited,RANASUG,"Thu, Feb 24, 2005",daily,13.62,14.0,13.6,13.67,98422,"Tue, Sep 29, 2026"
Rane Holdings Limited,RANEHOLDIN,"Wed, Sep 24, 1997",daily,1565.6,1575.1,1531.0,1541.3,11509,"Tue, Sep 29, 2026"
Rategain Travel Technologies Limited,RATEGAIN,"Fri, Dec 17, 2021",daily,827.0,833.0,817.0,830.0,203669,"Tue, Sep 29, 2026"
Ratnamani Metals & Tubes Limited,RATNAMANI,"Tue, May 09, 2006",daily,2722.5,2918.4,2722.5,2833.3,72241,"Tue, Sep 29, 2026"
Ratnaveer Precision Engineering Limited,RATNAVEER,"Mon, Sep 11, 2023",daily,332.3,335.5,323.8,331.15,4872949,"Tue, Sep 29, 2026"
Raymond Limited,RAYMOND,"Wed, Oct 18, 1995",daily,1183.4,1203.85,1162.5,1185.75,1469467,"Tue, Sep 29, 2026"
Raymond Lifestyle Limited,RAYMONDLSL,"Thu, Sep 05, 2024",daily,672.15,672.15,654.0,660.55,136756,"Tue, Sep 29, 2026"
Raymond Realty Limited,RAYMONDREL,"Tue, Jul 01, 2025",daily,670.1,685.15,652.0,672.55,1056909,"Tue, Sep 29, 2026"
Restaurant Brands Asia Limited,RBA,"Mon, Dec 14, 2020",daily,92.0,92.35,90.32,91.98,1645563,"Tue, Sep 29, 2026"
RBL Bank Limited,RBLBANK,"Wed, Aug 31, 2016",daily,406.0,407.8,401.45,402.0,4214429,"Tue, Sep 29, 2026"
Rashtriya Chemicals and Fertilizers Limited,RCF,"Wed, Jan 07, 1998",daily,109.55,109.67,107.15,108.11,1140274,"Tue, Sep 29, 2026"
REC Limited,RECLTD,"Wed, Mar 12, 2008",daily,302.2,303.15,292.2,292.45,39781303,"Tue, Sep 29, 2026"
Redington Limited,REDINGTON,"Thu, Feb 15, 2007",daily,404.75,411.1,401.05,405.45,2957867,"Tue, Sep 29, 2026"
Redtape Limited,REDTAPE,"Fri, Aug 11, 2023",daily,119.91,119.91,115.33,117.48,1234073,"Tue, Sep 29, 2026"
Refex Industries Limited,REFEX,"Thu, Dec 03, 2009",daily,274.45,276.6,270.6,272.05,158081,"Tue, Sep 29, 2026"
Regaal Resources Limited,REGAAL,"Wed, Aug 20, 2025",daily,89.79,90.99,87.5,88.64,233388,"Tue, Sep 29, 2026"
Regency Ceramics Limited,REGENCERAM,"Wed, Jun 05, 1996",daily,36.92,39.16,31.2,32.51,246224,"Tue, Sep 29, 2026"
Relaxo Footwears Limited,RELAXO,"Fri, Jun 17, 2011",daily,291.1,296.3,286.55,291.5,115867,"Tue, Sep 29, 2026"
Reliance Chemotex Industries Limited,RELCHEMQ,"Wed, May 25, 2022",daily,114.55,118.99,112.0,113.09,3263,"Tue, Sep 29, 2026"
Reliable Data Services Limited,RELIABLE,"Wed, Jul 10, 2024",daily,146.69,147.0,142.0,145.17,59849,"Tue, Sep 29, 2026"
Reliance Industries Limited,RELIANCE,"Wed, Nov 29, 1995",daily,1193.8,1198.3,1181.8,1182.0,24191416,"Tue, Sep 29, 2026"
Religare Enterprises Limited,RELIGARE,"Wed, Nov 21, 2007",daily,234.0,236.24,228.94,232.05,1613223,"Tue, Sep 29, 2026"
Ravindra Energy Limited,RELTD,"Tue, Jul 30, 2024",daily,147.51,151.0,145.02,149.12,114620,"Tue, Sep 29, 2026"
Remsons Industries Limited,REMSONSIND,"Wed, Jan 31, 1996",daily,119.95,119.95,110.1,111.56,807024,"Tue, Sep 29, 2026"
Rentomojo Limited,RENTOMOJO,"Thu, Sep 17, 2026",daily,489.0,507.9,485.55,502.15,2191503,"Tue, Sep 29, 2026"
Shree Renuka Sugars Limited,RENUKA,"Mon, Oct 31, 2005",daily,22.73,22.88,22.36,22.54,7648950,"Tue, Sep 29, 2026"
Repco Home Finance Limited,REPCOHOME,"Mon, Apr 01, 2013",daily,344.0,345.0,339.05,343.65,53494,"Tue, Sep 29, 2026"
Rudrabhishek Enterprises Limited,REPL,"Mon, Dec 14, 2020",daily,61.0,61.19,60.0,61.14,715,"Tue, Sep 29, 2026"
Repro India Limited,REPRO,"Thu, Dec 22, 2005",daily,333.0,333.0,310.1,317.05,46679,"Tue, Sep 29, 2026"
Responsive Industries Limited,RESPONIND,"Fri, Oct 29, 2010",daily,162.4,172.69,160.22,168.09,1341506,"Tue, Sep 29, 2026"
JHS Svendgaard Retail Ventures Limited,RETAIL,"Wed, Jun 26, 2024",daily,28.88,28.88,28.8,28.88,117010,"Tue, Sep 29, 2026"
Renaissance Global Limited,RGL,"Wed, Dec 12, 2007",daily,163.69,166.0,160.56,164.27,348391,"Tue, Sep 29, 2026"
Rhetan TMT Limited,RHETAN,"Fri, Sep 26, 2025",daily,16.69,16.7,16.69,16.69,11749535,"Tue, Sep 29, 2026"
RHI MAGNESITA INDIA LIMITED,RHIM,"Mon, Mar 12, 2012",daily,386.6,399.6,379.35,393.2,714917,"Tue, Sep 29, 2026"
Robust Hotels Limited,RHL,"Tue, Apr 25, 2023",daily,164.9,165.0,162.99,164.99,1539,"Tue, Sep 29, 2026"
Rico Auto Industries Limited,RICOAUTO,"Mon, May 12, 2003",daily,127.0,127.01,123.51,126.22,583280,"Tue, Sep 29, 2026"
Reliance Industrial Infrastructure Limited,RIIL,"Wed, Nov 29, 1995",daily,684.05,684.05,670.0,677.05,38584,"Tue, Sep 29, 2026"
RIR Power Electronics Limited,RIR,"Thu, Jul 16, 2026",daily,186.21,191.0,182.75,188.08,588043,"Tue, Sep 29, 2026"
Rishabh Instruments Limited,RISHABH,"Mon, Sep 11, 2023",daily,717.5,728.85,699.65,723.85,83308,"Tue, Sep 29, 2026"
Ritco Logistics Limited,RITCO,"Tue, Apr 12, 2022",daily,278.15,287.5,271.75,280.85,73429,"Tue, Sep 29, 2026"
RITES Limited,RITES,"Mon, Jul 02, 2018",daily,196.11,196.11,191.25,192.31,387673,"Tue, Sep 29, 2026"
Ravi Kumar Distilleries Limited,RKDL,"Mon, Dec 27, 2010",daily,18.03,18.5,17.8,18.36,7635,"Tue, Sep 29, 2026"
RKEC Projects Limited,RKEC,"Fri, Dec 18, 2020",daily,22.5,25.9,21.39,23.61,139704,"Tue, Sep 29, 2026"
Ramkrishna Forgings Limited,RKFORGE,"Wed, May 05, 2004",daily,703.0,723.45,700.0,714.65,843189,"Tue, Sep 29, 2026"
R K Swamy Limited,RKSWAMY,"Tue, Mar 12, 2024",daily,89.93,93.41,87.01,89.48,25503,"Tue, Sep 29, 2026"
RMC Switchgears Limited,RMC,"Wed, Apr 01, 2026",daily,209.59,214.15,206.02,210.37,16004,"Tue, Sep 29, 2026"
Rane (Madras) Limited,RML,"Tue, Aug 30, 2005",daily,1334.8,1407.1,1298.5,1380.9,66084,"Tue, Sep 29, 2026"
Royal Orchid Hotels Limited,ROHLTD,"Mon, Feb 06, 2006",daily,298.1,310.2,296.1,306.35,14020,"Tue, Sep 29, 2026"
Rolex Rings Limited,ROLEXRINGS,"Mon, Aug 09, 2021",daily,194.0,196.81,189.15,190.58,2165701,"Tue, Sep 29, 2026"
Raj Oil Mills Limited,ROML,"Tue, Oct 06, 2020",daily,42.82,43.75,41.5,41.91,1934,"Tue, Sep 29, 2026"
Rossari Biotech Limited,ROSSARI,"Thu, Jul 23, 2020",daily,437.0,438.1,426.0,427.7,74365,"Tue, Sep 29, 2026"
Rossell India Limited,ROSSELLIND,"Tue, Sep 25, 2012",daily,50.1,51.98,50.1,51.03,19856,"Tue, Sep 29, 2026"
Rossell Techsys Limited,ROSSTECH,"Mon, Dec 09, 2024",daily,1409.9,1490.0,1375.8,1481.7,315207,"Tue, Sep 29, 2026"
Roto Pumps Limited,ROTO,"Thu, Apr 21, 2022",daily,62.9,64.01,62.18,63.26,332694,"Tue, Sep 29, 2026"
ROUTE MOBILE LIMITED,ROUTE,"Mon, Sep 21, 2020",daily,452.5,454.05,444.1,447.2,97047,"Tue, Sep 29, 2026"
Raghav Productivity Enhancers Limited,RPEL,"Thu, Aug 08, 2024",daily,1700.0,1722.1,1665.0,1718.1,42157,"Tue, Sep 29, 2026"
RPG Life Sciences Limited,RPGLIFE,"Tue, Jun 10, 2008",daily,2935.0,3125.0,2926.3,3089.2,96080,"Tue, Sep 29, 2026"
Reliance Power Limited,RPOWER,"Mon, Feb 11, 2008",daily,19.9,20.15,19.45,19.77,32861231,"Tue, Sep 29, 2026"
R.P.P. Infra Projects Limited,RPPINFRA,"Mon, Dec 06, 2010",daily,50.55,52.34,50.25,50.8,33805,"Tue, Sep 29, 2026"
RPSG VENTURES LIMITED,RPSGVENT,"Fri, Jan 25, 2019",daily,848.0,848.0,828.0,833.85,25190,"Tue, Sep 29, 2026"
Rashi Peripherals Limited,RPTECH,"Wed, Feb 14, 2024",daily,883.95,935.0,871.55,925.35,557981,"Tue, Sep 29, 2026"
RDB Real Estate Constructions Limited,RRECL,"Mon, Aug 17, 2026",daily,122.3,131.0,118.0,129.19,1323,"Tue, Sep 29, 2026"
RRIL Limited,RRIL,"Mon, Apr 20, 2026",daily,15.36,15.66,15.3,15.48,27693,"Tue, Sep 29, 2026"
R R Kabel Limited,RRKABEL,"Wed, Sep 20, 2023",daily,2459.8,2546.5,2440.3,2523.2,240700,"Tue, Sep 29, 2026"
Rajputana Stainless Limited,RSL,"Thu, Mar 19, 2026",daily,168.54,168.9,164.0,165.45,635959,"Tue, Sep 29, 2026"
R. S. Software (India) Limited,RSSOFTWARE,"Wed, May 19, 1999",daily,31.0,31.0,29.53,29.97,4580,"Tue, Sep 29, 2026"
RSWM Limited,RSWM,"Wed, Feb 15, 1995",daily,209.29,215.29,206.58,212.37,57039,"Tue, Sep 29, 2026"
R Systems International Limited,RSYSTEMS,"Wed, Apr 26, 2006",daily,290.0,305.98,285.2,298.69,67292815,"Tue, Sep 29, 2026"
RattanIndia Enterprises Limited,RTNINDIA,"Mon, Jul 30, 2012",daily,26.29,26.35,25.25,25.66,3231261,"Tue, Sep 29, 2026"
RattanIndia Power Limited,RTNPOWER,"Fri, Oct 30, 2009",daily,6.86,6.91,6.71,6.87,16028573,"Tue, Sep 29, 2026"
RTS Power Corporation Limited,RTSPOWR,"Mon, Aug 17, 2026",daily,136.77,138.05,116.05,118.18,274598,"Tue, Sep 29, 2026"
Rubfila International Limited,RUBFILA,"Thu, Aug 08, 2024",daily,62.37,64.5,61.61,63.85,41304,"Tue, Sep 29, 2026"
Rubicon Research Limited,RUBICON,"Thu, Oct 16, 2025",daily,1593.6,1646.4,1583.2,1609.0,701771,"Tue, Sep 29, 2026"
The Ruby Mills Limited,RUBYMILLS,"Wed, Mar 29, 1995",daily,510.6,510.65,485.0,491.8,22908,"Tue, Sep 29, 2026"
Ruchi Infrastructure Limited,RUCHINFRA,"Wed, Oct 16, 1996",daily,5.19,5.19,5.03,5.05,47504,"Tue, Sep 29, 2026"
Ruchira Papers Limited,RUCHIRA,"Wed, Dec 20, 2006",daily,107.8,107.8,104.0,104.29,20128,"Tue, Sep 29, 2026"
Rudra Global Infra Products Limited,RUDRA,"Fri, Dec 19, 2025",daily,18.55,18.6,18.01,18.03,30405,"Tue, Sep 29, 2026"
Rupa & Company Limited,RUPA,"Wed, Dec 07, 2011",daily,132.98,133.57,130.0,132.39,100141,"Tue, Sep 29, 2026"
Rushil Decor Limited,RUSHIL,"Thu, Jul 07, 2011",daily,15.84,16.45,15.84,16.13,250310,"Tue, Sep 29, 2026"
Keystone Realtors Limited,RUSTOMJEE,"Thu, Nov 24, 2022",daily,357.1,367.2,355.1,362.95,94347,"Tue, Sep 29, 2026"
Ravinder Heights Limited,RVHL,"Fri, Dec 18, 2020",daily,38.2,39.48,37.7,38.28,12470,"Tue, Sep 29, 2026"
Rail Vikas Nigam Limited,RVNL,"Thu, Apr 11, 2019",daily,202.0,202.0,195.32,197.9,7345733,"Tue, Sep 29, 2026"
Revathi Equipment India Limited,RVTH,"Wed, Sep 11, 2024",daily,635.0,680.0,633.25,664.9,592,"Tue, Sep 29, 2026"
S&S Power Switchgears Limited,S&SPOWER,"Wed, Sep 27, 1995",daily,298.2,311.0,298.05,301.25,5052,"Tue, Sep 29, 2026"
Saatvik Green Energy Limited,SAATVIKGL,"Fri, Sep 26, 2025",daily,420.0,422.0,404.35,414.5,186910,"Tue, Sep 29, 2026"
Sadbhav Engineering Limited,SADBHAV,"Wed, Mar 01, 2006",daily,7.19,7.19,6.9,6.93,369279,"Tue, Sep 29, 2026"
Sadbhav Infrastructure Project Limited,SADBHIN,"Wed, Sep 16, 2015",daily,2.57,2.6,2.5,2.56,87828,"Tue, Sep 29, 2026"
Safari Industries (India) Limited,SAFARI,"Thu, Sep 12, 2019",daily,1464.5,1464.5,1412.5,1430.9,31021,"Tue, Sep 29, 2026"
Sagardeep Alloys Limited,SAGARDEEP,"Fri, Jan 25, 2019",daily,23.18,23.6,22.76,23.44,6760,"Tue, Sep 29, 2026"
Sagar Cements Limited,SAGCEM,"Mon, Jan 29, 2007",daily,149.0,150.92,146.6,147.45,29148,"Tue, Sep 29, 2026"
SAGILITY LIMITED,SAGILITY,"Tue, Nov 12, 2024",daily,43.45,43.47,42.11,42.54,11366184,"Tue, Sep 29, 2026"
Shalibhadra Finance Limited,SAHLIBHFI,"Fri, Apr 10, 2026",daily,78.09,79.15,76.87,78.37,17549,"Tue, Sep 29, 2026"
Sahyadri Industries Limited,SAHYADRI,"Thu, Apr 06, 2023",daily,353.5,353.9,346.1,349.2,3181,"Tue, Sep 29, 2026"
Sai Capital Limited,SAICAPI,"Mon, Aug 17, 2026",daily,154.45,155.85,153.99,155.09,138,"Tue, Sep 29, 2026"
Steel Authority of India Limited,SAIL,"Thu, Jul 06, 1995",daily,182.53,186.86,181.21,181.82,21241634,"Tue, Sep 29, 2026"
Sai Life Sciences Limited,SAILIFE,"Wed, Dec 18, 2024",daily,1576.0,1594.5,1550.0,1559.9,356685,"Tue, Sep 29, 2026"
Sai Parenterals Limited,SAIPARENT,"Thu, Apr 02, 2026",daily,504.7,514.05,501.0,502.5,64324,"Tue, Sep 29, 2026"
Sakar Healthcare Limited,SAKAR,"Thu, Apr 11, 2019",daily,1087.0,1129.0,1081.65,1121.85,47204,"Tue, Sep 29, 2026"
Sakthi Sugars Limited,SAKHTISUG,"Wed, Sep 06, 1995",daily,18.75,18.75,17.86,18.11,85154,"Tue, Sep 29, 2026"
Saksoft Limited,SAKSOFT,"Mon, May 09, 2005",daily,142.5,142.68,139.0,139.78,179876,"Tue, Sep 29, 2026"
Sakuma Exports Limited,SAKUMA,"Wed, Mar 08, 2006",daily,1.61,1.61,1.53,1.55,1090164,"Tue, Sep 29, 2026"
Salasar Techno Engineering Limited,SALASAR,"Tue, Jul 25, 2017",daily,4.51,4.54,3.82,4.16,22936188,"Tue, Sep 29, 2026"
Salona Cotspin Limited,SALONA,"Thu, Jun 16, 2016",daily,270.0,270.0,260.2,266.95,441,"Tue, Sep 29, 2026"
S.A.L. Steel Limited,SALSTEEL,"Wed, Nov 24, 2004",daily,95.3,97.68,92.0,97.08,1208259,"Tue, Sep 29, 2026"
Salzer Electronics Limited,SALZERELEC,"Wed, Dec 02, 2015",daily,537.15,544.45,530.15,535.65,36625,"Tue, Sep 29, 2026"
Sambandam Spinning Mills Limited,SAMBANDAM,"Mon, Aug 17, 2026",daily,106.24,110.15,105.0,109.98,212,"Tue, Sep 29, 2026"
Sambhaav Media Limited,SAMBHAAV,"Wed, Jun 05, 1996",daily,5.6,6.09,5.56,5.92,95530,"Tue, Sep 29, 2026"
Sambhv Steel Tubes Limited,SAMBHV,"Wed, Jul 02, 2025",daily,154.0,163.8,152.5,162.24,8688235,"Tue, Sep 29, 2026"
Samhi Hotels Limited,SAMHI,"Fri, Sep 22, 2023",daily,149.55,150.85,145.55,149.34,888234,"Tue, Sep 29, 2026"
Sammaan Capital Limited,SAMMAANCAP,"Tue, Jul 23, 2013",daily,139.08,139.2,135.68,136.48,4111952,"Tue, Sep 29, 2026"
Sampann Utpadan India Limited,SAMPANN,"Fri, Jul 27, 2012",daily,25.25,25.25,23.75,23.82,18697,"Tue, Sep 29, 2026"
Sanathan Textiles Limited,SANATHAN,"Fri, Dec 27, 2024",daily,525.95,530.95,510.2,515.0,88348,"Tue, Sep 29, 2026"
The Sandesh Limited,SANDESH,"Tue, Nov 26, 2002",daily,1020.1,1049.4,1001.0,1029.6,218,"Tue, Sep 29, 2026"
Sandhar Technologies Limited,SANDHAR,"Mon, Apr 02, 2018",daily,579.2,585.4,568.85,582.7,68787,"Tue, Sep 29, 2026"
Sandur Manganese & Iron Ores Limited,SANDUMA,"Thu, Sep 07, 2023",daily,181.9,184.0,178.53,182.69,448066,"Tue, Sep 29, 2026"
Sangam (India) Limited,SANGAMIND,"Wed, Jul 17, 1996",daily,633.55,658.9,625.05,645.55,157857,"Tue, Sep 29, 2026"
Sanghvi Movers Limited,SANGHVIMOV,"Wed, Jan 24, 2007",daily,444.0,459.6,437.4,454.0,249409,"Tue, Sep 29, 2026"
Sanofi India Limited,SANOFI,"Mon, May 19, 2003",daily,3103.5,3112.1,3061.2,3072.1,10918,"Tue, Sep 29, 2026"
Sanofi Consumer Healthcare India Limited,SANOFICONR,"Fri, Sep 13, 2024",daily,3971.1,3971.1,3813.0,3867.0,41560,"Tue, Sep 29, 2026"
Sansera Engineering Limited,SANSERA,"Fri, Sep 24, 2021",daily,4380.0,4550.0,4154.6,4362.2,1016129,"Tue, Sep 29, 2026"
Sanstar Limited,SANSTAR,"Fri, Jul 26, 2024",daily,106.5,107.08,104.62,105.9,123874,"Tue, Sep 29, 2026"
Sapphire Foods India Limited,SAPPHIRE,"Thu, Nov 18, 2021",daily,216.0,224.13,206.1,211.05,4093215,"Tue, Sep 29, 2026"
Shree Ajit Pulp & Paper Limited,SAPPL,"Mon, Apr 20, 2026",daily,293.0,298.0,276.0,293.55,2179,"Tue, Sep 29, 2026"
Sarda Energy & Minerals Limited,SARDAEN,"Thu, Dec 03, 2009",daily,500.45,504.75,493.0,500.35,260686,"Tue, Sep 29, 2026"
Saregama India Limited,SAREGAMA,"Wed, Jul 30, 1997",daily,489.85,502.4,473.0,493.45,1317275,"Tue, Sep 29, 2026"
Sarla Performance Fibers Limited,SARLAPOLY,"Fri, Jan 19, 2007",daily,98.7,98.7,95.3,95.67,22199,"Tue, Sep 29, 2026"
Sarveshwar Foods Limited,SARVESHWAR,"Thu, Dec 08, 2022",daily,3.55,3.59,3.4,3.44,1542269,"Tue, Sep 29, 2026"
Sasken Technologies Limited,SASKEN,"Fri, Sep 09, 2005",daily,1681.0,1690.0,1611.7,1658.8,29675,"Tue, Sep 29, 2026"
Satia Industries Limited,SATIA,"Wed, Jul 17, 2019",daily,68.1,69.0,66.96,68.48,127525,"Tue, Sep 29, 2026"
Satin Creditcare Network Limited,SATIN,"Wed, Aug 26, 2015",daily,235.5,244.0,231.56,237.69,386081,"Tue, Sep 29, 2026"
Saurashtra Cement Limited,SAURASHCEM,"Tue, Feb 27, 2024",daily,53.4,54.49,53.4,54.1,93956,"Tue, Sep 29, 2026"
Sayaji Hotels Limited,SAYAJIHOTL,"Mon, Apr 20, 2026",daily,302.0,305.95,302.0,304.0,7,"Tue, Sep 29, 2026"
Sayaji Industries Limited,SAYAJIIND,"Mon, Aug 17, 2026",daily,112.01,120.95,110.5,118.7,4247,"Tue, Sep 29, 2026"
SBC Exports Limited,SBC,"Tue, Nov 23, 2021",daily,54.31,55.26,53.93,54.73,14185608,"Tue, Sep 29, 2026"
Shivalik Bimetal Controls Limited,SBCL,"Thu, Jun 24, 2021",daily,1096.8,1129.3,1090.8,1111.3,154486,"Tue, Sep 29, 2026"
SBFC Finance Limited,SBFC,"Wed, Aug 16, 2023",daily,86.78,88.3,83.61,84.46,5969074,"Tue, Sep 29, 2026"
Suratwwala Business Group Limited,SBGLP,"Fri, Feb 10, 2023",daily,23.9,24.2,21.0,22.98,107126,"Tue, Sep 29, 2026"
SBIAMC - SBIBPB,SBIBPB,,daily,46.95,47.29,46.01,46.66,97593,"Tue, Sep 29, 2026"
SBI Cards and Payment Services Limited,SBICARD,"Mon, Mar 16, 2020",daily,593.05,594.0,581.0,581.0,1392600,"Tue, Sep 29, 2026"
SBIAMC - SBIETFCON,SBIETFCON,,daily,117.78,117.78,115.0,115.9,1766,"Tue, Sep 29, 2026"
SBIAMC - SBIETFIT,SBIETFIT,,daily,314.0,314.0,307.0,307.5,8027,"Tue, Sep 29, 2026"
SBIAMC - SBIETFPB,SBIETFPB,,daily,271.38,271.5,267.56,270.52,3754,"Tue, Sep 29, 2026"
SBIAMC - SBIETFQLTY,SBIETFQLTY,,daily,210.55,210.55,207.0,209.05,23225,"Tue, Sep 29, 2026"
SBI Funds Management Limited,SBIFUNDS,"Tue, Jul 21, 2026",daily,523.35,524.0,516.5,517.8,788800,"Tue, Sep 29, 2026"
SBI Life Insurance Company Limited,SBILIFE,"Tue, Oct 03, 2017",daily,1731.6,1746.0,1711.0,1735.0,1598671,"Tue, Sep 29, 2026"
SBIAMC - SBILIQETF,SBILIQETF,,daily,1057.87,1057.89,1057.87,1057.87,31066,"Tue, Sep 29, 2026"
SBIAMC - SBIMIDMOM,SBIMIDMOM,,daily,60.5,61.74,60.5,61.33,351391,"Tue, Sep 29, 2026"
State Bank of India,SBIN,"Wed, Mar 01, 1995",daily,960.9,968.1,953.0,964.7,26781498,"Tue, Sep 29, 2026"
SBIAMC - SBINEQWETF,SBINEQWETF,,daily,31.92,31.92,31.5,31.65,43731,"Tue, Sep 29, 2026"
SBIAMC - SBINMID150,SBINMID150,,daily,22.58,22.58,21.75,22.34,217628,"Tue, Sep 29, 2026"
SBIAMC - SBISILVER,SBISILVER,,daily,215.5,215.54,213.55,214.53,885060,"Tue, Sep 29, 2026"
SBIAMC - SBISMLETF,SBISMLETF,,daily,17.9,18.97,17.7,17.84,221299,"Tue, Sep 29, 2026"
SBIAMC - SBIVALETF,SBIVALETF,,daily,14.03,14.12,13.97,14.06,7748,"Tue, Sep 29, 2026"
Schaeffler India Limited,SCHAEFFLER,"Wed, Nov 29, 2000",daily,3955.5,3955.5,3900.0,3920.0,91928,"Tue, Sep 29, 2026"
S Chand And Company Limited,SCHAND,"Tue, May 09, 2017",daily,147.5,149.05,142.78,147.29,40487,"Tue, Sep 29, 2026"
Schneider Electric Infrastructure Limited,SCHNEIDER,"Tue, Mar 20, 2012",daily,1193.8,1214.0,1182.4,1192.7,159472,"Tue, Sep 29, 2026"
Shipping Corporation Of India Limited,SCI,"Wed, Aug 13, 1997",daily,270.7,275.95,267.25,272.9,1448173,"Tue, Sep 29, 2026"
Shipping Corporation of India Land and Assets Limited,SCILAL,"Tue, Mar 19, 2024",daily,36.9,36.91,36.4,36.69,179920,"Tue, Sep 29, 2026"
Scoda Tubes Limited,SCODATUBES,"Wed, Jun 04, 2025",daily,130.02,132.47,128.7,130.14,241476,"Tue, Sep 29, 2026"
Som Distilleries & Breweries Limited,SDBL,"Tue, Mar 18, 2014",daily,80.5,80.5,77.86,79.05,2249578,"Tue, Sep 29, 2026"
Seamec Limited,SEAMECLTD,"Wed, Jun 28, 1995",daily,1684.2,1686.8,1644.0,1653.2,46114,"Tue, Sep 29, 2026"
UTIAMC - SECLEDBETA,SECLEDBETA,,daily,14.1,14.1,13.85,13.93,7208,"Tue, Sep 29, 2026"
SecMark Consultancy Limited,SECMARK,"Mon, Oct 16, 2023",daily,141.28,143.7,133.41,142.75,28,"Tue, Sep 29, 2026"
SECUREKLOUD TECHNOLOGIES LIMITED,SECURKLOUD,"Wed, Jan 29, 2014",daily,17.44,17.44,16.62,17.06,23462,"Tue, Sep 29, 2026"
SEDEMAC Mechatronics Limited,SEDEMAC,"Wed, Mar 11, 2026",daily,3523.9,3596.0,3450.6,3485.6,437207,"Tue, Sep 29, 2026"
Shanti Educational Initiatives Limited,SEIL,"Mon, Apr 20, 2026",daily,188.0,195.0,185.41,188.92,121217,"Tue, Sep 29, 2026"
Sejal Glass Limited,SEJALLTD,"Mon, Dec 13, 2021",daily,664.6,664.6,645.0,648.75,5509,"Tue, Sep 29, 2026"
Saint Gobain Sekurit India Limited,SEKURITIND,"Mon, Aug 17, 2026",daily,107.62,112.0,107.62,109.55,19727,"Tue, Sep 29, 2026"
MIRAEAMC - SELECTIPO,SELECTIPO,,daily,47.23,47.23,45.8,46.32,61455,"Tue, Sep 29, 2026"
Semac Construction Limited,SEMAC,"Thu, Aug 11, 2005",daily,245.0,245.0,237.0,243.95,808,"Tue, Sep 29, 2026"
Senco Gold Limited,SENCO,"Fri, Jul 14, 2023",daily,321.75,331.5,320.9,328.3,1459192,"Tue, Sep 29, 2026"
Senores Pharmaceuticals Limited,SENORES,"Mon, Dec 30, 2024",daily,1352.5,1435.0,1352.5,1403.7,506799,"Tue, Sep 29, 2026"
DSPAMC - DSPSENXETF,SENSEXADD,,daily,75.0,75.12,74.55,74.74,1703,"Tue, Sep 29, 2026"
AXISAMC-SENSEXAXIS,SENSEXAXIS,,daily,75.8,75.99,74.76,75.45,11031,"Tue, Sep 29, 2026"
UTIAMC-SENSEXBETA,SENSEXBETA,,daily,808.0,808.0,794.05,804.77,3092,"Tue, Sep 29, 2026"
MIRAEAMC - SENSEXETF,SENSEXETF,,daily,75.12,75.13,74.48,74.91,49424,"Tue, Sep 29, 2026"
ICICI PRUD SENSEX ETF,SENSEXIETF,,daily,838.01,846.0,830.57,836.33,20543,"Tue, Sep 29, 2026"
SEPC Limited,SEPC,"Wed, Feb 20, 2008",daily,5.0,5.15,4.92,5.1,10955991,"Tue, Sep 29, 2026"
Servotech Renewable Power System Limited,SERVOTECH,"Thu, Sep 02, 2021",daily,72.75,74.0,69.76,71.34,811420,"Tue, Sep 29, 2026"
Seshasayee Paper and Boards Limited,SESHAPAPER,"Wed, Mar 29, 1995",daily,241.07,245.16,241.0,242.53,8410,"Tue, Sep 29, 2026"
SBIAMC - SETF10GILT,SETF10GILT,,daily,259.8,261.85,259.8,261.83,4141,"Tue, Sep 29, 2026"
SBI-ETF GOLD,SETFGOLD,,daily,124.95,124.95,123.57,124.44,4944395,"Tue, Sep 29, 2026"
SBI-ETF NIFTY 50,SETFNIF50,,daily,252.22,252.22,243.59,245.02,1135277,"Tue, Sep 29, 2026"
SBI-ETF NIFTY BANK,SETFNIFBK,,daily,560.9,566.0,553.35,561.34,45053,"Tue, Sep 29, 2026"
SBI-ETF NIFTY NEXT 50,SETFNN50,,daily,758.5,758.5,748.26,754.68,58980,"Tue, Sep 29, 2026"
Standard Engineering Technology Limited,SETL,"Mon, Jan 13, 2025",daily,434.7,437.65,416.1,428.95,717715,"Tue, Sep 29, 2026"
Sheela Foam Limited,SFL,"Fri, Dec 09, 2016",daily,630.0,638.95,616.95,631.5,150092,"Tue, Sep 29, 2026"
SG Finserve Limited,SGFIN,"Tue, Aug 05, 2025",daily,589.75,604.45,573.7,595.3,246626,"Tue, Sep 29, 2026"
Synergy Green Industries Limited,SGIL,"Wed, Jul 28, 2021",daily,656.7,669.45,634.8,657.35,10083,"Tue, Sep 29, 2026"
STL Global Limited,SGL,"Mon, Apr 10, 2006",daily,9.55,9.55,8.85,9.35,13277,"Tue, Sep 29, 2026"
SGL Resources Limited,SGLRES,"Mon, Aug 17, 2026",daily,2.3,2.42,2.25,2.33,27251,"Tue, Sep 29, 2026"
SG Mart Limited,SGMART,"Fri, Sep 12, 2025",daily,729.8,770.5,725.9,755.95,491934,"Tue, Sep 29, 2026"
Shree Ganesh Remedies Limited,SGRL,"Mon, Aug 17, 2026",daily,675.0,688.95,645.0,665.75,20692,"Tue, Sep 29, 2026"
Shadowfax Technologies Limited,SHADOWFAX,"Wed, Jan 28, 2026",daily,274.05,284.9,270.5,280.85,4932256,"Tue, Sep 29, 2026"
Shah Metacorp Limited,SHAH,"Wed, Oct 27, 2010",daily,3.2,3.2,3.11,3.15,858603,"Tue, Sep 29, 2026"
Shaily Engineering Plastics Limited,SHAILY,"Mon, Apr 04, 2022",daily,3046.5,3091.0,3011.9,3040.8,109791,"Tue, Sep 29, 2026"
Shakti Pumps (India) Limited,SHAKTIPUMP,"Thu, Jan 29, 2015",daily,463.0,463.4,455.8,458.0,263497,"Tue, Sep 29, 2026"
Shalby Limited,SHALBY,"Fri, Dec 15, 2017",daily,143.73,144.4,141.0,142.01,57757,"Tue, Sep 29, 2026"
Shankara Building Products Limited,SHANKARA,"Wed, Apr 05, 2017",daily,128.61,131.6,124.77,127.47,23889,"Tue, Sep 29, 2026"
Shankesh Jewellers Limited,SHANKESH,"Tue, Aug 25, 2026",daily,90.5,91.0,88.11,88.8,1519099,"Tue, Sep 29, 2026"
Shanti Overseas (India) Limited,SHANTI,"Thu, Sep 16, 2021",daily,5.67,5.95,5.26,5.57,47911,"Tue, Sep 29, 2026"
Shanthi Gears Limited,SHANTIGEAR,"Wed, Jan 17, 1996",daily,625.0,625.0,601.65,601.65,81490,"Tue, Sep 29, 2026"
Shanti Gold International Limited,SHANTIGOLD,"Fri, Aug 01, 2025",daily,310.0,314.99,296.85,306.85,3338239,"Tue, Sep 29, 2026"
Sharda Cropchem Limited,SHARDACROP,"Tue, Sep 23, 2014",daily,721.0,737.15,716.0,721.45,120611,"Tue, Sep 29, 2026"
Sharda Motor Industries Limited,SHARDAMOTR,"Thu, Sep 03, 2015",daily,948.0,976.5,931.0,971.25,50632,"Tue, Sep 29, 2026"
Share India Securities Limited,SHAREINDIA,"Mon, Sep 21, 2020",daily,206.1,213.12,202.22,205.68,1274403,"Tue, Sep 29, 2026"
NIP IND ETF SHARIAH BEES,SHARIABEES,,daily,443.36,443.36,421.0,425.18,14218,"Tue, Sep 29, 2026"
Shri Bajrang Alliance Limited,SHBAJRG,"Mon, Apr 20, 2026",daily,169.99,172.0,165.0,169.16,13884,"Tue, Sep 29, 2026"
Shemaroo Entertainment Limited,SHEMAROO,"Wed, Oct 01, 2014",daily,121.7,123.0,116.56,117.95,3375,"Tue, Sep 29, 2026"
Shervani Industrial Syndicate Limited,SHERVANI,"Mon, Aug 17, 2026",daily,325.0,325.0,325.0,325.0,10,"Tue, Sep 29, 2026"
Shilchar Technologies Limited,SHILCTECH,"Mon, Nov 24, 2025",daily,4061.0,4143.9,4003.0,4032.7,42437,"Tue, Sep 29, 2026"
Shilp Gravures Limited,SHILGRAVQ,"Mon, Aug 17, 2026",daily,143.36,148.8,138.0,139.82,4090,"Tue, Sep 29, 2026"
Shilpa Medicare Limited,SHILPAMED,"Thu, Dec 03, 2009",daily,1033.1,1071.1,1018.7,1055.75,875494,"Tue, Sep 29, 2026"
Sharat Industries Limited,SHINDL,"Mon, Apr 20, 2026",daily,159.49,160.99,158.05,160.1,126506,"Tue, Sep 29, 2026"
Shiprocket Limited,SHIPROCKET,"Wed, Aug 19, 2026",daily,120.5,122.1,118.75,119.99,2378663,"Tue, Sep 29, 2026"
Shiva Global Agro Industries Limited,SHIVAAGRO,"Mon, Aug 17, 2026",daily,39.0,39.9,38.0,39.13,4117,"Tue, Sep 29, 2026"
Shiva Cement Limited,SHIVACEM,"Mon, Aug 17, 2026",daily,15.01,15.49,14.7,14.91,104609,"Tue, Sep 29, 2026"
Shivalik Rasayan Limited,SHIVALIK,"Thu, Dec 09, 2021",daily,411.0,419.55,401.7,411.35,66902,"Tue, Sep 29, 2026"
Shivam Autotech Limited,SHIVAMAUTO,"Tue, Nov 21, 2006",daily,17.3,17.99,16.51,16.7,59079,"Tue, Sep 29, 2026"
Shiva Mills Limited,SHIVAMILLS,"Mon, Feb 26, 2018",daily,58.06,60.0,57.53,60.0,3075,"Tue, Sep 29, 2026"
Shiva Texyarn Limited,SHIVATEX,"Tue, Dec 26, 2017",daily,175.0,175.0,165.45,168.97,1956,"Tue, Sep 29, 2026"
Shiv Aum Steels Limited,SHIVAUM,"Fri, Nov 14, 2025",daily,544.0,548.8,542.0,545.4,13192,"Tue, Sep 29, 2026"
S H Kelkar and Company Limited,SHK,"Mon, Nov 16, 2015",daily,137.02,142.28,136.23,140.33,276049,"Tue, Sep 29, 2026"
Shoppers Stop Limited,SHOPERSTOP,"Mon, May 23, 2005",daily,417.45,423.15,405.55,418.95,121522,"Tue, Sep 29, 2026"
Shraddha Prime Projects Limited,SHRADDHA,"Mon, Aug 17, 2026",daily,151.55,151.55,146.11,147.91,3246,"Tue, Sep 29, 2026"
Shradha Realty Limited,SHRADHA,"Thu, Oct 22, 2020",daily,30.25,30.25,29.55,29.58,667,"Tue, Sep 29, 2026"
Shree Digvijay Cement Co.Ltd,SHREDIGCEM,"Tue, Jan 28, 2020",daily,66.24,67.19,65.21,66.41,31536,"Tue, Sep 29, 2026"
SHREE CEMENT LIMITED,SHREECEM,"Wed, Apr 26, 1995",daily,22170.0,22360.0,21550.0,21900.0,450209,"Tue, Sep 29, 2026"
Shreeji Shipping Global Limited,SHREEJISPG,"Tue, Aug 26, 2025",daily,755.0,767.1,754.0,763.3,864463,"Tue, Sep 29, 2026"
Shree Pushkar Chemicals & Fertilisers Limited,SHREEPUSHK,"Thu, Sep 10, 2015",daily,492.4,494.95,476.55,481.9,30375,"Tue, Sep 29, 2026"
Shree Rama Multi-Tech Limited,SHREERAMA,"Mon, Mar 13, 2000",daily,43.03,43.95,43.01,43.71,39201,"Tue, Sep 29, 2026"
Shreyans Industries Limited,SHREYANIND,"Wed, Nov 06, 1996",daily,130.29,130.29,129.0,129.0,5110,"Tue, Sep 29, 2026"
Shri Krishna Devcon Limited,SHRIKRISH,"Mon, Apr 20, 2026",daily,36.0,36.11,36.0,36.1,129,"Tue, Sep 29, 2026"
Shringar House of Mangalsutra Limited,SHRINGARMS,"Wed, Sep 17, 2025",daily,219.78,221.4,214.5,215.91,319671,"Tue, Sep 29, 2026"
SPR Auto Technologies Limited,SHRIPISTON,"Thu, Jun 02, 2016",daily,4647.5,4841.1,4558.6,4749.2,272659,"Tue, Sep 29, 2026"
Shriram Finance Limited,SHRIRAMFIN,"Wed, Dec 11, 1996",daily,975.0,986.2,967.9,971.5,6176420,"Tue, Sep 29, 2026"
Shriram Properties Limited,SHRIRAMPPS,"Mon, Dec 20, 2021",daily,70.01,70.1,68.51,69.86,219843,"Tue, Sep 29, 2026"
Shri Jagdamba Polymers Limited,SHRJAGP,"Mon, Aug 17, 2026",daily,637.7,637.7,620.1,634.35,251,"Tue, Sep 29, 2026"
Shukra Pharmaceuticals Limited,SHUKRAPHAR,"Fri, Aug 14, 2026",daily,60.25,62.49,59.0,60.3,8970388,"Tue, Sep 29, 2026"
Shyam Metalics and Energy Limited,SHYAMMETL,"Thu, Jun 24, 2021",daily,1064.0,1085.7,1056.0,1074.0,236237,"Tue, Sep 29, 2026"
Shyam Telecom Limited,SHYAMTEL,"Mon, Nov 06, 2006",daily,11.14,11.46,10.3,10.86,15046,"Tue, Sep 29, 2026"
Sicagen India Limited,SICAGEN,"Mon, Apr 20, 2026",daily,51.86,52.4,50.5,51.18,7947,"Tue, Sep 29, 2026"
Superior Industrial Enterprises Limited,SIEL,"Mon, Aug 17, 2026",daily,30.5,30.5,30.5,30.5,11,"Tue, Sep 29, 2026"
Siemens Limited,SIEMENS,"Wed, Sep 06, 1995",daily,3769.6,3814.6,3710.0,3710.0,344496,"Tue, Sep 29, 2026"
Sigachi Industries Limited,SIGACHI,"Mon, Nov 15, 2021",daily,28.98,29.95,28.05,28.76,4607371,"Tue, Sep 29, 2026"
Sigma Solve Limited,SIGMA,"Fri, Jun 09, 2023",daily,44.06,44.74,43.07,43.9,65048,"Tue, Sep 29, 2026"
Signatureglobal (India) Limited,SIGNATURE,"Wed, Sep 27, 2023",daily,775.95,775.95,751.0,754.45,298048,"Tue, Sep 29, 2026"
Signpost India Limited,SIGNPOST,"Wed, Feb 14, 2024",daily,262.05,265.7,255.6,257.85,36505,"Tue, Sep 29, 2026"
Sika Interplant Systems Limited,SIKA,"Mon, Apr 20, 2026",daily,1032.0,1032.0,999.2,1025.45,24835,"Tue, Sep 29, 2026"
Standard Industries Limited,SIL,"Tue, Jan 27, 2004",daily,16.5,16.89,15.9,16.42,36876,"Tue, Sep 29, 2026"
Silgo Retail Limited,SILGO,"Wed, Mar 03, 2021",daily,69.03,71.52,68.5,70.49,113792,"Tue, Sep 29, 2026"
SIL Investments Limited,SILINV,"Wed, May 22, 1996",daily,440.0,453.0,432.2,436.6,1251,"Tue, Sep 29, 2026"
BIRLASLAMC - SILVER,SILVER,,daily,219.71,219.71,217.67,218.64,825833,"Tue, Sep 29, 2026"
QUANT_AMC - SILVER001,SILVER001,,daily,21.84,22.5,21.84,22.12,110840,"Tue, Sep 29, 2026"
KOTAKMAMC - KOTAKSILVE,SILVER1,,daily,21.37,21.37,21.14,21.23,5236811,"Tue, Sep 29, 2026"
360ONEAMC - SILVER360,SILVER360,,daily,217.0,217.0,214.78,215.68,7026,"Tue, Sep 29, 2026"
DSPAMC - DSPSILVETF,SILVERADD,,daily,21.19,21.19,20.99,21.07,2489623,"Tue, Sep 29, 2026"
MIRAEAMC - MASILVER,SILVERAG,,daily,214.0,214.06,212.17,213.24,196016,"Tue, Sep 29, 2026"
AXISAMC-SILVERAXIS,SILVERAXIS,,daily,218.83,218.83,216.6,217.68,317194,"Tue, Sep 29, 2026"
NIPPONAMC - NETFSILVER,SILVERBEES,,daily,209.85,210.3,208.37,209.15,17086240,"Tue, Sep 29, 2026"
UTIAMC-SILVERBETA,SILVERBETA,,daily,212.01,212.16,210.37,211.4,363511,"Tue, Sep 29, 2026"
BANDHANAMC - SILVERBND,SILVERBND,,daily,221.03,221.03,218.7,219.43,27963,"Tue, Sep 29, 2026"
ZERODHAAMC - SILVERCASE,SILVERCASE,,daily,22.29,22.29,22.08,22.17,5221929,"Tue, Sep 29, 2026"
ICICIPRAMC - ICICISILVE,SILVERIETF,,daily,219.5,219.5,217.56,218.43,2136335,"Tue, Sep 29, 2026"
Silver Touch Technologies Limited,SILVERTUC,"Thu, May 12, 2022",daily,145.0,147.27,139.26,140.59,260831,"Tue, Sep 29, 2026"
Simplex Infrastructures Limited,SIMPLEXINF,"Tue, Mar 09, 2004",daily,241.15,245.75,237.3,242.85,67083,"Tue, Sep 29, 2026"
Simplex Realty Limited,SIMPLXREA,"Mon, Aug 17, 2026",daily,130.88,130.88,130.88,130.88,1,"Tue, Sep 29, 2026"
Sinclairs Hotels Limited,SINCLAIR,"Wed, Apr 10, 2024",daily,78.5,79.15,77.0,77.43,15996,"Tue, Sep 29, 2026"
Sindhu Trade Links Limited,SINDHUTRAD,"Tue, Jun 20, 2023",daily,22.99,23.19,22.65,22.86,152237,"Tue, Sep 29, 2026"
Singer India Limited,SINGERIND,"Thu, Mar 19, 2026",daily,76.2,77.68,75.21,76.79,60317,"Tue, Sep 29, 2026"
Sintercom India Limited,SINTERCOM,"Wed, Oct 07, 2020",daily,77.5,77.5,74.7,76.96,2593,"Tue, Sep 29, 2026"
Sirca Paints India Limited,SIRCA,"Mon, Jul 22, 2019",daily,406.0,413.0,401.0,408.05,147126,"Tue, Sep 29, 2026"
SIS LIMITED,SIS,"Thu, Aug 10, 2017",daily,394.2,424.4,394.15,418.65,413495,"Tue, Sep 29, 2026"
Siyaram Silk Mills Limited,SIYSIL,"Mon, Jan 29, 2007",daily,534.9,543.95,525.15,541.4,28804,"Tue, Sep 29, 2026"
S.J.S. Enterprises Limited,SJS,"Mon, Nov 15, 2021",daily,2262.5,2377.1,2260.0,2309.8,271747,"Tue, Sep 29, 2026"
SJVN Limited,SJVN,"Thu, May 20, 2010",daily,61.1,61.35,59.42,59.83,10622257,"Tue, Sep 29, 2026"
SKF India Limited,SKFINDIA,"Wed, Jan 27, 1999",daily,1512.0,1536.4,1476.2,1514.0,164121,"Tue, Sep 29, 2026"
SKF India (Industrial) Limited,SKFINDUS,"Fri, Dec 05, 2025",daily,2881.0,2881.0,2721.3,2789.0,190210,"Tue, Sep 29, 2026"
Skipper Limited,SKIPPER,"Wed, May 27, 2015",daily,533.5,544.5,529.65,541.55,508233,"Tue, Sep 29, 2026"
SKM Egg Products Export (India) Limited,SKMEGGPROD,"Fri, Mar 14, 1997",daily,211.5,220.7,208.3,219.1,184627,"Tue, Sep 29, 2026"
SKY GOLD AND DIAMONDS LIMITED,SKYGOLD,"Fri, Jan 06, 2023",daily,799.65,831.85,795.0,820.85,1433357,"Tue, Sep 29, 2026"
Skyways Air Services Limited,SKYWAYS,"Tue, Sep 01, 2026",daily,119.5,119.7,114.85,115.31,2023181,"Tue, Sep 29, 2026"
MIRAEAMC - SMALL250,SMALL250,,daily,17.94,18.6,17.73,17.9,661963,"Tue, Sep 29, 2026"
DSPAMC - SMALLADD,SMALLADD,,daily,18.35,18.35,17.61,17.85,22836,"Tue, Sep 29, 2026"
MIRAEAMC - SMALLCAP,SMALLCAP,,daily,47.58,48.98,47.35,47.72,1606755,"Tue, Sep 29, 2026"
GROWWAMC - SMALLGROWW,SMALLGROWW,,daily,48.49,48.49,47.23,47.9,10786,"Tue, Sep 29, 2026"
ICICIPRAMC - SMALLIETF,SMALLIETF,,daily,17.9,18.21,17.6,17.8,117491,"Tue, Sep 29, 2026"
Smartworks Coworking Spaces Limited,SMARTWORKS,"Thu, Jul 17, 2025",daily,509.65,517.25,499.7,514.25,190804,"Tue, Sep 29, 2026"
SMC Global Securities Limited,SMCGLOBAL,"Wed, Feb 24, 2021",daily,97.0,107.0,89.4,92.98,24531586,"Tue, Sep 29, 2026"
ZERODHAAMC - SML100CASE,SML100CASE,,daily,11.05,11.35,10.88,11.12,2956680,"Tue, Sep 29, 2026"
SML Mahindra Limited,SMLMAH,"Fri, Aug 29, 2003",daily,6575.0,6660.0,6485.5,6616.5,34312,"Tue, Sep 29, 2026"
Sarthak Metals Limited,SMLT,"Thu, Nov 25, 2021",daily,60.9,60.9,58.23,59.31,1905,"Tue, Sep 29, 2026"
SMS Pharmaceuticals Limited,SMSPHARMA,"Wed, Feb 28, 2007",daily,462.0,482.8,453.65,479.4,613848,"Tue, Sep 29, 2026"
Snowman Logistics Limited,SNOWMAN,"Fri, Sep 12, 2014",daily,35.2,35.39,34.3,34.69,111336,"Tue, Sep 29, 2026"
NIPPONAMC - SNXT30BEES,SNXT30BEES,,daily,40.5,41.74,40.5,41.0,9338,"Tue, Sep 29, 2026"
UTIAMC-SNXT50BETA,SNXT50BETA,,daily,91.12,91.49,89.08,90.13,1432,"Tue, Sep 29, 2026"
Sobha Limited,SOBHA,"Wed, Dec 20, 2006",daily,1221.4,1227.8,1192.0,1216.5,101240,"Tue, Sep 29, 2026"
Softtech Engineers Limited,SOFTTECH,"Fri, Feb 25, 2022",daily,505.0,510.0,484.55,502.85,16051,"Tue, Sep 29, 2026"
Solara Active Pharma Sciences Limited,SOLARA,"Wed, Jun 27, 2018",daily,735.0,767.9,730.1,749.85,423670,"Tue, Sep 29, 2026"
Solar Industries India Limited,SOLARINDS,"Mon, Apr 03, 2006",daily,19125.0,19400.0,18650.0,18650.0,226436,"Tue, Sep 29, 2026"
Solarworld Energy Solutions Limited,SOLARWORLD,"Tue, Sep 30, 2025",daily,131.03,132.53,126.2,128.98,305013,"Tue, Sep 29, 2026"
Solex Energy Limited,SOLEX,"Wed, Oct 08, 2025",daily,695.45,698.6,678.8,688.55,38674,"Tue, Sep 29, 2026"
Somany Ceramics Limited,SOMANYCERA,"Wed, Nov 22, 1995",daily,614.45,624.95,610.7,613.85,68751,"Tue, Sep 29, 2026"
Soma Textiles & Industries Limited,SOMATEX,"Wed, Aug 14, 1996",daily,80.0,81.99,77.8,81.52,15615,"Tue, Sep 29, 2026"
Somi Conveyor Beltings Limited,SOMICONVEY,"Mon, Jul 18, 2016",daily,91.68,91.68,88.26,88.62,5800,"Tue, Sep 29, 2026"
Sona BLW Precision Forgings Limited,SONACOMS,"Thu, Jun 24, 2021",daily,808.0,827.8,797.7,815.65,4300310,"Tue, Sep 29, 2026"
Sonal Mercantile Limited,SONAL,"Mon, Apr 20, 2026",daily,87.5,91.75,87.4,91.72,508,"Tue, Sep 29, 2026"
Sonata Software Limited,SONATSOFTW,"Wed, Jul 28, 1999",daily,272.05,276.2,258.2,260.85,2520359,"Tue, Sep 29, 2026"
Savita Oil Technologies Limited,SOTL,"Wed, Jun 28, 1995",daily,703.5,721.0,694.1,717.0,192685,"Tue, Sep 29, 2026"
The South Indian Bank Limited,SOUTHBANK,"Tue, Dec 08, 1998",daily,48.54,49.41,47.85,48.71,10559473,"Tue, Sep 29, 2026"
South West Pinnacle Exploration Limited,SOUTHWEST,"Thu, Apr 18, 2019",daily,188.8,197.05,182.82,183.41,110534,"Tue, Sep 29, 2026"
S. P. Apparels Limited,SPAL,"Fri, Aug 12, 2016",daily,950.0,953.8,930.6,935.8,19945,"Tue, Sep 29, 2026"
Spandana Sphoorty Financial Limited,SPANDANA,"Mon, Aug 19, 2019",daily,228.35,231.3,225.1,226.67,96391,"Tue, Sep 29, 2026"
Sun Pharma Advanced Research Company Limited,SPARC,"Wed, Jul 18, 2007",daily,204.5,211.0,203.3,208.85,1452486,"Tue, Sep 29, 2026"
Spacenet Enterprises India Limited,SPCENET,"Tue, Jan 10, 2017",daily,3.23,3.36,3.15,3.19,569986,"Tue, Sep 29, 2026"
Spencer's Retail Limited,SPENCERS,"Fri, Jan 25, 2019",daily,27.41,27.99,27.06,27.4,21309,"Tue, Sep 29, 2026"
Southern Petrochemicals Industries Corporation  Limited,SPIC,"Wed, Jan 10, 1996",daily,62.53,63.9,62.06,63.47,215758,"Tue, Sep 29, 2026"
SPL Industries Limited,SPLIL,"Tue, Jul 26, 2005",daily,29.76,30.5,29.6,29.89,1527,"Tue, Sep 29, 2026"
Supreme Petrochem Limited,SPLPETRO,"Tue, May 24, 2022",daily,867.0,881.9,820.05,831.85,902463,"Tue, Sep 29, 2026"
SPML Infra Limited,SPMLINFRA,"Wed, Feb 14, 1996",daily,160.0,165.0,158.98,162.07,105856,"Tue, Sep 29, 2026"
Sportking India Limited,SPORTKING,"Wed, Aug 24, 2022",daily,208.0,213.9,203.31,212.16,247793,"Tue, Sep 29, 2026"
Shankar Lal Rampal Dye-Chem Limited,SRD,"Wed, Oct 09, 2024",daily,39.05,39.5,37.98,38.78,27031,"Tue, Sep 29, 2026"
SRF Limited,SRF,"Mon, Aug 18, 2003",daily,2491.8,2498.7,2417.9,2420.1,290746,"Tue, Sep 29, 2026"
SRG Housing Finance Limited,SRGHFL,"Mon, Aug 21, 2023",daily,137.2,139.45,135.05,138.7,3048,"Tue, Sep 29, 2026"
Sree Rayalaseema Hi-Strength Hypo Limited,SRHHYPOLTD,"Tue, May 08, 2007",daily,570.0,595.95,560.1,575.5,37670,"Tue, Sep 29, 2026"
SRM Contractors Limited,SRM,"Wed, Apr 03, 2024",daily,408.55,415.2,400.4,408.25,37125,"Tue, Sep 29, 2026"
Shree Ram Twistex Limited,SRTL,"Mon, Mar 02, 2026",daily,37.75,38.0,36.5,37.35,12493,"Tue, Sep 29, 2026"
Saraswati Saree Depot Limited,SSDL,"Tue, Aug 20, 2024",daily,86.52,86.78,82.19,83.92,411654,"Tue, Sep 29, 2026"
SS Retail Limited,SSRETAIL,"Wed, Sep 23, 2026",daily,742.15,775.75,691.0,746.85,16835075,"Tue, Sep 29, 2026"
Steel Strips Wheels Limited,SSWL,"Mon, Jun 06, 2005",daily,390.85,404.7,378.6,400.65,2695286,"Tue, Sep 29, 2026"
Stanley Lifestyles Limited,STANLEY,"Fri, Jun 28, 2024",daily,133.35,145.0,133.34,137.58,340920,"Tue, Sep 29, 2026"
Strides Pharma Science Limited,STAR,"Wed, Feb 02, 2000",daily,1143.1,1182.5,1131.0,1172.6,229635,"Tue, Sep 29, 2026"
Star Cement Limited,STARCEMENT,"Fri, Jun 16, 2017",daily,182.33,182.33,175.2,178.1,649952,"Tue, Sep 29, 2026"
Star Health and Allied Insurance Company Limited,STARHEALTH,"Fri, Dec 10, 2021",daily,550.0,561.65,535.9,538.1,631624,"Tue, Sep 29, 2026"
Star Paper Mills Limited,STARPAPER,"Wed, Sep 13, 1995",daily,152.0,153.8,150.0,153.03,7247,"Tue, Sep 29, 2026"
Starteck Finance Limited,STARTECK,"Wed, May 04, 2022",daily,340.0,350.0,315.6,335.4,57813,"Tue, Sep 29, 2026"
The State Trading Corporation of India Limited,STCINDIA,"Tue, Apr 01, 2003",daily,107.7,107.95,105.0,106.98,12618,"Tue, Sep 29, 2026"
Steamhouse India Limited,STEAMHOUSE,"Thu, Sep 17, 2026",daily,107.52,114.0,106.0,110.86,4482102,"Tue, Sep 29, 2026"
Steelcast Limited,STEELCAS,"Tue, Nov 23, 2021",daily,368.0,380.6,363.1,371.8,208433,"Tue, Sep 29, 2026"
Steel City Securities Limited,STEELCITY,"Thu, Jun 27, 2019",daily,80.52,82.39,80.52,82.18,3684,"Tue, Sep 29, 2026"
STEEL EXCHANGE INDIA LIMITED,STEELXIND,"Thu, Jul 20, 2017",daily,11.11,11.29,10.94,11.19,4198763,"Tue, Sep 29, 2026"
Stel Holdings Limited,STEL,"Wed, Feb 09, 2011",daily,611.8,618.45,592.75,597.95,1691,"Tue, Sep 29, 2026"
Sterling Tools Limited,STERTOOLS,"Thu, Feb 02, 2006",daily,226.0,226.0,215.28,221.24,27442,"Tue, Sep 29, 2026"
STL Networks Limited,STLNETWORK,"Thu, Sep 04, 2025",daily,51.0,51.09,49.46,49.46,16727248,"Tue, Sep 29, 2026"
Steel Strips Infrastructures Limited,STLSTRINF,"Mon, Aug 17, 2026",daily,23.0,24.5,22.5,23.0,4936,"Tue, Sep 29, 2026"
Stove Kraft Limited,STOVEKRAFT,"Fri, Feb 05, 2021",daily,796.0,820.1,795.0,813.65,55896,"Tue, Sep 29, 2026"
Studds Accessories Limited,STUDDS,"Fri, Nov 07, 2025",daily,400.0,400.0,395.0,395.65,27815,"Tue, Sep 29, 2026"
Seshaasai Technologies Limited,STYL,"Tue, Sep 30, 2025",daily,373.75,383.35,360.3,368.8,243419,"Tue, Sep 29, 2026"
Stylam Industries Limited,STYLAMIND,"Mon, Aug 02, 2021",daily,3281.3,3410.0,3252.1,3336.4,99369,"Tue, Sep 29, 2026"
Baazar Style Retail Limited,STYLEBAAZA,"Fri, Sep 06, 2024",daily,395.15,407.95,385.0,405.0,2149007,"Tue, Sep 29, 2026"
Styrenix Performance Materials Limited,STYRENIX,"Wed, Mar 29, 1995",daily,2035.4,2035.4,1969.7,2000.8,85384,"Tue, Sep 29, 2026"
Subex Limited,SUBEXLTD,"Thu, Nov 05, 2020",daily,20.31,20.65,19.73,20.35,8281592,"Tue, Sep 29, 2026"
Subros Limited,SUBROS,"Wed, Jul 13, 2005",daily,702.65,712.7,689.0,702.2,45674,"Tue, Sep 29, 2026"
Sudarshan Colorants India Limited,SUDARCOLOR,"Wed, Jun 14, 1995",daily,394.9,394.9,380.55,383.7,1632,"Tue, Sep 29, 2026"
Sudarshan Chemical Industries Limited,SUDARSCHEM,"Thu, May 25, 1995",daily,1205.0,1209.8,1166.5,1197.3,146487,"Tue, Sep 29, 2026"
Sudeep Pharma Limited,SUDEEPPHRM,"Fri, Nov 28, 2025",daily,1138.8,1195.7,1138.8,1195.2,314140,"Tue, Sep 29, 2026"
Sukhjit Starch & Chemicals Limited,SUKHJITS,"Mon, Nov 07, 2022",daily,159.05,159.84,156.69,157.95,7250,"Tue, Sep 29, 2026"
Sula Vineyards Limited,SULA,"Thu, Dec 22, 2022",daily,133.5,135.0,131.55,131.77,176993,"Tue, Sep 29, 2026"
Sumedha Fiscal Services Limited,SUMEDHA,"Mon, Aug 17, 2026",daily,43.92,45.03,43.0,43.63,394,"Tue, Sep 29, 2026"
Sumeet Industries Limited,SUMEETINDS,"Fri, Dec 10, 2010",daily,11.28,11.5,11.06,11.2,655070,"Tue, Sep 29, 2026"
Sumitomo Chemical India Limited,SUMICHEM,"Mon, Jan 27, 2020",daily,435.0,435.1,424.6,431.15,221398,"Tue, Sep 29, 2026"
Sumit Woods Limited,SUMIT,"Tue, Jul 30, 2019",daily,51.0,51.0,47.07,49.97,19588,"Tue, Sep 29, 2026"
Summit Securities Limited,SUMMITSEC,"Fri, Jan 28, 2011",daily,1352.7,1352.7,1312.1,1322.6,1753,"Tue, Sep 29, 2026"
Sundaram Clayton Limited,SUNCLAY,"Fri, Dec 29, 2023",daily,1245.2,1272.0,1228.0,1231.5,6088,"Tue, Sep 29, 2026"
Sundaram Multi Pap Limited,SUNDARAM,"Wed, Jun 02, 2010",daily,1.13,1.15,1.1,1.1,586450,"Tue, Sep 29, 2026"
Sundaram Finance Limited,SUNDARMFIN,"Wed, Jan 07, 1998",daily,4462.8,4462.8,4310.1,4334.8,51607,"Tue, Sep 29, 2026"
Sundaram Brake Linings Limited,SUNDRMBRAK,"Wed, Jul 17, 1996",daily,681.0,694.5,669.0,671.75,1060,"Tue, Sep 29, 2026"
Sundram Fasteners Limited,SUNDRMFAST,"Wed, Jun 07, 2000",daily,1169.8,1170.9,1132.8,1143.2,696456,"Tue, Sep 29, 2026"
Sundrop Brands Limited,SUNDROP,"Fri, Dec 06, 2002",daily,734.0,753.0,715.95,750.75,23591,"Tue, Sep 29, 2026"
Sunflag Iron And Steel Company Limited,SUNFLAG,"Thu, Sep 29, 2005",daily,459.4,469.0,435.15,464.3,2158845,"Tue, Sep 29, 2026"
Sunil Healthcare Limited,SUNLOC,"Mon, Aug 17, 2026",daily,68.0,68.0,68.0,68.0,2,"Tue, Sep 29, 2026"
Sun Pharmaceutical Industries Limited,SUNPHARMA,"Wed, Feb 08, 1995",daily,1853.9,1865.0,1836.6,1865.0,3083083,"Tue, Sep 29, 2026"
Sunrakshakk Industries India Limited,SUNRAKSHAK,"Mon, Aug 17, 2026",daily,366.9,368.3,357.0,365.6,4961,"Tue, Sep 29, 2026"
Sunshield Chemicals Limited,SUNSHIEL,"Mon, Aug 17, 2026",daily,1134.9,1139.0,1080.0,1087.5,3514,"Tue, Sep 29, 2026"
Sunshine Pictures Limited,SUNSHINE,"Tue, Aug 25, 2026",daily,449.85,457.05,431.4,445.05,1277165,"Tue, Sep 29, 2026"
Sunteck Realty Limited,SUNTECK,"Fri, Nov 13, 2009",daily,276.0,285.45,268.55,280.3,327510,"Tue, Sep 29, 2026"
Sun TV Network Limited,SUNTV,"Mon, Apr 24, 2006",daily,519.6,559.95,510.45,553.25,3444850,"Tue, Sep 29, 2026"
Superhouse Limited,SUPERHOUSE,"Fri, Sep 26, 2014",daily,160.77,164.87,159.0,159.9,1609,"Tue, Sep 29, 2026"
Suprajit Engineering Limited,SUPRAJIT,"Fri, Feb 18, 2005",daily,481.2,495.0,475.55,492.1,94276,"Tue, Sep 29, 2026"
Supreme Holdings & Hospitality (India) Limited,SUPREME,"Mon, Feb 03, 2025",daily,30.2,31.75,29.06,29.77,58980,"Tue, Sep 29, 2026"
Supreme Industries Limited,SUPREMEIND,"Wed, Jul 19, 1995",daily,3499.0,3499.0,3444.0,3445.8,129446,"Tue, Sep 29, 2026"
Supreme Infrastructure India Limited,SUPREMEINF,"Thu, Oct 18, 2007",daily,82.4,82.4,76.16,77.83,32183,"Tue, Sep 29, 2026"
Supriya Lifescience Limited,SUPRIYA,"Tue, Dec 28, 2021",daily,986.0,1019.8,971.0,985.05,548198,"Tue, Sep 29, 2026"
Suraj Estate Developers Limited,SURAJEST,"Tue, Dec 26, 2023",daily,217.89,217.89,207.01,209.06,102634,"Tue, Sep 29, 2026"
Suraj Limited,SURAJLTD,"Thu, Aug 29, 2024",daily,198.0,198.01,193.02,193.14,1326,"Tue, Sep 29, 2026"
Suraksha Diagnostic Limited,SURAKSHA,"Fri, Dec 06, 2024",daily,343.5,359.4,340.0,355.05,88441,"Tue, Sep 29, 2026"
Surana Solar Limited,SURANASOL,"Fri, Jan 07, 2011",daily,24.83,25.01,24.3,24.51,46832,"Tue, Sep 29, 2026"
Surana Telecom and Power Limited,SURANAT&P,"Wed, May 22, 2002",daily,15.89,16.0,15.52,15.87,28165,"Tue, Sep 29, 2026"
Suryalata Spinning Mills Limited,SURYALA,"Mon, Apr 20, 2026",daily,382.0,387.7,376.05,376.65,309,"Tue, Sep 29, 2026"
Suryalakshmi Cotton Mills Limited,SURYALAXMI,"Wed, Jun 15, 2005",daily,57.0,57.56,56.11,56.63,770,"Tue, Sep 29, 2026"
Surya Roshni Limited,SURYAROSNI,"Wed, May 10, 1995",daily,220.0,224.89,218.55,220.75,377814,"Tue, Sep 29, 2026"
Suryoday Small Finance Bank Limited,SURYODAY,"Fri, Mar 26, 2021",daily,145.22,146.18,143.33,144.68,140702,"Tue, Sep 29, 2026"
Suven Life Sciences Limited,SUVEN,"Thu, Oct 23, 2003",daily,321.6,331.8,320.0,324.75,1068199,"Tue, Sep 29, 2026"
Suvidhaa Infoserve Limited,SUVIDHAA,"Wed, Mar 31, 2021",daily,2.2,2.26,2.02,2.09,169861,"Tue, Sep 29, 2026"
Suyog Telematics Limited,SUYOG,"Tue, Aug 20, 2024",daily,643.8,710.0,625.8,689.95,60550,"Tue, Sep 29, 2026"
Suzlon Energy Limited,SUZLON,"Wed, Oct 19, 2005",daily,39.66,39.87,38.9,39.5,61795397,"Tue, Sep 29, 2026"
S V Global Mill Limited,SVGLOBAL,"Mon, Aug 17, 2026",daily,157.0,157.0,142.0,143.2,1243,"Tue, Sep 29, 2026"
Shree Vasu Logistics Limited,SVLL,"Fri, Apr 21, 2023",daily,821.35,828.0,810.0,813.35,39361,"Tue, Sep 29, 2026"
SVP GLOBAL TEXTILES LIMITED,SVPGLOB,"Wed, Jul 14, 2021",daily,3.15,3.28,3.01,3.15,52099,"Tue, Sep 29, 2026"
SWAN CORP LIMITED,SWANCORP,"Tue, May 29, 2012",daily,288.75,289.5,282.5,284.05,542922,"Tue, Sep 29, 2026"
Swaraj Engines Limited,SWARAJENG,"Wed, Dec 06, 1995",daily,3552.5,3561.8,3527.0,3548.2,5922,"Tue, Sep 29, 2026"
Swarnsarita Jewels India Limited,SWARNSAR,"Mon, Aug 17, 2026",daily,38.6,43.9,38.0,41.29,13331,"Tue, Sep 29, 2026"
Swelect Energy Systems Limited,SWELECTES,"Tue, May 09, 2006",daily,592.15,592.15,572.0,582.65,7730,"Tue, Sep 29, 2026"
Swiggy Limited,SWIGGY,"Wed, Nov 13, 2024",daily,255.5,255.95,251.0,253.7,13619762,"Tue, Sep 29, 2026"
Sterling and Wilson Renewable Energy Limited,SWSOLAR,"Tue, Aug 20, 2019",daily,170.1,171.63,168.2,171.08,708082,"Tue, Sep 29, 2026"
Symbiotec Pharmalab Limited,SYMBIOTEC,"Tue, Sep 01, 2026",daily,1051.0,1149.85,1045.05,1144.2,2887817,"Tue, Sep 29, 2026"
Symphony Limited,SYMPHONY,"Wed, Jun 15, 2011",daily,586.0,589.85,574.6,580.4,41970,"Tue, Sep 29, 2026"
Syncom Formulations (India) Limited,SYNCOMF,"Fri, Nov 18, 2022",daily,22.46,26.64,22.03,26.18,237186557,"Tue, Sep 29, 2026"
Syngene International Limited,SYNGENE,"Tue, Aug 11, 2015",daily,376.0,376.95,365.0,367.2,582282,"Tue, Sep 29, 2026"
Syrma SGS Technology Limited,SYRMA,"Fri, Aug 26, 2022",daily,1745.0,1746.4,1685.0,1692.6,1111808,"Tue, Sep 29, 2026"
Taal Tech Limited,TAALTECH,"Mon, Apr 20, 2026",daily,1084.9,1084.9,1025.0,1044.4,31867,"Tue, Sep 29, 2026"
Tainwala Chemical and Plastic (I) Limited,TAINWALCHM,"Thu, Jul 27, 1995",daily,205.1,209.0,202.51,205.36,1735,"Tue, Sep 29, 2026"
Taj GVK Hotels & Resorts Limited,TAJGVK,"Wed, Dec 20, 2000",daily,316.2,319.0,310.8,316.55,38238,"Tue, Sep 29, 2026"
TAKE Limited,TAKE,"Mon, Aug 27, 2007",daily,14.01,14.01,14.01,14.01,53056,"Tue, Sep 29, 2026"
Talbros Automotive Components Limited,TALBROAUTO,"Fri, Sep 29, 2006",daily,437.85,447.4,431.1,433.2,261069,"Tue, Sep 29, 2026"
Taneja Aerospace & Aviation Limited,TANAA,"Mon, Aug 17, 2026",daily,355.6,365.0,326.9,335.0,53123,"Tue, Sep 29, 2026"
Tanla Platforms Limited,TANLA,"Fri, Jan 05, 2007",daily,497.7,498.4,488.45,490.65,273875,"Tue, Sep 29, 2026"
Tara Chand InfraLogistic Solutions Limited,TARACHAND,"Tue, Apr 16, 2024",daily,47.51,49.0,46.5,47.27,62680,"Tue, Sep 29, 2026"
Tarapur Transformers Limited,TARAPUR,"Tue, May 18, 2010",daily,11.87,12.4,10.8,12.03,23557,"Tue, Sep 29, 2026"
TARC Limited,TARC,"Fri, Dec 18, 2020",daily,127.24,128.92,125.33,127.02,308230,"Tue, Sep 29, 2026"
Transformers And Rectifiers (India) Limited,TARIL,"Fri, Dec 28, 2007",daily,272.0,275.85,266.6,272.85,1066716,"Tue, Sep 29, 2026"
Tarmat Limited,TARMAT,"Mon, Jul 09, 2007",daily,55.0,59.4,55.0,57.03,19634,"Tue, Sep 29, 2026"
Tarsons Products Limited,TARSONS,"Fri, Nov 26, 2021",daily,339.9,342.0,327.55,330.35,116179,"Tue, Sep 29, 2026"
Tasty Bite Eatables Limited,TASTYBITE,"Thu, Mar 23, 2017",daily,9665.0,9665.0,9491.0,9611.0,1178,"Tue, Sep 29, 2026"
Tata Capital Limited,TATACAP,"Mon, Oct 13, 2025",daily,326.0,333.3,321.55,331.35,3110270,"Tue, Sep 29, 2026"
Tata Chemicals Limited,TATACHEM,"Thu, Apr 01, 1999",daily,632.5,640.5,609.8,613.85,3290504,"Tue, Sep 29, 2026"
Tata Communications Limited,TATACOMM,"Wed, Apr 12, 1995",daily,1642.2,1674.1,1630.0,1654.7,215427,"Tue, Sep 29, 2026"
TATA CONSUMER PRODUCTS LIMITED,TATACONSUM,"Wed, Nov 18, 1998",daily,961.7,969.0,953.9,967.7,2410899,"Tue, Sep 29, 2026"
Tata Elxsi Limited,TATAELXSI,"Wed, Sep 17, 2003",daily,3190.0,3211.7,3106.1,3211.7,522063,"Tue, Sep 29, 2026"
TATAAML-TATAGOLD,TATAGOLD,,daily,14.21,14.25,14.1,14.19,46258772,"Tue, Sep 29, 2026"
Tata Investment Corporation Limited,TATAINVEST,"Wed, Jun 24, 1998",daily,635.0,637.0,621.1,625.45,508671,"Tue, Sep 29, 2026"
Tata Power Company Limited,TATAPOWER,"Wed, Apr 03, 1996",daily,358.0,360.7,353.95,359.0,10743181,"Tue, Sep 29, 2026"
Tata Steel Limited,TATASTEEL,"Wed, Nov 18, 1998",daily,184.78,189.0,184.24,188.0,28159048,"Tue, Sep 29, 2026"
Tata Technologies Limited,TATATECH,"Thu, Nov 30, 2023",daily,701.5,706.2,683.7,686.75,584827,"Tue, Sep 29, 2026"
TATAAML-TATSILV,TATSILV,,daily,21.3,21.37,21.16,21.25,27646459,"Tue, Sep 29, 2026"
Tatva Chintan Pharma Chem Limited,TATVA,"Thu, Jul 29, 2021",daily,1768.0,1830.0,1727.4,1806.4,88197,"Tue, Sep 29, 2026"
TBO Tek Limited,TBOTEK,"Wed, May 15, 2024",daily,1650.0,1698.3,1633.0,1684.7,113052,"Tue, Sep 29, 2026"
TCC Concept Limited,TCC,"Wed, Feb 25, 2026",daily,49.2,50.82,48.18,50.09,319661,"Tue, Sep 29, 2026"
Transport Corporation of India Limited,TCI,"Mon, Jan 21, 2002",daily,867.2,880.0,846.0,868.7,426394,"Tue, Sep 29, 2026"
TCI Express Limited,TCIEXP,"Thu, Dec 15, 2016",daily,499.2,583.2,495.25,531.85,5534726,"Tue, Sep 29, 2026"
TCI Finance Limited,TCIFINANCE,"Wed, May 21, 1997",daily,14.75,15.3,14.02,14.48,13901,"Tue, Sep 29, 2026"
TCPL Packaging Limited,TCPLPACK,"Tue, Oct 17, 2017",daily,3999.9,4202.2,3826.0,4117.4,13649,"Tue, Sep 29, 2026"
Tata Consultancy Services Limited,TCS,"Wed, Aug 25, 2004",daily,2065.0,2085.1,2032.4,2032.4,4437783,"Tue, Sep 29, 2026"
TD Power Systems Limited,TDPOWERSYS,"Thu, Sep 08, 2011",daily,719.0,799.0,714.0,777.35,7602887,"Tue, Sep 29, 2026"
Team India Guaranty Limited,TEAMGTY,"Tue, Jun 11, 2002",daily,242.95,242.95,235.0,235.0,640,"Tue, Sep 29, 2026"
Teamlease Services Limited,TEAMLEASE,"Fri, Feb 12, 2016",daily,1144.0,1163.9,1117.9,1148.6,27808,"Tue, Sep 29, 2026"
BIRLASLAMC - TECH,TECH,,daily,30.9,32.0,30.3,31.29,40531,"Tue, Sep 29, 2026"
Tech Mahindra Limited,TECHM,"Mon, Aug 28, 2006",daily,1542.3,1557.5,1510.5,1510.5,3218354,"Tue, Sep 29, 2026"
Technocraft Ventures Limited,TECHNOCRAF,"Fri, Aug 14, 2026",daily,478.5,492.0,477.0,480.85,1003368,"Tue, Sep 29, 2026"
Techno Electric & Engineering Company Limited,TECHNOE,"Tue, Dec 04, 2018",daily,979.9,1027.6,966.2,1010.15,271404,"Tue, Sep 29, 2026"
TechNVision Ventures Limited,TECHNVISN,"Mon, Apr 20, 2026",daily,3966.0,3989.0,3799.5,3896.5,174,"Tue, Sep 29, 2026"
TECIL Chemicals and Hydro Power Limited,TECILCHEM,"Wed, Dec 06, 1995",daily,9.8,9.8,8.92,9.21,7526,"Tue, Sep 29, 2026"
Tega Industries Limited,TEGA,"Mon, Dec 13, 2021",daily,2013.4,2089.9,1988.6,2060.6,342283,"Tue, Sep 29, 2026"
Tejas Networks Limited,TEJASNET,"Tue, Jun 27, 2017",daily,491.1,495.9,480.65,490.4,1223062,"Tue, Sep 29, 2026"
Tembo Global Industries Limited,TEMBO,"Fri, Apr 23, 2021",daily,57.75,58.51,57.0,57.99,680807,"Tue, Sep 29, 2026"
Tempsens Instruments (India) Limited,TEMPSENS,"Fri, Aug 28, 2026",daily,531.1,549.0,524.0,529.3,1354439,"Tue, Sep 29, 2026"
Tenneco Clean Air India Limited,TENNIND,"Wed, Nov 19, 2025",daily,503.9,513.5,498.5,508.6,903915,"Tue, Sep 29, 2026"
Terai Tea Company Limited,TERAI,"Mon, Aug 17, 2026",daily,115.8,115.8,115.8,115.8,1,"Tue, Sep 29, 2026"
Tera Software Limited,TERASOFT,"Thu, Dec 29, 2016",daily,215.0,225.0,206.0,209.25,31347,"Tue, Sep 29, 2026"
Texmaco Infrastructure & Holdings Limited,TEXINFRA,"Thu, Sep 09, 2004",daily,116.0,116.8,114.71,115.54,40220,"Tue, Sep 29, 2026"
Texmo Pipes and Products Limited,TEXMOPIPES,"Wed, Mar 10, 2010",daily,55.5,55.51,52.3,53.72,154189,"Tue, Sep 29, 2026"
Texmaco Rail & Engineering Limited,TEXRAIL,"Thu, Mar 03, 2011",daily,123.1,126.95,120.28,125.67,3055571,"Tue, Sep 29, 2026"
Tourism Finance Corporation of India Limited,TFCILTD,"Wed, Jul 26, 2000",daily,139.68,141.43,138.2,138.92,18454638,"Tue, Sep 29, 2026"
Transwarranty Finance Limited,TFL,"Mon, Feb 26, 2007",daily,11.65,11.89,11.47,11.64,2822,"Tue, Sep 29, 2026"
TGB Banquets And Hotels Limited,TGBHOTELS,"Thu, May 17, 2007",daily,9.16,9.34,9.09,9.13,20980,"Tue, Sep 29, 2026"
TGV Sraac Limited,TGVSL,"Mon, Aug 17, 2026",daily,121.89,125.0,117.51,122.47,923146,"Tue, Sep 29, 2026"
Thacker & Company Limited,THACKER,"Mon, Apr 20, 2026",daily,999.0,1085.0,975.0,996.8,18,"Tue, Sep 29, 2026"
Thakkers Developers Limited,THAKDEV,"Mon, Apr 20, 2026",daily,135.0,137.0,135.0,135.0,21,"Tue, Sep 29, 2026"
Thangamayil Jewellery Limited,THANGAMAYL,"Fri, Feb 19, 2010",daily,5010.0,5262.0,4916.5,5204.5,177094,"Tue, Sep 29, 2026"
The Investment Trust Of India Limited,THEINVEST,"Wed, Aug 02, 2017",daily,93.0,94.86,90.0,90.53,9698,"Tue, Sep 29, 2026"
Thejo Engineering Limited,THEJO,"Tue, Oct 10, 2023",daily,2158.2,2169.9,2086.2,2110.3,9710,"Tue, Sep 29, 2026"
Leela Palaces Hotels & Resorts Limited,THELEELA,"Mon, Jun 02, 2025",daily,549.45,572.15,522.15,533.6,1415534,"Tue, Sep 29, 2026"
Themis Medicare Limited,THEMISMED,"Mon, Apr 02, 2007",daily,118.0,121.04,116.02,119.95,106694,"Tue, Sep 29, 2026"
Thermax Limited,THERMAX,"Wed, Aug 30, 1995",daily,3369.0,3375.9,3269.1,3291.0,164479,"Tue, Sep 29, 2026"
Thomas Cook  (India)  Limited,THOMASCOOK,"Wed, Jun 07, 2000",daily,102.0,105.45,101.01,103.92,749468,"Tue, Sep 29, 2026"
Thomas Scott (India) Limited,THOMASCOTT,"Mon, Jan 30, 2012",daily,255.0,270.5,244.55,250.35,143024,"Tue, Sep 29, 2026"
Thyrocare Technologies Limited,THYROCARE,"Mon, May 09, 2016",daily,549.95,555.55,545.0,547.1,105491,"Tue, Sep 29, 2026"
Tilaknagar Industries Limited,TI,"Fri, Jul 16, 2010",daily,560.0,562.0,550.0,550.85,606083,"Tue, Sep 29, 2026"
Tiger Logistics (India) Limited,TIGERLOGS,"Thu, Sep 18, 2025",daily,27.16,27.16,25.8,26.17,80402,"Tue, Sep 29, 2026"
Technocraft Industries (India) Limited,TIIL,"Mon, Feb 12, 2007",daily,2920.4,2980.5,2914.6,2926.4,24064,"Tue, Sep 29, 2026"
Tube Investments of India Limited,TIINDIA,"Thu, Nov 02, 2017",daily,2455.3,2455.3,2397.8,2413.0,392266,"Tue, Sep 29, 2026"
Time Technoplast Limited,TIMETECHNO,"Wed, Jun 13, 2007",daily,183.25,185.9,180.94,183.92,4160921,"Tue, Sep 29, 2026"
Timex Group India Limited,TIMEX,"Mon, Apr 20, 2026",daily,702.65,747.0,683.1,729.1,986170,"Tue, Sep 29, 2026"
Timken India Limited,TIMKEN,"Tue, Feb 06, 2007",daily,3180.6,3213.8,3065.0,3086.2,51275,"Tue, Sep 29, 2026"
Tinna Rubber and Infrastructure Limited,TINNARUBR,"Thu, Apr 17, 2025",daily,954.9,968.85,919.45,955.2,37917,"Tue, Sep 29, 2026"
Tips Films Limited,TIPSFILMS,"Thu, Oct 06, 2022",daily,345.0,369.4,335.1,339.55,38117,"Tue, Sep 29, 2026"
Tips Music Limited,TIPSMUSIC,"Fri, Nov 10, 2000",daily,657.35,659.0,639.2,647.2,276147,"Tue, Sep 29, 2026"
Thirumalai Chemicals Limited,TIRUMALCHM,"Wed, May 14, 2003",daily,155.01,157.29,150.0,152.39,355416,"Tue, Sep 29, 2026"
TITAGARH RAIL SYSTEMS LIMITED,TITAGARH,"Mon, Apr 21, 2008",daily,817.0,829.75,808.15,819.35,308740,"Tue, Sep 29, 2026"
Titan Company Limited,TITAN,"Fri, Sep 24, 2004",daily,4808.0,4818.5,4675.0,4675.0,1188414,"Tue, Sep 29, 2026"
Tamilnad Mercantile Bank Limited,TMB,"Thu, Sep 15, 2022",daily,861.75,871.65,845.1,863.55,169572,"Tue, Sep 29, 2026"
Tata Motors Limited,TMCV,"Wed, Nov 12, 2025",daily,430.6,434.8,426.5,430.15,4991805,"Tue, Sep 29, 2026"
Tata Motors Passenger Vehicles Limited,TMPV,"Wed, Jul 22, 1998",daily,279.0,281.4,272.2,280.95,18903507,"Tue, Sep 29, 2026"
TATAAML - TNIDETF,TNIDETF,,daily,86.22,86.22,83.2,83.49,67094,"Tue, Sep 29, 2026"
Tamilnadu PetroProducts Limited,TNPETRO,"Wed, Oct 27, 1999",daily,125.61,128.28,123.0,125.67,826447,"Tue, Sep 29, 2026"
Tamil Nadu Newsprint & Papers Limited,TNPL,"Wed, Feb 14, 1996",daily,146.22,152.9,143.78,151.8,327768,"Tue, Sep 29, 2026"
Tamilnadu Telecommunication Limited,TNTELE,"Tue, Feb 04, 2003",daily,13.5,14.26,13.11,14.26,510371,"Tue, Sep 29, 2026"
Tokyo Plast International Limited,TOKYOPLAST,"Wed, Oct 11, 1995",daily,74.3,74.9,72.0,73.5,1109,"Tue, Sep 29, 2026"
Tolins Tyres Limited,TOLINS,"Mon, Sep 16, 2024",daily,86.2,86.99,85.0,86.21,36061,"Tue, Sep 29, 2026"
ZERODHAAMC - TOP100CASE,TOP100CASE,,daily,10.27,10.27,9.98,10.05,1278984,"Tue, Sep 29, 2026"
DSPAMC - TOP10ADD,TOP10ADD,,daily,82.6,83.45,81.96,82.71,235506,"Tue, Sep 29, 2026"
ICICIPRAMC - TOP15IETF,TOP15IETF,,daily,9.16,9.29,9.11,9.18,143643,"Tue, Sep 29, 2026"
MIRAEAMC - TOP20,TOP20,,daily,8.43,8.43,8.36,8.39,74222,"Tue, Sep 29, 2026"
Torrent Pharmaceuticals Limited,TORNTPHARM,"Mon, Nov 25, 2002",daily,4884.5,4948.0,4833.5,4894.0,725626,"Tue, Sep 29, 2026"
Torrent Power Limited,TORNTPOWER,"Tue, Nov 28, 2006",daily,1237.3,1243.9,1211.5,1220.2,224598,"Tue, Sep 29, 2026"
Touchwood Entertainment Limited,TOUCHWOOD,"Tue, Jan 21, 2020",daily,59.7,60.0,58.12,59.99,1035,"Tue, Sep 29, 2026"
Toyam Sports Limited,TOYAMSL,"Mon, Aug 17, 2026",daily,0.75,0.77,0.74,0.74,1663494,"Tue, Sep 29, 2026"
TPL Plastech Limited,TPLPLASTEH,"Wed, May 20, 2015",daily,64.1,67.5,63.15,65.26,97097,"Tue, Sep 29, 2026"
Tracxn Technologies Limited,TRACXN,"Thu, Oct 20, 2022",daily,32.98,33.0,31.7,32.94,229392,"Tue, Sep 29, 2026"
Transcorp International Limited,TRANSCOR,"Mon, Aug 17, 2026",daily,24.39,24.9,23.52,23.85,6605,"Tue, Sep 29, 2026"
Transrail Lighting Limited,TRANSRAILL,"Fri, Dec 27, 2024",daily,451.95,459.0,437.3,451.65,766338,"Tue, Sep 29, 2026"
Travel Food Services Limited,TRAVELFOOD,"Mon, Jul 14, 2025",daily,1213.5,1213.5,1171.0,1196.6,356445,"Tue, Sep 29, 2026"
Tree House Education & Accessories Limited,TREEHOUSE,"Fri, Aug 26, 2011",daily,5.88,5.93,5.46,5.81,19318,"Tue, Sep 29, 2026"
TREJHARA SOLUTIONS LIMITED,TREJHARA,"Fri, Dec 28, 2018",daily,144.95,144.95,132.98,135.7,44520,"Tue, Sep 29, 2026"
Transindia Real Estate Limited,TREL,"Thu, Aug 10, 2023",daily,28.89,28.94,27.7,28.4,112132,"Tue, Sep 29, 2026"
Trent Limited,TRENT,"Mon, Jun 07, 2004",daily,2626.0,2642.7,2580.4,2635.0,1548590,"Tue, Sep 29, 2026"
TRF Limited,TRF,"Fri, Mar 26, 2010",daily,210.07,210.73,202.0,202.9,24268,"Tue, Sep 29, 2026"
Trident Limited,TRIDENT,"Wed, Feb 21, 2001",daily,22.93,22.99,22.28,22.49,3025645,"Tue, Sep 29, 2026"
Trigyn Technologies Limited,TRIGYN,"Thu, Apr 09, 1998",daily,53.6,53.8,52.34,53.03,30084,"Tue, Sep 29, 2026"
Triton Valves Limited,TRITONV,"Mon, Aug 17, 2026",daily,1080.4,1093.3,1060.1,1075.4,967,"Tue, Sep 29, 2026"
Triveni Turbine Limited,TRITURBINE,"Fri, Oct 28, 2011",daily,547.0,550.85,535.8,543.55,643808,"Tue, Sep 29, 2026"
Triveni Engineering & Industries Limited,TRIVENI,"Tue, Dec 13, 2005",daily,242.0,243.75,236.95,239.15,773286,"Tue, Sep 29, 2026"
TruCap Finance Limited,TRU,"Tue, Jun 20, 2023",daily,4.06,4.18,4.05,4.06,50438,"Tue, Sep 29, 2026"
TruAlt Bioenergy Limited,TRUALT,"Fri, Oct 03, 2025",daily,459.9,464.0,452.7,458.4,258126,"Tue, Sep 29, 2026"
TSF INVESTMENTS LIMITED,TSFINV,"Mon, Mar 26, 2018",daily,434.7,435.95,412.6,421.45,522272,"Tue, Sep 29, 2026"
TTK Healthcare Limited,TTKHLTCARE,"Wed, Dec 02, 2015",daily,1016.6,1042.6,1000.0,1033.7,10420,"Tue, Sep 29, 2026"
TTK Prestige Limited,TTKPRESTIG,"Wed, Dec 22, 1999",daily,515.35,551.5,515.35,533.75,484427,"Tue, Sep 29, 2026"
T T Limited,TTL,"Thu, Feb 22, 2007",daily,7.33,8.25,7.12,7.71,878500,"Tue, Sep 29, 2026"
Tata Teleservices (Maharashtra) Limited,TTML,"Fri, Oct 20, 2000",daily,35.71,35.9,33.93,35.18,11819456,"Tue, Sep 29, 2026"
Turtlemint Fintech Solutions Limited,TURTLEMINT,"Mon, Jun 29, 2026",daily,84.0,84.05,78.8,79.52,2538324,"Tue, Sep 29, 2026"
Tuticorin Alkali Chemicals & Fertilizers Limited,TUTIALKA,"Mon, Aug 17, 2026",daily,55.0,55.85,52.56,54.74,7605,"Tue, Sep 29, 2026"
TVS Electronics Limited,TVSELECT,"Fri, Dec 26, 2003",daily,378.85,379.65,367.1,374.3,25816,"Tue, Sep 29, 2026"
TVS Holdings Limited,TVSHLTD,"Tue, Oct 23, 2012",daily,12436.0,12497.0,12050.0,12298.0,10491,"Tue, Sep 29, 2026"
TVS Motor Company Limited,TVSMOTOR,"Wed, Aug 02, 2000",daily,4075.0,4149.0,4037.2,4091.1,765737,"Tue, Sep 29, 2026"
TVS Supply Chain Solutions Limited,TVSSCS,"Wed, Aug 23, 2023",daily,128.3,132.62,125.74,131.3,838113,"Tue, Sep 29, 2026"
TVS Srichakra Limited,TVSSRICHAK,"Tue, Feb 13, 2007",daily,4445.0,4495.0,4370.0,4435.0,5321,"Tue, Sep 29, 2026"
TV Today Network Limited,TVTODAY,"Fri, Jan 16, 2004",daily,105.2,106.75,102.0,103.84,13158,"Tue, Sep 29, 2026"
WEALTH - TWCGOLDETF,TWCGOLDETF,,daily,145.89,145.89,144.96,145.45,24430,"Tue, Sep 29, 2026"
United Breweries Limited,UBL,"Mon, Jul 28, 2008",daily,1213.0,1228.2,1169.5,1210.2,116267,"Tue, Sep 29, 2026"
UCO Bank,UCOBANK,"Thu, Oct 09, 2003",daily,23.4,23.45,22.97,23.05,4035725,"Tue, Sep 29, 2026"
Uday Jewellery Industries Limited,UDAYJEW,"Fri, Sep 25, 2026",daily,173.03,173.03,166.0,168.37,19048,"Tue, Sep 29, 2026"
Updater Services Limited,UDS,"Wed, Oct 04, 2023",daily,207.84,208.98,202.56,207.79,53770,"Tue, Sep 29, 2026"
Ujaas Energy Limited,UEL,"Tue, Apr 16, 2024",daily,193.6,193.6,183.05,184.75,11518,"Tue, Sep 29, 2026"
UFLEX Limited,UFLEX,"Wed, Aug 23, 1995",daily,640.15,660.9,636.8,647.7,162208,"Tue, Sep 29, 2026"
UFO Moviez India Limited,UFO,"Thu, May 14, 2015",daily,58.99,60.48,56.3,58.93,64364,"Tue, Sep 29, 2026"
The Ugar Sugar Works Limited,UGARSUGAR,"Mon, Aug 23, 2010",daily,62.0,62.41,57.2,57.81,1013983,"Tue, Sep 29, 2026"
Ugro Capital Limited,UGROCAP,"Wed, Aug 11, 2021",daily,80.53,82.19,79.2,81.07,434421,"Tue, Sep 29, 2026"
Ujjivan Small Finance Bank Limited,UJJIVANSFB,"Thu, Dec 12, 2019",daily,63.05,65.4,62.56,65.26,12425218,"Tue, Sep 29, 2026"
UltraTech Cement Limited,ULTRACEMCO,"Tue, Aug 24, 2004",daily,11010.0,11027.0,10826.0,10829.0,514924,"Tue, Sep 29, 2026"
Ultramarine & Pigments Limited,ULTRAMAR,"Mon, Apr 20, 2026",daily,423.9,423.9,412.3,418.5,18454,"Tue, Sep 29, 2026"
Usha Martin Education & Solutions Limited,UMESLTD,"Mon, Jul 12, 2010",daily,4.71,4.71,4.35,4.41,14937,"Tue, Sep 29, 2026"
UMIYA BUILDCON LIMITED,UMIYA-MRO,"Wed, Nov 01, 2000",daily,97.46,97.9,94.42,94.8,9754,"Tue, Sep 29, 2026"
Unichem Laboratories Limited,UNICHEMLAB,"Wed, Feb 07, 2001",daily,537.0,608.0,530.0,568.4,4127586,"Tue, Sep 29, 2026"
United Drilling Tools Limited,UNIDT,"Fri, Sep 25, 2020",daily,229.31,234.59,222.68,229.83,29891,"Tue, Sep 29, 2026"
Unicommerce Esolutions Limited,UNIECOM,"Tue, Aug 13, 2024",daily,82.81,83.16,81.01,82.45,161740,"Tue, Sep 29, 2026"
Uniphos Enterprises Limited,UNIENTER,"Fri, Jan 23, 2004",daily,89.07,91.98,88.67,89.01,7461,"Tue, Sep 29, 2026"
Uniinfo Telecom Services Limited,UNIINFO,"Wed, Jan 12, 2022",daily,11.1,11.3,11.0,11.08,1610,"Tue, Sep 29, 2026"
Unimech Aerospace and Manufacturing Limited,UNIMECH,"Tue, Dec 31, 2024",daily,1622.0,1710.0,1591.6,1675.0,595622,"Tue, Sep 29, 2026"
Union Bank of India,UNIONBANK,"Tue, Sep 24, 2002",daily,172.0,172.44,166.0,166.0,19452924,"Tue, Sep 29, 2026"
UNIONAMC - UNIONGOLD,UNIONGOLD,,daily,143.65,143.65,141.7,143.0,4431,"Tue, Sep 29, 2026"
Uniparts India Limited,UNIPARTS,"Mon, Dec 12, 2022",daily,837.1,847.5,829.55,843.55,47603,"Tue, Sep 29, 2026"
United Spirits Limited,UNITDSPR,"Thu, Sep 27, 2001",daily,1408.0,1414.2,1356.1,1363.0,8761343,"Tue, Sep 29, 2026"
Unitech Limited,UNITECH,"Wed, Sep 08, 1999",daily,3.95,4.0,3.81,3.92,3452169,"Tue, Sep 29, 2026"
United Polyfab Gujarat Limited,UNITEDPOLY,"Fri, Dec 31, 2021",daily,46.23,47.1,45.0,46.87,136680,"Tue, Sep 29, 2026"
The United Nilgiri Tea Estates Company Limited,UNITEDTEA,"Wed, Jan 28, 2015",daily,425.1,429.65,421.05,421.6,2379,"Tue, Sep 29, 2026"
Universal Cables Limited,UNIVCABLES,"Wed, May 17, 1995",daily,1427.1,1479.9,1404.4,1468.4,81266,"Tue, Sep 29, 2026"
UNO Minda Limited,UNOMINDA,"Fri, Feb 02, 2007",daily,1173.3,1179.0,1149.5,1162.0,546120,"Tue, Sep 29, 2026"
U P Hotels Limited,UPHOT,"Mon, Aug 17, 2026",daily,1515.0,1530.0,1515.0,1530.0,35,"Tue, Sep 29, 2026"
UPL Limited,UPL,"Fri, Jan 23, 2004",daily,546.0,547.55,532.6,538.0,3270756,"Tue, Sep 29, 2026"
Urban Company Limited,URBANCO,"Wed, Sep 17, 2025",daily,161.0,164.89,158.6,163.71,3747128,"Tue, Sep 29, 2026"
Urja Global Limited,URJA,"Tue, Mar 28, 2017",daily,8.75,9.0,8.55,8.9,675563,"Tue, Sep 29, 2026"
Usha Martin Limited,USHAMART,"Wed, Oct 11, 2000",daily,506.0,509.35,495.15,498.9,418393,"Tue, Sep 29, 2026"
Udayshivakumar Infra Limited,USK,"Mon, Apr 03, 2023",daily,19.7,20.21,19.06,19.57,21138,"Tue, Sep 29, 2026"
UTI Asset Management Company Limited,UTIAMC,"Mon, Oct 12, 2020",daily,895.0,907.9,872.05,877.6,119110,"Tue, Sep 29, 2026"
Utkarsh Small Finance Bank Limited,UTKARSHBNK,"Fri, Jul 21, 2023",daily,13.56,14.0,13.26,13.91,5856546,"Tue, Sep 29, 2026"
Fujiyama Power Systems Limited,UTLSOLAR,"Thu, Nov 20, 2025",daily,405.05,420.0,395.05,407.7,276123,"Tue, Sep 29, 2026"
Uttam Sugar Mills Limited,UTTAMSUGAR,"Mon, Apr 10, 2006",daily,293.65,293.9,284.0,290.8,181656,"Tue, Sep 29, 2026"
V2 Retail Limited,V2RETAIL,"Wed, Jul 04, 2007",daily,211.93,211.93,207.0,209.43,697065,"Tue, Sep 29, 2026"
Vadilal Industries Limited,VADILALIND,"Wed, Jun 15, 2011",daily,7440.0,7543.0,7224.0,7277.0,9371,"Tue, Sep 29, 2026"
Vadilal Enterprises Limited,VADILENT,"Mon, Aug 17, 2026",daily,10200.0,10200.0,10200.0,10200.0,2,"Tue, Sep 29, 2026"
Vaibhav Global Limited,VAIBHAVGBL,"Mon, Apr 05, 2004",daily,199.0,204.49,198.16,202.89,268287,"Tue, Sep 29, 2026"
Vaishali Pharma Limited,VAISHALI,"Wed, Jan 15, 2020",daily,8.6,8.94,8.33,8.39,239530,"Tue, Sep 29, 2026"
Vakrangee Limited,VAKRANGEE,"Mon, Apr 03, 2006",daily,5.27,5.27,5.08,5.18,869571,"Tue, Sep 29, 2026"
ICICIPRAMC - VAL30IETF,VAL30IETF,,daily,14.5,14.62,14.34,14.55,190527,"Tue, Sep 29, 2026"
Valiant Organics Limited,VALIANTORG,"Fri, Jul 23, 2021",daily,395.0,409.95,380.9,404.6,59107,"Tue, Sep 29, 2026"
MIRAEAMC - VALUE,VALUE,,daily,15.47,15.47,15.3,15.4,37094,"Tue, Sep 29, 2026"
AXISAMC-VALUEAXIS,VALUEAXIS,,daily,32.41,32.41,31.07,31.19,273820,"Tue, Sep 29, 2026"
Vedanta Aluminium Metal Limited,VAML,"Mon, Jun 15, 2026",daily,420.15,479.0,416.55,434.45,56303173,"Tue, Sep 29, 2026"
Vardhman Polytex Limited,VARDMNPOLY,"Mon, May 12, 2003",daily,5.96,6.09,5.45,5.81,311301,"Tue, Sep 29, 2026"
Varmora Granito Limited,VARMORA,"Tue, Sep 29, 2026",daily,155.0,163.77,148.1,152.19,51633016,"Tue, Sep 29, 2026"
Varroc Engineering Limited,VARROC,"Fri, Jul 06, 2018",daily,846.0,848.85,826.95,837.4,339439,"Tue, Sep 29, 2026"
Vascon Engineers Limited,VASCONEQ,"Mon, Feb 15, 2010",daily,35.05,35.23,33.01,33.97,707643,"Tue, Sep 29, 2026"
Vaswani Industries Limited,VASWANI,"Tue, Sep 20, 2011",daily,45.0,47.0,44.4,44.51,39639,"Tue, Sep 29, 2026"
Varun Beverages Limited,VBL,"Tue, Nov 08, 2016",daily,428.65,432.9,425.15,430.0,8308533,"Tue, Sep 29, 2026"
VEDAVAAG Systems Limited,VEDAVAAG,"Mon, Aug 17, 2026",daily,23.38,23.38,21.66,22.06,54384,"Tue, Sep 29, 2026"
Vedanta Limited,VEDL,"Wed, May 13, 1998",daily,259.0,260.5,256.1,260.0,9517563,"Tue, Sep 29, 2026"
Vedanta Power Limited,VEDPOWER,"Mon, Jun 15, 2026",daily,32.17,34.8,31.8,34.25,35097382,"Tue, Sep 29, 2026"
Veedol Corporation Limited,VEEDOL,"Tue, Jan 16, 2007",daily,1364.1,1366.1,1352.0,1356.5,6638,"Tue, Sep 29, 2026"
Venky's (India) Limited,VENKEYS,"Mon, Jul 28, 2003",daily,1625.0,1640.7,1599.0,1633.0,27001,"Tue, Sep 29, 2026"
Ventive Hospitality Limited,VENTIVE,"Mon, Dec 30, 2024",daily,556.0,563.4,548.8,559.85,20278,"Tue, Sep 29, 2026"
Venus Pipes & Tubes Limited,VENUSPIPES,"Tue, May 24, 2022",daily,2125.1,2225.0,2101.0,2195.8,163257,"Tue, Sep 29, 2026"
Venus Remedies Limited,VENUSREM,"Wed, Dec 20, 2006",daily,1629.8,1710.6,1629.8,1710.6,44957,"Tue, Sep 29, 2026"
Veranda Learning Solutions Limited,VERANDA,"Mon, Apr 11, 2022",daily,239.86,239.91,220.0,223.31,2104745,"Tue, Sep 29, 2026"
Vertoz Limited,VERTOZ,"Thu, May 14, 2020",daily,36.17,37.29,34.98,35.64,40122,"Tue, Sep 29, 2026"
Vesuvius India Limited,VESUVIUS,"Fri, Oct 04, 2002",daily,386.55,433.8,385.6,400.2,2664864,"Tue, Sep 29, 2026"
Veto Switchgears And Cables Limited,VETO,"Wed, Apr 29, 2015",daily,147.7,150.99,143.25,146.25,109301,"Tue, Sep 29, 2026"
Vibrant Global Capital Limited,VGCL,"Mon, Aug 17, 2026",daily,46.85,47.66,46.58,47.5,1959,"Tue, Sep 29, 2026"
VARVEE GLOBAL LIMITED,VGL,"Tue, Nov 21, 2006",daily,64.8,66.29,63.0,64.73,35195,"Tue, Sep 29, 2026"
V-Guard Industries Limited,VGUARD,"Thu, Mar 13, 2008",daily,305.4,310.65,302.8,307.05,269210,"Tue, Sep 29, 2026"
Vardhman Holdings Limited,VHL,"Thu, Jun 30, 2005",daily,3310.3,3366.7,3273.0,3305.3,284,"Tue, Sep 29, 2026"
Vidhi Specialty Food Ingredients Limited,VIDHIING,"Wed, Mar 02, 2016",daily,357.0,361.15,345.0,359.4,27204,"Tue, Sep 29, 2026"
Vidya Wires Limited,VIDYAWIRES,"Wed, Dec 10, 2025",daily,92.9,94.9,89.41,93.54,1523338,"Tue, Sep 29, 2026"
Vijaya Diagnostic Centre Limited,VIJAYA,"Tue, Sep 14, 2021",daily,1497.7,1512.9,1460.2,1475.0,80593,"Tue, Sep 29, 2026"
Vijay Solvex Limited,VIJSOLX,"Mon, Aug 17, 2026",daily,636.9,650.0,636.9,649.3,11,"Tue, Sep 29, 2026"
Vikas EcoTech Limited,VIKASECO,"Mon, Dec 12, 2011",daily,1.03,1.04,1.01,1.02,2234550,"Tue, Sep 29, 2026"
Vikas Lifecare Limited,VIKASLIFE,"Wed, May 08, 2019",daily,1.22,1.24,1.21,1.21,1887874,"Tue, Sep 29, 2026"
Vikram Solar Limited,VIKRAMSOLR,"Tue, Aug 26, 2025",daily,163.92,164.99,160.0,160.05,4651540,"Tue, Sep 29, 2026"
Vikran Engineering Limited,VIKRAN,"Wed, Sep 03, 2025",daily,57.25,63.0,56.5,60.88,6766925,"Tue, Sep 29, 2026"
Vimta Labs Limited,VIMTALABS,"Thu, Dec 15, 2005",daily,585.0,599.0,583.05,591.4,171430,"Tue, Sep 29, 2026"
Vinati Organics Limited,VINATIORGA,"Tue, Jul 28, 2009",daily,1195.0,1210.9,1172.4,1174.3,67018,"Tue, Sep 29, 2026"
Vintage Coffee And Beverages Limited,VINCOFE,"Fri, Oct 18, 2024",daily,179.0,184.0,174.68,182.56,1354650,"Tue, Sep 29, 2026"
Vindhya Telelinks Limited,VINDHYATEL,"Wed, Feb 08, 1995",daily,2592.1,2691.5,2508.1,2653.3,59364,"Tue, Sep 29, 2026"
Vineet Laboratories Limited,VINEETLAB,"Tue, Jun 15, 2021",daily,35.89,37.08,34.85,36.72,917482,"Tue, Sep 29, 2026"
Vinny Overseas Limited,VINNY,"Mon, Nov 28, 2022",daily,0.91,0.92,0.89,0.9,301852,"Tue, Sep 29, 2026"
Vinyl Chemicals (India) Limited,VINYLINDIA,"Mon, Jul 21, 2008",daily,215.5,221.8,212.0,214.68,11038,"Tue, Sep 29, 2026"
VIP Clothing Limited,VIPCLOTHNG,"Mon, Aug 06, 2007",daily,21.78,21.8,20.21,20.44,34950,"Tue, Sep 29, 2026"
VIP Industries Limited,VIPIND,"Wed, Mar 02, 2005",daily,295.65,296.8,289.15,293.2,126136,"Tue, Sep 29, 2026"
Virat Industries Limited,VIRAT,"Mon, Aug 17, 2026",daily,365.0,374.9,331.6,340.2,8054,"Tue, Sep 29, 2026"
Virinchi Limited,VIRINCHI,"Wed, May 03, 2023",daily,13.72,14.0,13.16,13.37,78601,"Tue, Sep 29, 2026"
VISA Chrome Limited,VISACHROME,"Fri, Mar 17, 2006",daily,33.36,35.02,31.81,35.02,1571547,"Tue, Sep 29, 2026"
Vishal Fabrics Limited,VISHAL,"Mon, Aug 17, 2026",daily,17.78,18.2,17.25,17.92,37725,"Tue, Sep 29, 2026"
Vishnu Chemicals Limited,VISHNU,"Thu, Mar 05, 2015",daily,688.05,696.8,669.8,673.9,153858,"Tue, Sep 29, 2026"
Vishwaraj Sugar Industries Limited,VISHWARAJ,"Tue, Oct 15, 2019",daily,5.43,5.43,5.24,5.26,206295,"Tue, Sep 29, 2026"
Vedanta Iron and Steel Limited,VISL,"Mon, Jun 15, 2026",daily,31.4,32.99,31.1,32.85,21043260,"Tue, Sep 29, 2026"
Vital Chemtech Limited,VITAL,"Wed, Mar 11, 2026",daily,53.5,53.9,51.5,52.82,5574,"Tue, Sep 29, 2026"
Viviana Power Tech Limited,VIVIANA,"Tue, Jun 02, 2026",daily,709.3,724.95,700.0,704.7,16300,"Tue, Sep 29, 2026"
Visagar Polytex Limited,VIVIDHA,"Tue, May 21, 2013",daily,0.52,0.53,0.51,0.52,325093,"Tue, Sep 29, 2026"
Vivo Bio Tech Limited,VIVOBIOT,"Mon, Aug 17, 2026",daily,17.44,17.44,16.11,17.05,39020,"Tue, Sep 29, 2026"
Viyash Scientific Limited,VIYASH,"Thu, Mar 10, 2016",daily,239.5,245.9,235.8,238.05,4039716,"Tue, Sep 29, 2026"
VL E-Governance & IT Solutions Limited,VLEGOV,"Mon, Aug 14, 2023",daily,10.33,10.44,10.15,10.2,41646,"Tue, Sep 29, 2026"
VLS Finance Limited,VLSFINANCE,"Thu, May 25, 1995",daily,237.38,237.4,230.9,234.96,7305,"Tue, Sep 29, 2026"
V-Mart Retail Limited,VMART,"Wed, Feb 20, 2013",daily,766.4,769.8,748.65,760.05,65456,"Tue, Sep 29, 2026"
Vishal Mega Mart Limited,VMM,"Wed, Dec 18, 2024",daily,100.81,104.3,98.0,104.3,15659999,"Tue, Sep 29, 2026"
VMS TMT Limited,VMSTMT,"Wed, Sep 24, 2025",daily,48.02,49.99,48.02,48.99,105910,"Tue, Sep 29, 2026"
Virtuoso Optoelectronics Limited,VOEPL,"Wed, Jul 01, 2026",daily,495.15,511.95,491.9,497.95,45543,"Tue, Sep 29, 2026"
Vedanta Oil and Gas Limited,VOGL,"Mon, Jun 15, 2026",daily,33.3,34.35,32.93,33.96,40629240,"Tue, Sep 29, 2026"
Voith Paper Fabrics India Limited,VOITHPAPR,"Mon, Aug 17, 2026",daily,1435.0,1460.5,1405.5,1408.2,242,"Tue, Sep 29, 2026"
Voltamp Transformers Limited,VOLTAMP,"Wed, Sep 20, 2006",daily,10513.0,10669.0,10443.0,10624.0,10908,"Tue, Sep 29, 2026"
Voltas Limited,VOLTAS,"Wed, Apr 12, 1995",daily,1135.2,1137.9,1090.0,1090.0,1279969,"Tue, Sep 29, 2026"
Vishnu Prakash R Punglia Limited,VPRPL,"Tue, Sep 05, 2023",daily,31.0,32.8,28.89,28.99,2626247,"Tue, Sep 29, 2026"
Vraj Iron and Steel Limited,VRAJ,"Wed, Jul 03, 2024",daily,125.53,127.69,123.2,125.16,11399,"Tue, Sep 29, 2026"
VRL Logistics Limited,VRLLOG,"Thu, Apr 30, 2015",daily,285.5,288.4,281.5,282.4,166349,"Tue, Sep 29, 2026"
Vardhman Special Steels Limited,VSSL,"Thu, May 17, 2012",daily,410.5,410.5,397.8,405.85,64367,"Tue, Sep 29, 2026"
VST Industries Limited,VSTIND,"Fri, Sep 05, 2003",daily,204.68,204.8,202.05,202.96,92063,"Tue, Sep 29, 2026"
Vibhor Steel Tubes Limited,VSTL,"Tue, Feb 20, 2024",daily,111.45,111.95,110.05,110.81,3440,"Tue, Sep 29, 2026"
V.S.T Tillers Tractors Limited,VSTTILLERS,"Mon, Jun 20, 2011",daily,4285.8,4488.0,4232.2,4427.4,9068,"Tue, Sep 29, 2026"
Vardhman Textiles Limited,VTL,"Tue, Jan 14, 2003",daily,540.5,545.2,526.7,529.55,501166,"Tue, Sep 29, 2026"
VTM Limited,VTMLTD,"Wed, Sep 23, 2026",daily,38.54,41.77,37.75,39.93,179086,"Tue, Sep 29, 2026"
Waaree Energies Limited,WAAREEENER,"Mon, Oct 28, 2024",daily,2455.0,2460.0,2380.0,2380.0,724573,"Tue, Sep 29, 2026"
Indosolar Limited,WAAREEINDO,"Wed, Sep 29, 2010",daily,218.6,221.4,208.45,210.65,172505,"Tue, Sep 29, 2026"
Waaree Renewable Technologies Limited,WAAREERTL,"Wed, Apr 09, 2025",daily,824.9,827.7,812.85,821.4,94415,"Tue, Sep 29, 2026"
VA Tech Wabag Limited,WABAG,"Wed, Oct 13, 2010",daily,1977.2,2099.8,1956.8,2093.8,703056,"Tue, Sep 29, 2026"
Wakefit Innovations Limited,WAKEFIT,"Mon, Dec 15, 2025",daily,139.01,145.1,136.7,144.06,435263,"Tue, Sep 29, 2026"
Walchandnagar Industries Limited,WALCHANNAG,"Wed, Sep 18, 1996",daily,202.15,206.23,198.95,203.24,432314,"Tue, Sep 29, 2026"
Wanbury Limited,WANBURY,"Mon, Jan 29, 2007",daily,221.8,229.95,216.05,216.95,242042,"Tue, Sep 29, 2026"
Wardwizard Innovations & Mobility Limited,WARDINMOBI,"Mon, Aug 17, 2026",daily,5.54,5.54,5.16,5.49,314645,"Tue, Sep 29, 2026"
Waterbase Limited,WATERBASE,"Mon, Aug 17, 2026",daily,44.16,50.3,44.16,46.86,47588,"Tue, Sep 29, 2026"
Western Carriers (India) Limited,WCIL,"Tue, Sep 24, 2024",daily,92.2,95.5,89.51,94.91,231054,"Tue, Sep 29, 2026"
Wealth First Portfolio Managers Limited,WEALTH,"Wed, Jan 20, 2021",daily,846.75,918.0,837.8,887.5,5500,"Tue, Sep 29, 2026"
Websol Energy System Limited,WEBELSOLAR,"Tue, May 15, 2007",daily,71.99,71.99,69.5,70.62,1776300,"Tue, Sep 29, 2026"
Weizmann Limited,WEIZMANIND,"Wed, May 10, 1995",daily,72.5,72.5,69.51,70.86,3367,"Tue, Sep 29, 2026"
Wonder Electricals Limited,WEL,"Mon, Jan 17, 2022",daily,73.75,74.94,71.0,72.57,346612,"Tue, Sep 29, 2026"
Welspun Corp Limited,WELCORP,"Tue, May 24, 2005",daily,2712.3,2900.0,2680.5,2842.0,3094471,"Tue, Sep 29, 2026"
Welspun Enterprises Limited,WELENT,"Thu, Nov 04, 2004",daily,749.5,769.5,736.05,744.3,531075,"Tue, Sep 29, 2026"
Welspun Specialty Solutions Limited,WELSPLSOL,"Mon, Apr 20, 2026",daily,53.11,54.46,52.35,52.69,344119,"Tue, Sep 29, 2026"
Welspun Living Limited,WELSPUNLIV,"Thu, Dec 04, 2003",daily,226.21,228.5,222.62,225.21,1833544,"Tue, Sep 29, 2026"
Wendt (India) Limited,WENDT,"Mon, Aug 07, 2006",daily,8490.5,8651.0,8340.0,8395.0,8552,"Tue, Sep 29, 2026"
WESTLIFE FOODWORLD LIMITED,WESTLIFE,"Mon, Jun 05, 2023",daily,579.85,602.0,570.2,596.6,286746,"Tue, Sep 29, 2026"
WE WIN LIMITED,WEWIN,"Wed, Jun 15, 2022",daily,48.59,48.59,47.5,48.1,2401,"Tue, Sep 29, 2026"
WeWork India Management Limited,WEWORK,"Fri, Oct 10, 2025",daily,645.65,679.8,641.3,667.15,204957,"Tue, Sep 29, 2026"
WH Brady & Company Limited,WHBRADY,"Mon, Aug 17, 2026",daily,491.0,491.0,491.0,491.0,2,"Tue, Sep 29, 2026"
Wheels India Limited,WHEELS,"Fri, Apr 07, 2000",daily,2300.0,2300.0,2191.0,2204.0,138348,"Tue, Sep 29, 2026"
Whirlpool of India Limited,WHIRLPOOL,"Tue, Apr 06, 2010",daily,912.55,912.55,873.0,888.2,1761949,"Tue, Sep 29, 2026"
Williamson Magor & Company Limited,WILLAMAGOR,"Wed, Feb 08, 1995",daily,23.45,23.45,21.21,22.31,4087,"Tue, Sep 29, 2026"
Windlas Biotech Limited,WINDLAS,"Mon, Aug 16, 2021",daily,1090.05,1123.95,1085.0,1096.25,109383,"Tue, Sep 29, 2026"
Windsor Machines Limited,WINDMACHIN,"Wed, Aug 17, 2011",daily,298.1,304.9,290.95,300.0,158312,"Tue, Sep 29, 2026"
The Western India Plywoods Limited,WIPL,"Mon, Apr 17, 2017",daily,166.7,169.9,163.22,163.72,418,"Tue, Sep 29, 2026"
Wipro Limited,WIPRO,"Wed, Nov 08, 1995",daily,161.0,162.43,156.79,156.79,164453787,"Tue, Sep 29, 2026"
Wockhardt Limited,WOCKPHARMA,"Wed, Feb 23, 2000",daily,2199.0,2255.0,2148.0,2194.2,1274737,"Tue, Sep 29, 2026"
Wonderla Holidays Limited,WONDERLA,"Fri, May 09, 2014",daily,504.0,504.95,491.25,501.45,43971,"Tue, Sep 29, 2026"
Worth Peripherals Limited,WORTHPERI,"Tue, Aug 04, 2020",daily,143.16,147.0,142.05,144.85,20329,"Tue, Sep 29, 2026"
WPIL Limited,WPIL,"Mon, Apr 20, 2026",daily,422.35,438.9,416.0,431.5,53460,"Tue, Sep 29, 2026"
W S Industries (I) Limited,WSI,"Wed, Aug 01, 2007",daily,55.97,56.31,55.11,55.62,8869,"Tue, Sep 29, 2026"
West Coast Paper Mills Limited,WSTCSTPAPR,"Wed, Jan 17, 2001",daily,724.0,724.9,694.0,703.45,169050,"Tue, Sep 29, 2026"
Xchanging Solutions Limited,XCHANGING,"Wed, Mar 09, 2005",daily,60.89,60.89,59.2,60.22,37926,"Tue, Sep 29, 2026"
Xelpmoc Design And Tech Limited,XELPMOC,"Mon, Feb 04, 2019",daily,89.2,91.9,83.56,85.53,34299,"Tue, Sep 29, 2026"
Xpro India Limited,XPROINDIA,"Tue, Apr 27, 2004",daily,1142.2,1170.0,1121.2,1160.4,43568,"Tue, Sep 29, 2026"
Xtglobal Infotech Limited,XTGLOBAL,"Mon, Sep 16, 2024",daily,29.0,31.0,29.0,29.43,25775,"Tue, Sep 29, 2026"
Xtranet Technologies Limited,XTRANET,"Thu, Jul 30, 2026",daily,285.97,285.97,271.48,271.48,730316,"Tue, Sep 29, 2026"
Yasho Industries Limited,YASHO,"Mon, Aug 21, 2023",daily,4100.0,4117.5,3965.0,4061.3,21869,"Tue, Sep 29, 2026"
Yatharth Hospital & Trauma Care Services Limited,YATHARTH,"Mon, Aug 07, 2023",daily,1091.0,1117.5,1085.0,1108.0,309227,"Tue, Sep 29, 2026"
Yatra Online Limited,YATRA,"Thu, Sep 28, 2023",daily,102.2,102.32,98.52,101.37,769697,"Tue, Sep 29, 2026"
Yes Bank Limited,YESBANK,"Tue, Jul 12, 2005",daily,21.18,21.33,20.71,20.71,137347987,"Tue, Sep 29, 2026"
Yogi Limited,YOGI,"Mon, Aug 17, 2026",daily,162.0,162.0,156.0,156.67,850,"Tue, Sep 29, 2026"
Yuken India Limited,YUKEN,"Thu, Sep 02, 2021",daily,1121.7,1141.0,1103.1,1130.7,15657,"Tue, Sep 29, 2026"
Zaggle Prepaid Ocean Services Limited,ZAGGLE,"Fri, Sep 22, 2023",daily,175.0,176.26,172.25,173.84,563415,"Tue, Sep 29, 2026"
Zee Entertainment Enterprises Limited,ZEEL,"Wed, Sep 09, 1998",daily,76.5,76.85,73.31,74.14,15872606,"Tue, Sep 29, 2026"
Zee Learn Limited,ZEELEARN,"Mon, Dec 20, 2010",daily,6.78,6.85,6.01,6.25,562426,"Tue, Sep 29, 2026"
Zee Media Corporation Limited,ZEEMEDIA,"Wed, Jan 10, 2007",daily,7.29,7.3,7.01,7.18,936126,"Tue, Sep 29, 2026"
Zenith Exports Limited,ZENITHEXPO,"Wed, Jul 10, 1996",daily,203.0,203.0,193.4,199.53,53,"Tue, Sep 29, 2026"
Zenith Steel Pipes & Industries Limited,ZENITHSTL,"Mon, Apr 30, 2007",daily,5.22,5.23,5.03,5.19,78952,"Tue, Sep 29, 2026"
Zensar Technologies Limited,ZENSARTECH,"Wed, Jul 09, 2003",daily,436.9,438.9,427.5,429.0,677413,"Tue, Sep 29, 2026"
Zen Technologies Limited,ZENTEC,"Mon, Mar 30, 2015",daily,1642.0,1649.2,1606.0,1619.8,305781,"Tue, Sep 29, 2026"
ZF Commercial Vehicle Control Systems India Limited,ZFCVINDIA,"Wed, Oct 01, 2008",daily,2325.0,2331.4,2285.0,2297.8,85803,"Tue, Sep 29, 2026"
ZF Steering Gear (India) Limited,ZFSTEERING,"Mon, Apr 20, 2026",daily,750.0,750.0,708.65,710.85,3274,"Tue, Sep 29, 2026"
Zim Laboratories Limited,ZIMLAB,"Fri, Nov 25, 2022",daily,137.55,138.1,132.0,134.89,123508,"Tue, Sep 29, 2026"
Zodiac Energy Limited,ZODIAC,"Tue, Dec 14, 2021",daily,227.99,227.99,201.35,208.6,44250,"Tue, Sep 29, 2026"
Zodiac Clothing Company Limited,ZODIACLOTH,"Wed, Sep 27, 1995",daily,68.05,69.99,68.01,68.23,1648,"Tue, Sep 29, 2026"
Zota Health Care LImited,ZOTA,"Mon, Aug 19, 2019",daily,1315.6,1346.9,1291.0,1300.2,53539,"Tue, Sep 29, 2026"
Saraswati Commercial India Limited,ZSARACOM,"Mon, Apr 20, 2026",daily,10058.0,10299.0,9834.0,10233.0,30,"Tue, Sep 29, 2026"
Zuari Agro Chemicals Limited,ZUARI,"Tue, Nov 27, 2012",daily,215.4,222.47,213.16,221.66,56240,"Tue, Sep 29, 2026"
ZUARI INDUSTRIES LIMITED,ZUARIIND,"Wed, Apr 12, 1995",daily,278.5,283.85,272.55,281.85,56493,"Tue, Sep 29, 2026"
Zydus Lifesciences Limited,ZYDUSLIFE,"Tue, Apr 18, 2000",daily,1217.6,1232.1,1200.5,1200.5,2372609,"Tue, Sep 29, 2026"
Zydus Wellness Limited,ZYDUSWELL,"Fri, Nov 13, 2009",daily,523.55,528.8,503.05,506.1,308220,"Tue, Sep 29, 2026"
